adult,belongs_to_collection,budget,genres,homepage,id,imdb_id,original_language,original_title,overview,popularity,poster_path,production_companies,production_countries,release_date,revenue,runtime,spoken_languages,status,tagline,title,video,vote_average,vote_count
False,,0,"[{'id': 35, 'name': 'Comedy'}]",,6471,tt0079367,en,The Jerk,"After discovering he's not really black like the rest of his family, likable dimwit Navin Johnson runs off on a hilarious misadventure in this comedy classic that takes him from rags to riches and back to rags again. The slaphappy jerk strikes it rich, but life in the fast lane isn't all it's cracked up to be and, in the end, all that really matters to Johnson is his true love.",5.873021,/wb6mB6R9vscPhyAegbbNDFZUAIs.jpg,"[{'name': 'Universal Pictures', 'id': 33}, {'name': 'Aspen Film Society', 'id': 1951}]","[{'iso_3166_1': 'US', 'name': 'United States of America'}]",1979-12-14,73961419.0,94.0,"[{'iso_639_1': 'en', 'name': 'English'}]",Released,A rags to riches to rags story.,The Jerk,False,7.0,272.0
False,,0,"[{'id': 35, 'name': 'Comedy'}, {'id': 9648, 'name': 'Mystery'}]",,9442,tt0083798,en,Dead Men Don't Wear Plaid,"Juliet Forrest is convinced that the reported death of her father in a mountain car crash was no accident. Her father was a prominent cheese scientist working on a secret recipe. To prove it was murder, she enlists the services of private eye Rigby Reardon. He finds a slip of paper containing a list of people who are ""The Friends and Enemies of Carlotta.""",5.515136,/5mKbVUg4uqsRflKy20nIFN196mK.jpg,"[{'name': 'Universal Pictures', 'id': 33}, {'name': 'Aspen Film Society', 'id': 1951}]","[{'iso_3166_1': 'US', 'name': 'United States of America'}]",1982-05-21,18196170.0,89.0,"[{'iso_639_1': 'en', 'name': 'English'}]",Released,Laugh...or I’ll blow your lips off!,Dead Men Don't Wear Plaid,False,6.5,104.0
False,,10100000,"[{'id': 35, 'name': 'Comedy'}, {'id': 10749, 'name': 'Romance'}, {'id': 878, 'name': 'Science Fiction'}]",,11591,tt0085894,en,The Man with Two Brains,A story about a brain surgeon who tries to end his unhappy marriage to spend more time with a disembodied brain.,12.157229,/sz9dFO1EPOXPyx1B2BHhy28ANVd.jpg,"[{'name': 'Warner Bros.', 'id': 6194}]","[{'iso_3166_1': 'US', 'name': 'United States of America'}]",1983-06-10,0.0,93.0,"[{'iso_639_1': 'en', 'name': 'English'}]",Released,So funny you'll laugh your head off.,The Man with Two Brains,False,6.2,131.0
False,,0,"[{'id': 18, 'name': 'Drama'}]",,13697,tt0101969,en,Grand Canyon,Grand Canyon revolved around six residents from different backgrounds whose lives intertwine in modern-day Los Angeles. At the center of the film is the unlikely friendship of two men from different races and classes brought together when one finds himself in jeopardy in the other's rough neighborhood.,4.422985,/zRgzeFhX7NuAWNsMuAoLEKI1n0R.jpg,"[{'name': 'Twentieth Century Fox Film Corporation', 'id': 306}]","[{'iso_3166_1': 'US', 'name': 'United States of America'}]",1991-12-25,0.0,134.0,"[{'iso_639_1': 'en', 'name': 'English'}]",Released,,Grand Canyon,False,6.8,51.0
False,,10500000,"[{'id': 18, 'name': 'Drama'}, {'id': 27, 'name': 'Horror'}]",,19158,tt0099697,en,Graveyard Shift,"John Hall is a drifter who wanders into a small town in Maine. He needs a job and decides to seek employment at the community's top business: a large textile mill. He is hired to work the ""graveyard shift"" -- from around midnight to dawn -- and, along with a few others, he is charged with cleaning out the basement. This task strikes the workers as simple enough, but then, as they proceed deeper underground, they encounter an unspeakable monstrosity intent on devouring them all.",4.668541,/iGeeKNiYQNFSZOXic3Y1euhGY4S.jpg,"[{'name': 'Paramount Pictures', 'id': 4}, {'name': 'Graveyard Productions', 'id': 3826}, {'name': 'JVC Entertainment Networks', 'id': 4248}]","[{'iso_3166_1': 'JP', 'name': 'Japan'}, {'iso_3166_1': 'US', 'name': 'United States of America'}]",1990-10-26,11582891.0,89.0,"[{'iso_639_1': 'en', 'name': 'English'}]",Released,Stephen King took you to the edge with The Shining and Pet Sematary. This time... he pushes you over.,Graveyard Shift,False,4.5,52.0
False,,10000000,"[{'id': 80, 'name': 'Crime'}, {'id': 18, 'name': 'Drama'}]",,227,tt0086066,en,The Outsiders,"When two poor greasers, Johnny, and Ponyboy are assaulted by a vicious gang, the socs, and Johnny kills one of the attackers, tension begins to mount between the two rival gangs, setting off a turbulent chain of events.",6.435926,/35K8ItoRuD7i0VBqjj8bEX0Ct6E.jpg,"[{'name': 'American Zoetrope', 'id': 70}, {'name': 'Warner Bros.', 'id': 6194}]","[{'iso_3166_1': 'US', 'name': 'United States of America'}]",1983-03-25,33697647.0,91.0,"[{'iso_639_1': 'en', 'name': 'English'}]",Released,They grew up on the outside of society. They weren't looking for a fight. They were looking to belong.,The Outsiders,False,6.9,293.0
False,"{'id': 84, 'name': 'Indiana Jones Collection', 'poster_path': '/lpxDrACKJhbbGOlwVMNz5YCj6SI.jpg', 'backdrop_path': '/6kh59mZizZsttZPR0HAdXk6Ve2n.jpg'}",28000000,"[{'id': 12, 'name': 'Adventure'}, {'id': 28, 'name': 'Action'}]",http://www.indianajones.com,87,tt0087469,en,Indiana Jones and the Temple of Doom,"After arriving in India, Indiana Jones is asked by a desperate village to find a mystical stone. He agrees – and stumbles upon a secret cult plotting a terrible plan in the catacombs of an ancient palace.",15.802306,/f2nTRKk2zGdUTE7tLJ5EGGSuKA6.jpg,"[{'name': 'Lucasfilm', 'id': 1}, {'name': 'Paramount Pictures', 'id': 4}]","[{'iso_3166_1': 'US', 'name': 'United States of America'}]",1984-05-23,333000000.0,118.0,"[{'iso_639_1': 'en', 'name': 'English'}, {'iso_639_1': 'si', 'name': ''}]",Released,If adventure has a name... it must be Indiana Jones.,Indiana Jones and the Temple of Doom,False,7.1,2841.0
False,"{'id': 141290, 'name': 'The Lord of the Rings Animated Collection', 'poster_path': '/pQuazFOlGRdn2Lb3oWFJYPeASOc.jpg', 'backdrop_path': '/uUG532EWfyhtKDzsA0sLb1PsHhL.jpg'}",4000000,"[{'id': 14, 'name': 'Fantasy'}, {'id': 18, 'name': 'Drama'}, {'id': 16, 'name': 'Animation'}, {'id': 12, 'name': 'Adventure'}]",,123,tt0077869,en,The Lord of the Rings,The Fellowship of the Ring embark on a journey to destroy the One Ring and end Sauron's reign over Middle-earth.,7.914795,/1l3WpoF7TX9pOprX4XepCXjQXUV.jpg,"[{'name': 'United Artists', 'id': 60}, {'name': 'Fantasy Films', 'id': 286}]","[{'iso_3166_1': 'US', 'name': 'United States of America'}]",1978-11-15,30471420.0,132.0,"[{'iso_639_1': 'en', 'name': 'English'}]",Released,Fantasy...beyond your imagination,The Lord of the Rings,False,6.1,187.0
False,,0,"[{'id': 18, 'name': 'Drama'}, {'id': 10749, 'name': 'Romance'}, {'id': 878, 'name': 'Science Fiction'}]",,9314,tt0087803,en,Nineteen Eighty-Four,George Orwell's novel of a totalitarian future society in which a man whose daily work is rewriting history tries to rebel by falling in love.,11.513066,/asqIqgy3lywRhrVv6WCdcofNWH1.jpg,"[{'name': 'Umbrella-Rosenblum Film Production', 'id': 9998}, {'name': 'Atlantic Releasing Corporation', 'id': 18947}, {'name': 'Virgin Benelux', 'id': 86083}, {'name': 'Virgin Schallplatten', 'id': 86084}]","[{'iso_3166_1': 'GB', 'name': 'United Kingdom'}]",1984-10-10,0.0,113.0,"[{'iso_639_1': 'en', 'name': 'English'}]",Released,George Orwell's Terrifying Vision Comes To The Screen.,Nineteen Eighty-Four,False,6.8,311.0
False,,10000000,"[{'id': 27, 'name': 'Horror'}, {'id': 878, 'name': 'Science Fiction'}, {'id': 53, 'name': 'Thriller'}]",,11336,tt0085407,en,The Dead Zone,"Johnny Smith is a schoolteacher with his whole life ahead of him but, after leaving his fiancee's home one night, is involved in a car crash which leaves him in a coma for 5 years. When he wakes, he discovers he has an ability to see into the past, present and future life of anyone with whom he comes into physical contact.",11.194448,/bKpc5xO3o3DHDqaUJWMoVxgpJRM.jpg,"[{'name': 'Paramount Pictures', 'id': 4}, {'name': 'Lorimar Film Entertainment', 'id': 1176}, {'name': 'Dino De Laurentiis Company', 'id': 10308}]","[{'iso_3166_1': 'US', 'name': 'United States of America'}]",1983-10-21,20766616.0,103.0,"[{'iso_639_1': 'en', 'name': 'English'}, {'iso_639_1': 'ru', 'name': 'Pусский'}]",Released,"In his mind, he has the power to see the future. In his hands, he has the power to change it.",The Dead Zone,False,6.9,320.0
False,,10000000,"[{'id': 28, 'name': 'Action'}, {'id': 18, 'name': 'Drama'}, {'id': 27, 'name': 'Horror'}, {'id': 878, 'name': 'Science Fiction'}]",,9980,tt0091499,en,Maximum Overdrive,"When a comet passes close to the earth, machines all over the world come alive and go on homicidal rampages. A group of people at a desolate truck stop are held hostage by a gang of homicidal 18-wheelers. The frightened people set out to defeat the killer machines ... or be killed by them.",6.614078,/lgNXAQ1TlKEKzssbjcc5iEhs8mi.jpg,"[{'name': 'De Laurentiis Entertainment Group (DEG)', 'id': 484}]","[{'iso_3166_1': 'US', 'name': 'United States of America'}]",1986-07-25,7433663.0,97.0,"[{'iso_639_1': 'en', 'name': 'English'}]",Released,Stephen King's masterpiece of terror directed by the master himself.,Maximum Overdrive,False,5.5,170.0
False,,0,"[{'id': 18, 'name': 'Drama'}, {'id': 27, 'name': 'Horror'}]",,10657,tt0107665,en,Needful Things,"The devil in disguise comes to a quiet, peaceful town and opens a store called Needful Things. The store has an item for everyone in town. All the devil asks for in return is a few dirty pranks. Little do they know, that they've sold their souls, and the pranks escalate to murder.",10.560238,/bmNy8xYUVRige1r4jIgUxv8BnMF.jpg,"[{'name': 'New Line Cinema', 'id': 12}, {'name': 'Castle Rock Entertainment', 'id': 97}]","[{'iso_3166_1': 'US', 'name': 'United States of America'}]",1993-08-27,0.0,120.0,"[{'iso_639_1': 'en', 'name': 'English'}]",Released,Buy Now. Pay Later.,Needful Things,False,5.9,136.0
False,,5000000,"[{'id': 27, 'name': 'Horror'}, {'id': 53, 'name': 'Thriller'}]",,10489,tt0085382,en,Cujo,"A friendly St. Bernard named ""Cujo"" contracts rabies and conducts a reign of terror on a small American town.",7.065626,/ufczAHvnoGIXJo7sDo0OZK4LcwZ.jpg,"[{'name': 'TAFT Entertainment Pictures', 'id': 965}, {'name': 'Sunn Classic Pictures', 'id': 6177}]","[{'iso_3166_1': 'US', 'name': 'United States of America'}]",1983-08-10,21200000.0,91.0,"[{'iso_639_1': 'en', 'name': 'English'}, {'iso_639_1': 'hu', 'name': 'Magyar'}]",Released,Now there's a new name for terror...,Cujo,False,5.7,194.0
False,"{'id': 115225, 'name': 'Children of the Corn Collection', 'poster_path': '/v6auJblMcNxUmZx23mQXMHmzyY3.jpg', 'backdrop_path': '/g4aK8Up5zSegesJdMYbxDcndn20.jpg'}",800000,"[{'id': 18, 'name': 'Drama'}, {'id': 14, 'name': 'Fantasy'}, {'id': 27, 'name': 'Horror'}, {'id': 53, 'name': 'Thriller'}]",,10823,tt0087050,en,Children of the Corn,A boy preacher named Isaac goes to a town in Nebraska called Gatlin and gets all the children to murder every adult in town.,11.84696,/zH77CDSRPeYfZZJyyKSt84j62m8.jpg,"[{'name': 'Hal Roach Studios', 'id': 2159}, {'name': 'Cinema Group', 'id': 5093}, {'name': 'Planet Productions', 'id': 6562}, {'name': 'Angeles Entertainment Group', 'id': 12591}, {'name': 'Inverness Productions', 'id': 12592}, {'name': 'Gatlin', 'id': 52197}]","[{'iso_3166_1': 'US', 'name': 'United States of America'}]",1984-03-09,14000000.0,93.0,"[{'iso_639_1': 'en', 'name': 'English'}, {'iso_639_1': 'pt', 'name': 'Português'}, {'iso_639_1': 'es', 'name': 'Español'}]",Released,In their world adults are not allowed... to live.,Children of the Corn,False,5.6,243.0
False,"{'id': 140910, 'name': 'All Dogs Go to Heaven Collection', 'poster_path': '/yzuYenLnjAHbTPeu7DLAySbcNGi.jpg', 'backdrop_path': '/5JaMQn0PtPWGDIeGV8oqXSvJDKk.jpg'}",13800000,"[{'id': 18, 'name': 'Drama'}, {'id': 16, 'name': 'Animation'}, {'id': 10751, 'name': 'Family'}, {'id': 35, 'name': 'Comedy'}, {'id': 14, 'name': 'Fantasy'}]",,11497,tt0096787,en,All Dogs Go to Heaven,"When a casino owning dog named Charlie is murdered by his rival Carface, he finds himself in Heaven basically by default since all dogs go to heaven. However, since he wants to get back at his killer, he cons his way back to the living with the warning that doing that damns him to Hell. Once back, he teams with his old partner, Itchy to prep his retaliation. He also stumbles on to an orphan girl who can talk to the animals, thus allowing him to get the inside info on the races to ensure his wins to finance his plans. However, all the while, he is still haunted by nightmares on what's waiting for him on the other side unless he can prove that he is worthy of Heaven again.",7.068389,/fb6CRpryYQB5eqjohSnLbjHxJQK.jpg,"[{'name': 'United Artists', 'id': 60}, {'name': 'Goldcrest Films International', 'id': 500}, {'name': 'Sullivan Bluth Studios', 'id': 6422}]","[{'iso_3166_1': 'IE', 'name': 'Ireland'}, {'iso_3166_1': 'GB', 'name': 'United Kingdom'}, {'iso_3166_1': 'US', 'name': 'United States of America'}]",1989-11-17,27100027.0,89.0,"[{'iso_639_1': 'en', 'name': 'English'}]",Released,But not all dogs stay there!,All Dogs Go to Heaven,False,6.3,244.0
False,"{'id': 11716, 'name': 'Addams Family Collection', 'poster_path': '/iqAjYCir8x2fc8eeQ2k4qZqOMP1.jpg', 'backdrop_path': '/gS5yZLrSJ6uNbsz17xoxf70X2Ws.jpg'}",30000000,"[{'id': 27, 'name': 'Horror'}, {'id': 35, 'name': 'Comedy'}, {'id': 14, 'name': 'Fantasy'}]",,2907,tt0101272,en,The Addams Family,"Uncle Fester has been missing for 25 years. An evil doctor finds out and introduces a fake Fester in an attempt to get the Adams Family's money. The youngest daughter has some doubts about the new uncle Fester, but the fake uncle adapts very well to the strange family. Can the doctor carry out her evil plans and take over the Adams Family's fortune?",12.962525,/ajiQj0jbacMAmPxDU3fP9TeIfTi.jpg,"[{'name': 'Paramount Pictures', 'id': 4}, {'name': 'Orion Pictures', 'id': 41}, {'name': 'Scott Rudin Productions', 'id': 258}]","[{'iso_3166_1': 'US', 'name': 'United States of America'}]",1991-11-22,191502426.0,99.0,"[{'iso_639_1': 'en', 'name': 'English'}]",Released,Weird Is Relative,The Addams Family,False,6.7,871.0
False,,26000000,"[{'id': 18, 'name': 'Drama'}, {'id': 10749, 'name': 'Romance'}, {'id': 35, 'name': 'Comedy'}]",,9454,tt0120631,en,EverAfter,"A unique 16th century woman, Danielle possesses a love of books, and can easily quote from Sir Thomas More’s Utopia. An intriguing mix of tomboyish athleticism and physical beauty, she has more than enough charm to capture the heart of a prince ... after beaning him with an apple.",13.309701,/1ELrosU04wEbfmxK9wLBjdEECqm.jpg,"[{'name': 'Twentieth Century Fox Film Corporation', 'id': 306}]","[{'iso_3166_1': 'US', 'name': 'United States of America'}]",1998-07-31,65705772.0,121.0,"[{'iso_639_1': 'en', 'name': 'English'}]",Released,Desire. Defy. Escape.,Ever After: A Cinderella Story,False,6.8,408.0
False,,73000000,"[{'id': 80, 'name': 'Crime'}, {'id': 9648, 'name': 'Mystery'}]",,8688,tt0120832,en,Snake Eyes,"All bets are off when corrupt homicide cop Rick Santoro witnesses a murder during a boxing match. It's up to him and lifelong friend and naval intelligence agent Kevin Dunne to uncover the conspiracy behind the killing. At every turn, Santoro makes increasingly shocking discoveries that even he can't turn a blind eye to.",11.604533,/i49r4ycCQAoGh2esfnL57PWGNh.jpg,"[{'name': 'Paramount Pictures', 'id': 4}, {'name': 'DeBart', 'id': 2519}, {'name': 'Touchstone Pictures', 'id': 9195}, {'name': ""Mel's Cite du Cinema"", 'id': 54502}]","[{'iso_3166_1': 'CA', 'name': 'Canada'}, {'iso_3166_1': 'US', 'name': 'United States of America'}]",1998-08-07,103891409.0,98.0,"[{'iso_639_1': 'cs', 'name': 'Český'}, {'iso_639_1': 'en', 'name': 'English'}]",Released,Believe everything except your eyes.,Snake Eyes,False,5.8,331.0
False,,300000,"[{'id': 18, 'name': 'Drama'}]",,118452,tt0128214,en,"First Love, Last Rites",Joey and Sissel are two misfits spending most of their time together talking or having sex. Gradually and slowly their relationships are becoming boring for them.,0.546143,/wJYpcNbeRqEqPM52nIzBiPgCsgc.jpg,"[{'name': 'Forensic Films', 'id': 2813}, {'name': 'Toast Films', 'id': 40126}]","[{'iso_3166_1': 'US', 'name': 'United States of America'}]",1998-08-07,40542.0,94.0,"[{'iso_639_1': 'en', 'name': 'English'}]",Released,,"First Love, Last Rites",False,3.0,1.0
False,,0,"[{'id': 35, 'name': 'Comedy'}, {'id': 80, 'name': 'Crime'}]",,16155,tt0120813,en,Safe Men,"Two untalented singers are mistaken for a pair of major league safe crackers in Providence, Rhode Island. The two are pressed into service by the local hoodlums and quickly find themselves in conflict with their professional colleagues. Romantic interest is added by the daughter of the underworld leader who won't date the men she knows are gangsters.",3.383704,/VqGFoorATbqU41Pmhz5VwCrXM4.jpg,"[{'name': 'October Films', 'id': 236}, {'name': 'Andell Entertainment', 'id': 1683}, {'name': 'Blue Guitar Films', 'id': 40263}]","[{'iso_3166_1': 'US', 'name': 'United States of America'}]",1998-08-17,0.0,88.0,"[{'iso_639_1': 'en', 'name': 'English'}]",Released,Welcome to the world of disorganised crime.,Safe Men,False,6.3,17.0
False,,0,"[{'id': 99, 'name': 'Documentary'}, {'id': 10769, 'name': 'Foreign'}]",,48894,tt0120056,en,Die Salzmänner von Tibet,"Four men from a nomadic Tibetan tribe undertake their annual, ritualistic pilgrimage to a sacred salt lake. Salt gathered in this traditional fashion will be sold to provide the economic livelihood of the tribe for the coming year. The journey, necessary for the group's survival, also incorporates a number of rituals necessary for their culture to survive in the modern world.",0.113565,/yVgqD24O6aWeRjgNQrcij5tbglx.jpg,[],"[{'iso_3166_1': 'DE', 'name': 'Germany'}, {'iso_3166_1': 'CH', 'name': 'Switzerland'}]",1997-04-25,0.0,108.0,"[{'iso_639_1': 'bo', 'name': ''}, {'iso_639_1': 'de', 'name': 'Deutsch'}]",Released,,The Saltmen of Tibet,False,6.5,3.0
False,,7200000,"[{'id': 80, 'name': 'Crime'}, {'id': 18, 'name': 'Drama'}, {'id': 10749, 'name': 'Romance'}]",,23954,tt0080388,en,Atlantic City,"Lou (Burt Lancaster), a small time gangster who thinks he used to be something big, meets and falls for a sexy casino employee named Sally (Susan Sarandon). She needs his help realizing her dream of going to Monte Carlo, a symbol of the glamorous life that she has been looking for so desperately.",3.835188,/cTGhfa9MZOcVAmYHafOSYQAljfE.jpg,"[{'name': 'Paramount Pictures', 'id': 4}, {'name': 'Canadian Film Development Corporation (CFDC)', 'id': 4952}, {'name': 'Famous Players Limited', 'id': 16914}, {'name': 'Selta Films', 'id': 25762}, {'name': 'International Cinema Corporation (ICC)', 'id': 25765}, {'name': 'Cine-Neighbor', 'id': 25766}]","[{'iso_3166_1': 'CA', 'name': 'Canada'}, {'iso_3166_1': 'FR', 'name': 'France'}]",1980-09-02,12729678.0,104.0,"[{'iso_639_1': 'en', 'name': 'English'}, {'iso_639_1': 'fr', 'name': 'Français'}]",Released,"She made him become what he always wanted to be - a lover, a hero, a rich man...and a killer!",Atlantic City,False,6.7,58.0
False,,0,"[{'id': 10402, 'name': 'Music'}, {'id': 18, 'name': 'Drama'}]",,12761,tt0077711,sv,Höstsonaten,"After a seven-year absence, Charlotte Andergast travels to Sweden to reunite with her daughter Eva. The pair have a troubled relationship: Charlotte sacrificed the responsibilities of motherhood for a career as a classical pianist. Over an emotional night, the pair reopen the wounds of the past. Charlotte gets another shock when she finds out that her mentally impaired daughter, Helena, is out of the asylum and living with Eva.",4.850503,/2ZskjUMmMRhWSR781fDfuWE2kl2.jpg,"[{'name': 'Personafilm', 'id': 7447}, {'name': 'Incorporated Television Company (ITC)', 'id': 15980}, {'name': 'Filmédis', 'id': 17085}, {'name': 'Suede Film', 'id': 26239}]","[{'iso_3166_1': 'FR', 'name': 'France'}, {'iso_3166_1': 'DE', 'name': 'Germany'}, {'iso_3166_1': 'SE', 'name': 'Sweden'}]",1978-10-08,0.0,90.0,"[{'iso_639_1': 'en', 'name': 'English'}, {'iso_639_1': 'sv', 'name': 'svenska'}]",Released,,Autumn Sonata,False,7.8,83.0
False,,7500000,"[{'id': 18, 'name': 'Drama'}]",,396,tt0061184,en,Who's Afraid of Virginia Woolf?,Mike Nichols’ film from Edward Albee's play brought new themes to the film industry. Elizabeth Taylor and Richard Burton have never been more brilliant together as they portray an experienced married couple who love each other yet verbally attack one another when they see how boring their naïve newlywed guests have made their night.,5.564294,/meHvC3nTKd2jE4oSytADtGjR09l.jpg,"[{'name': 'Chenault Productions', 'id': 1684}]","[{'iso_3166_1': 'US', 'name': 'United States of America'}]",1966-06-21,33736689.0,131.0,"[{'iso_639_1': 'en', 'name': 'English'}, {'iso_639_1': 'la', 'name': 'Latin'}]",Released,You are cordially invited to George and Martha's for an evening of fun and games,Who's Afraid of Virginia Woolf?,False,7.8,199.0
False,,0,"[{'id': 53, 'name': 'Thriller'}, {'id': 35, 'name': 'Comedy'}, {'id': 80, 'name': 'Crime'}, {'id': 12, 'name': 'Adventure'}]",,14367,tt0092513,en,Adventures in Babysitting,"When plans with her boyfriend fall through, high school senior Chris Parker ends up babysitting the Anderson kids, Brad and Sara. What should be a quiet night in, however, turns into a series of ridiculous exploits, starting when they leave the house to pick up Chris' friend Brenda. Soon, Brad's buddy Daryl is involved, and the group must contend with car thieves, blues musicians and much more.",7.230508,/cYCpqHVoZvf5x4bO8EA68YBX1N.jpg,"[{'name': 'Silver Screen Partners III', 'id': 554}, {'name': 'Touchstone Pictures', 'id': 9195}]","[{'iso_3166_1': 'US', 'name': 'United States of America'}]",1987-07-01,34368475.0,102.0,"[{'iso_639_1': 'en', 'name': 'English'}]",Released,She thought babysitting was easy money - until she started hanging out with the Andersons.,Adventures in Babysitting,False,6.6,169.0
False,,0,"[{'id': 35, 'name': 'Comedy'}, {'id': 10749, 'name': 'Romance'}, {'id': 14, 'name': 'Fantasy'}]",,11814,tt0090305,en,Weird Science,"Two unpopular teenagers, Gary and Wyatt, fail at all attempts to be accepted by their peers. Their desperation to be liked leads them to ""create"" a woman via their computer. Their living and breathing creation is a gorgeous woman, Lisa, whose purpose is to boost their confidence level by putting them into situations which require Gary and Wyatt to act like men.",11.104542,/6sK6ywu1dgp3QrCsT6JclKTjV0Q.jpg,"[{'name': 'Universal Studios', 'id': 13}]","[{'iso_3166_1': 'US', 'name': 'United States of America'}]",1985-08-01,38934048.0,94.0,"[{'iso_639_1': 'en', 'name': 'English'}]",Released,"If you can't get a date, make one!",Weird Science,False,6.4,375.0
False,,18000000,"[{'id': 12, 'name': 'Adventure'}, {'id': 14, 'name': 'Fantasy'}, {'id': 35, 'name': 'Comedy'}, {'id': 10751, 'name': 'Family'}, {'id': 10402, 'name': 'Music'}, {'id': 10749, 'name': 'Romance'}]",,16081,tt0061584,en,Doctor Dolittle,"Get ready for the wildest adventure of a lifetime in the most ambitious production ever brought to film. Earning a 1967 Academy Award nomination for Best Picture, this dazzling fantasy turns both ordinary and exotic animals into talking, dancing and singing sensations! Rex Harrison is unforgettable in this inspiring adaptation of Hugh Lofting's classic stories.Step into the English country home of the good doctor as he performs remarkable treatments on the wildest variety of patients you could imagine. Discover his secret cures and watch with wide-eyed excitement as he and his four-legged, fine-feathered friends charm their way into your heart!",3.896319,/odRPCp8hurrZpdrnRXm5oqn1DjH.jpg,"[{'name': 'Twentieth Century Fox Film Corporation', 'id': 306}, {'name': 'APJAC Productions', 'id': 12943}]","[{'iso_3166_1': 'US', 'name': 'United States of America'}]",1967-12-19,9000000.0,152.0,"[{'iso_639_1': 'en', 'name': 'English'}, {'iso_639_1': 'ru', 'name': 'Pусский'}]",Released,Ride across the sea inside the GIANT PINK SEA SNAIL!,Doctor Dolittle,False,6.0,42.0
False,,0,"[{'id': 35, 'name': 'Comedy'}, {'id': 10751, 'name': 'Family'}, {'id': 10749, 'name': 'Romance'}, {'id': 878, 'name': 'Science Fiction'}]",,18331,tt0057372,en,The Nutty Professor,"Jerry Lewis directed, co-wrote and starred in this riotously funny movie that set a new standard for screen comedy and inspired the hit remake. Lewis plays a timid, nearsighted chemistry teacher who discovers a magical potion that can transform him into a suave and handsome Romeo. The Jekyll and Hyde game works well enough until the concoction starts to wear off at the most embarrassing times.",6.36551,/sqHQK1OhC3zZgJVpGhHt6AuRJfK.jpg,"[{'name': 'Paramount Pictures', 'id': 4}, {'name': 'Jerry Lewis Enterprises', 'id': 22745}]","[{'iso_3166_1': 'US', 'name': 'United States of America'}]",1963-06-04,0.0,107.0,"[{'iso_639_1': 'en', 'name': 'English'}, {'iso_639_1': 'fr', 'name': 'Français'}]",Released,What does he become? What kind of monster?,The Nutty Professor,False,6.6,90.0
False,"{'id': 263193, 'name': ""Charlotte's Web Collection"", 'poster_path': '/7sg3elvEwetbPtTbMwr9IuegAtD.jpg', 'backdrop_path': '/1FanC71rFOOJukt95FedjAI5iBk.jpg'}",0,"[{'id': 16, 'name': 'Animation'}, {'id': 18, 'name': 'Drama'}, {'id': 10751, 'name': 'Family'}]",,15171,tt0070016,en,Charlotte's Web,"Wilbur the pig is scared of the end of the season, because he knows that come that time, he will end up on the dinner table. He hatches a plan with Charlotte, a spider that lives in his pen, to ensure that this will never happen.",7.574372,/aX0r77IQffLo3Efo6sP2ORwIcEM.jpg,"[{'name': 'Paramount Pictures', 'id': 4}, {'name': 'Hanna-Barbera Productions', 'id': 1353}, {'name': 'Sagittarius Productions', 'id': 18170}]","[{'iso_3166_1': 'US', 'name': 'United States of America'}]",1973-03-01,0.0,94.0,[],Released,That humble radiant terrific book is now a humble radiant terrific movie.,Charlotte's Web,False,6.2,100.0
False,,1000000,"[{'id': 12, 'name': 'Adventure'}, {'id': 16, 'name': 'Animation'}, {'id': 18, 'name': 'Drama'}]",,11837,tt0078480,en,Watership Down,"When the warren belonging to a community of rabbits is threatened, a brave group led by Fiver, Bigwig, Blackberry and Hazel leave their homeland in a search of a safe new haven.",5.602126,/879iEKkJMSXSbgqjs3tVOQceNUK.jpg,"[{'name': 'AVCO Embassy Pictures', 'id': 494}, {'name': 'Nepenthe Productions', 'id': 5016}, {'name': 'Watership Productions', 'id': 47264}]","[{'iso_3166_1': 'GB', 'name': 'United Kingdom'}]",1978-10-14,3713768.0,88.0,"[{'iso_639_1': 'en', 'name': 'English'}]",Released,"All the world will be your enemy, Prince with a Thousand Enemies, and when they catch you, they will kill you... but first they must catch you.",Watership Down,False,7.3,159.0
False,"{'id': 141292, 'name': 'The Secret Of NIMH Collection', 'poster_path': '/y0S9nsG7bDUgblBiYd0pciE57zr.jpg', 'backdrop_path': '/z9k5Uu2vXRDSclQU35bb7PhMG6U.jpg'}",7000000,"[{'id': 14, 'name': 'Fantasy'}, {'id': 16, 'name': 'Animation'}, {'id': 18, 'name': 'Drama'}, {'id': 10751, 'name': 'Family'}]",,11704,tt0084649,en,The Secret of NIMH,"A widowed field mouse must move her family -- including an ailing son -- to escape a farmer's plow. Aided by a crow and a pack of superintelligent, escaped lab rats, the brave mother struggles to transplant her home to firmer ground.",10.812275,/qXvgbM2cIjkoOPgzxn0hwiSUqk6.jpg,"[{'name': 'United Artists', 'id': 60}, {'name': 'Aurora', 'id': 32178}, {'name': 'Mrs. Brisby Ltd.', 'id': 90400}, {'name': 'Don Bluth Productions', 'id': 90512}]","[{'iso_3166_1': 'US', 'name': 'United States of America'}]",1982-06-17,14665733.0,82.0,"[{'iso_639_1': 'en', 'name': 'English'}]",Released,Right before your eyes and beyond your wildest dreams.,The Secret of NIMH,False,7.5,186.0
False,,15000000,"[{'id': 14, 'name': 'Fantasy'}]",,11639,tt0083791,en,The Dark Crystal,"On another planet in the distant past, a Gelfling embarks on a quest to find the missing shard of a magical crystal and restore order to his world, before the grotesque race of Skeksis find and use the crystal for evil.",13.524001,/enCcF48dvT16O2ixGRslU4mPjO7.jpg,"[{'name': 'Universal Pictures', 'id': 33}, {'name': 'Jim Henson Productions', 'id': 2504}, {'name': 'Incorporated Television Company (ITC)', 'id': 15980}, {'name': 'Henson Associates (HA)', 'id': 24931}]","[{'iso_3166_1': 'GB', 'name': 'United Kingdom'}, {'iso_3166_1': 'US', 'name': 'United States of America'}]",1982-12-17,40577001.0,93.0,"[{'iso_639_1': 'en', 'name': 'English'}, {'iso_639_1': 'it', 'name': 'Italiano'}]",Released,"Another World, Another Time... In the Age of Wonder.",The Dark Crystal,False,7.3,233.0
False,"{'id': 8783, 'name': 'Fievel Collection', 'poster_path': '/spEFy5eHaNuINNHhwtCWKy1bBiY.jpg', 'backdrop_path': None}",9000000,"[{'id': 18, 'name': 'Drama'}, {'id': 10751, 'name': 'Family'}, {'id': 16, 'name': 'Animation'}, {'id': 12, 'name': 'Adventure'}]",,4978,tt0090633,en,An American Tail,"A young mouse named Fievel and his family decide to migrate to America, a ""land without cats,"" at the turn of the 20th century. But somehow, Fievel ends up in the New World alone and must fend off not only the felines he never thought he'd have to deal with again but also the loneliness of being away from home.",11.928545,/glZNfxN4cef0pJeD08xru7ZVWlI.jpg,"[{'name': 'Universal Pictures', 'id': 33}, {'name': 'Amblin Entertainment', 'id': 56}]","[{'iso_3166_1': 'US', 'name': 'United States of America'}]",1986-11-21,84542002.0,80.0,"[{'iso_639_1': 'en', 'name': 'English'}]",Released,"Meet Fievel. In his search to find his family, he discovered America.",An American Tail,False,6.6,344.0
False,"{'id': 8783, 'name': 'Fievel Collection', 'poster_path': '/spEFy5eHaNuINNHhwtCWKy1bBiY.jpg', 'backdrop_path': None}",0,"[{'id': 12, 'name': 'Adventure'}, {'id': 16, 'name': 'Animation'}, {'id': 10751, 'name': 'Family'}]",,10380,tt0101329,en,An American Tail: Fievel Goes West,"Some time after the Mousekewitz's have settled in America, they find that they are still having problems with the threat of cats. That makes them eager to try another home out in the west, where they are promised that mice and cats live in peace. Unfortunately, the one making this claim is an oily con artist named Cat R. Waul who is intent on his own sinister plan.",8.800701,/gmqgrnENRE2xO1wtK9kBJZrWLYb.jpg,"[{'name': 'Universal Pictures', 'id': 33}, {'name': 'Amblin Entertainment', 'id': 56}, {'name': 'Amblimation', 'id': 4105}]","[{'iso_3166_1': 'US', 'name': 'United States of America'}]",1991-11-21,40766041.0,75.0,"[{'iso_639_1': 'en', 'name': 'English'}]",Released,"Look out pardners, there's a new mouse in town!",An American Tail: Fievel Goes West,False,6.2,180.0
False,,25000000,"[{'id': 12, 'name': 'Adventure'}, {'id': 14, 'name': 'Fantasy'}]",https://www.uphe.com/movies/legend-1986,11976,tt0089469,en,Legend,"Set in a timeless mythical forest inhabited by fairies, goblins, unicorns and mortals, this fantastic story follows a mystical forest dweller, chosen by fate, to undertake a heroic quest. He must save the beautiful Princess Lily and defeat the demonic Lord of Darkness, or the world will be plunged into a never-ending ice age.",10.932786,/xNWs9LM46vJWwf1q0VGPOccTKg4.jpg,"[{'name': 'Universal Studios', 'id': 13}, {'name': 'Twentieth Century Fox Film Corporation', 'id': 306}, {'name': 'Embassy International Pictures', 'id': 10214}, {'name': 'Legend Production Company', 'id': 10215}]","[{'iso_3166_1': 'US', 'name': 'United States of America'}, {'iso_3166_1': 'GB', 'name': 'United Kingdom'}]",1985-07-19,15502112.0,94.0,"[{'iso_639_1': 'en', 'name': 'English'}, {'iso_639_1': 'it', 'name': 'Italiano'}]",Released,There may never be another dawn.,Legend,False,6.2,282.0
False,,6500000,"[{'id': 35, 'name': 'Comedy'}, {'id': 10749, 'name': 'Romance'}]",,15144,tt0088128,en,Sixteen Candles,A teenage girls deals with her parents forgetting her birthday and a crush on her high school's heartthrob.,6.683723,/rzTrRQg5ek47Yl0Vfenc69r9gOd.jpg,"[{'name': 'Universal Pictures', 'id': 33}]","[{'iso_3166_1': 'US', 'name': 'United States of America'}]",1984-05-04,23686027.0,93.0,"[{'iso_639_1': 'en', 'name': 'English'}]",Released,When you're just sixteen anything can happen!,Sixteen Candles,False,6.9,455.0
False,,0,"[{'id': 35, 'name': 'Comedy'}]",,11522,tt0091790,en,Pretty in Pink,"Andie is an outcast, hanging out either with her older boss, who owns the record store where she works, or her quirky high school classmate Duckie, who has a crush on her. When one of the rich and popular kids at school, Blane, asks Andie out, it seems too good to be true. As Andie starts falling for Blane, she begins to realize that dating someone from a different social sphere is not easy.",8.568378,/iSSExklJXBcevQuD8Rycq95fD2p.jpg,"[{'name': 'Paramount Pictures', 'id': 4}]","[{'iso_3166_1': 'US', 'name': 'United States of America'}]",1986-02-28,40471663.0,96.0,"[{'iso_639_1': 'en', 'name': 'English'}]",Released,Blane's a pretty cool guy. Andie's pretty in pink. And Ducky's pretty crazy.,Pretty in Pink,False,6.6,313.0
False,,0,"[{'id': 18, 'name': 'Drama'}, {'id': 10749, 'name': 'Romance'}]",,11557,tt0090060,en,St. Elmo's Fire,"Seven friends - Alec, Billy, Jules, Kevin, Kirby, Leslie and Wendy - are trying to navigate through life and their friendships following college graduation. Alec, who aspires to political life, has just shown his true colors by changing his allegiance from Democrat to Republican, which freaks out girlfriend Leslie, who he wants to marry. Budding architect Leslie, on the other hand, has an independent streak. She believes she has to make a name for herself to find out who she is before she can truly commit to another person in marriage. But Leslie and Alec have decided to live together. Because Leslie refuses to marry Alec, he believes that justifies certain behavior. Kirby, who wants to become a lawyer and who pays for his schooling by working as a waiter at their local hangout called St. Elmo's Bar, and struggling writer Kevin are currently roommates. They are on opposite extremes of the romance spectrum.",9.116245,/oRmvCyeGhXy2JrNgF88KqY3Hgir.jpg,"[{'name': 'Columbia Pictures', 'id': 5}]","[{'iso_3166_1': 'US', 'name': 'United States of America'}]",1985-06-20,37803872.0,110.0,"[{'iso_639_1': 'en', 'name': 'English'}]",Released,The passion burns deep.,St. Elmo's Fire,False,6.0,133.0
False,,15000000,"[{'id': 12, 'name': 'Adventure'}, {'id': 18, 'name': 'Drama'}]",,13853,tt0090848,en,The Clan of the Cave Bear,"Natural changes have the clans moving. Iza, medicine woman of the ""Clan of the Cave Bear"" finds little Ayla from the ""others""' clan - tradition would have the clan kill Ayla immediately, but Iza insists on keeping her. When the little one finds a most needed new cave, she's allowed to stay - and thrive.",10.750748,/uqEQ2OUC84hVRQpsbgANlbcX0F8.jpg,"[{'name': 'The Guber-Peters Company', 'id': 4357}, {'name': 'Warner Bros.', 'id': 6194}, {'name': 'Producers Sales Organization (PSO)', 'id': 11670}, {'name': 'Jonesfilm', 'id': 22297}, {'name': 'The Jozak Company', 'id': 69888}, {'name': 'Decade', 'id': 69889}]","[{'iso_3166_1': 'US', 'name': 'United States of America'}]",1986-01-17,0.0,98.0,"[{'iso_639_1': 'en', 'name': 'English'}]",Released,"At The Dawn Of Mankind, A Woman Led The Way.",The Clan of the Cave Bear,False,4.7,28.0
False,"{'id': 102782, 'name': 'House Collection', 'poster_path': '/pZhCkFoFyK8VIEuglkv78XDy0h3.jpg', 'backdrop_path': '/ifZA8CtbMf072z71m1ijQHXGe78.jpg'}",3000000,"[{'id': 35, 'name': 'Comedy'}, {'id': 27, 'name': 'Horror'}]",,11415,tt0091223,en,House,"Roger Cobb is a author who has just separated from his wife. He moves into a new house and tries to work on a novel based on his experiences in the Vietnam War. Strange things start happening around him; little things at first, but as they become more frequent, Cobb becomes aware that the house resents his presence.",13.208902,/3kaVRZ3VU8CE7qcrraqmBc0BLW6.jpg,"[{'name': 'New World Pictures', 'id': 1950}]","[{'iso_3166_1': 'US', 'name': 'United States of America'}]",1986-02-28,0.0,93.0,"[{'iso_639_1': 'en', 'name': 'English'}]",Released,"Ding dong, You’re dead.",House,False,5.8,144.0
False,"{'id': 102782, 'name': 'House Collection', 'poster_path': '/pZhCkFoFyK8VIEuglkv78XDy0h3.jpg', 'backdrop_path': '/ifZA8CtbMf072z71m1ijQHXGe78.jpg'}",0,"[{'id': 14, 'name': 'Fantasy'}, {'id': 27, 'name': 'Horror'}, {'id': 35, 'name': 'Comedy'}]",,37530,tt0093220,en,House II: The Second Story,"Young urban professionals Jesse (Arye Gross) and his girlfriend Kate (Lar Park Lincoln), move into an old mansion that has been in Jesse's family for generations. They are soon joined by Jesse's goofy friend Charlie (Jonathan Stark), who brought along his diva girlfriend Lana (Amy Yasbeck), in the hopes of being discovered by Kate, who works for a record company. Jesse has returned to this old family mansion after his parents were murdered when he was a baby. While going through old things in the basement, Jesse finds a picture of his great-great grandfather (and namesake) in front of a Mayan temple holding a crystal skull with jewels in the eyes. In the background is a man Jesse learns is Slim Razor, a former partner of his great-great grandfather turned bitter enemy after a disagreement over who would get to keep the skull.",13.416334,/gv4mBZfv09eEW4Sv5ZZmalMDYlA.jpg,"[{'name': 'New World Pictures', 'id': 1950}, {'name': 'Sean S. Cunningham Films', 'id': 17611}]","[{'iso_3166_1': 'US', 'name': 'United States of America'}]",1987-05-14,7800000.0,88.0,"[{'iso_639_1': 'cs', 'name': 'Český'}, {'iso_639_1': 'en', 'name': 'English'}]",Released,It's an all new house with brand new owners,House II: The Second Story,False,5.0,66.0
False,"{'id': 87805, 'name': 'The Gods Must Be Crazy Collection', 'poster_path': '/3KAJpE2OOimXE5Z15LHARbeA0eC.jpg', 'backdrop_path': '/3u6As0EKP2KKPNhzQObCgdYvm7f.jpg'}",5000000,"[{'id': 28, 'name': 'Action'}, {'id': 35, 'name': 'Comedy'}]",,8393,tt0080801,en,The Gods Must Be Crazy,"Misery is brought to a small group of Sho in the Kalahari desert in the form of a cola bottle. In his quest to throw the evil object over the edge of the earth, Xixo encounters Western ""civilization,"" a haphazard doctor and a tyranical despot.",10.973482,/yvD2BWOEM5N4S4f6Yj8IVVjoKQO.jpg,"[{'name': 'CAT Films', 'id': 22284}, {'name': 'Mimosa Films', 'id': 22285}]","[{'iso_3166_1': 'ZA', 'name': 'South Africa'}, {'iso_3166_1': 'BW', 'name': 'Botswana'}]",1980-09-10,60000000.0,109.0,"[{'iso_639_1': 'af', 'name': 'Afrikaans'}, {'iso_639_1': 'en', 'name': 'English'}]",Released,The critics are raving... the natives are restless... and the laughter is non-stop!,The Gods Must Be Crazy,False,7.1,251.0
False,"{'id': 87805, 'name': 'The Gods Must Be Crazy Collection', 'poster_path': '/3KAJpE2OOimXE5Z15LHARbeA0eC.jpg', 'backdrop_path': '/3u6As0EKP2KKPNhzQObCgdYvm7f.jpg'}",0,"[{'id': 28, 'name': 'Action'}, {'id': 35, 'name': 'Comedy'}]",,11937,tt0097443,en,The Gods Must Be Crazy II,"Xixo is back again. This time, his children accidentally stow away on a fast-moving poachers' truck, unable to get off, and Xixo sets out to rescue them. Along the way, he encounters a couple of soldiers trying to capture each other and a pilot and passenger of a small plane, who are each having a few problems of their own.",4.993561,/zdKMqYiy7s5eyITRf9Q19WtyBxQ.jpg,"[{'name': 'Weintraub Entertainment Group', 'id': 6313}, {'name': 'Elrina Investment', 'id': 23267}]","[{'iso_3166_1': 'BW', 'name': 'Botswana'}, {'iso_3166_1': 'US', 'name': 'United States of America'}, {'iso_3166_1': 'ZA', 'name': 'South Africa'}]",1989-07-01,0.0,98.0,"[{'iso_639_1': 'af', 'name': 'Afrikaans'}, {'iso_639_1': 'en', 'name': 'English'}]",Released,"This Time, Everybody's Going Crazier.",The Gods Must Be Crazy II,False,6.5,91.0
False,"{'id': 97445, 'name': 'Air Bud Collection', 'poster_path': '/6uJ2GXA5kBskJx6emTuHyp2S3ww.jpg', 'backdrop_path': '/3iROV2GdrAFz6lbrGneQLt8lc7K.jpg'}",0,"[{'id': 35, 'name': 'Comedy'}, {'id': 10751, 'name': 'Family'}]",,21661,tt0140796,en,Air Bud: Golden Receiver,Josh and Buddy move from basketball to American football in this first of several sequels to the original Air Bud.,3.576604,/8iy8JlIgLPACRR32wzTJBpZ3iMk.jpg,"[{'name': 'Dimension Films', 'id': 7405}]","[{'iso_3166_1': 'CA', 'name': 'Canada'}, {'iso_3166_1': 'US', 'name': 'United States of America'}]",1998-08-14,10224116.0,90.0,"[{'iso_639_1': 'en', 'name': 'English'}]",Released,,Air Bud: Golden Receiver,False,4.6,41.0
False,,60000000,"[{'id': 53, 'name': 'Thriller'}]",,9320,tt0118661,en,The Avengers,"British Ministry agent John Steed, under direction from ""Mother"", investigates a diabolical plot by arch-villain Sir August de Wynter to rule the world with his weather control machine. Steed investigates the beautiful Doctor Mrs. Emma Peel, the only suspect, but simultaneously falls for her and joins forces with her to combat Sir August.",9.562953,/7cJGRajXMU2aYdTbElIl6FtzOl2.jpg,"[{'name': 'Jerry Weintraub Productions', 'id': 2596}, {'name': 'Warner Bros.', 'id': 6194}]","[{'iso_3166_1': 'US', 'name': 'United States of America'}]",1998-08-13,48585416.0,89.0,"[{'iso_639_1': 'en', 'name': 'English'}]",Released,Saving the World in Style.,The Avengers,False,4.4,205.0
False,,20000000,"[{'id': 35, 'name': 'Comedy'}, {'id': 18, 'name': 'Drama'}, {'id': 10749, 'name': 'Romance'}]",,33644,tt0120703,en,How Stella Got Her Groove Back,"Through good times and bad, Stella and Delilah have always had each other. Now, Stella's so busy building a life that she's forgotten how to really live. But Delilah is about to change all that. What starts as a quick trip to Jamaica, end as an exhilarating voyage of self discovery as Stella learns to open her heart and find love - even if it's with a man 20 years her junior.",3.645263,/5pfHUueAIYMUICAOAGpmsJPIwLz.jpg,"[{'name': 'Twentieth Century Fox Film Corporation', 'id': 306}]","[{'iso_3166_1': 'US', 'name': 'United States of America'}]",1998-08-14,37672350.0,124.0,"[{'iso_639_1': 'en', 'name': 'English'}]",Released,Sometimes you have to break the rules to free your heart.,How Stella Got Her Groove Back,False,6.0,24.0
False,,5000000,"[{'id': 35, 'name': 'Comedy'}, {'id': 18, 'name': 'Drama'}]",,14662,tt0120831,en,Slums of Beverly Hills,"In 1976, a lower-middle-class teenager struggles to cope living with her neurotic family of nomads on the outskirts of Beverly Hills.",5.913162,/u0690Aor60ZM7Zhg6rwUD1KvJOr.jpg,"[{'name': 'Fox Searchlight Pictures', 'id': 43}]","[{'iso_3166_1': 'US', 'name': 'United States of America'}]",1998-08-14,0.0,91.0,"[{'iso_639_1': 'en', 'name': 'English'}]",Released,Growing Up is Hard to Do,Slums of Beverly Hills,False,6.5,45.0
False,,0,[],,125124,tt0133413,it,Il testimone dello sposo,"Incredibly, the bride at the altar falls in love with the best man on first sight, and even though he makes efforts to avoid her infatuation with him, she is determined to annul her marriage and marry the best man. And although she is able to dissolve her marriage, because she has never consummated it, the best man leaves... only to return to her many months later.",0.114411,/gEULENMuYUyUFVMMXAOLIKpQVdr.jpg,[],[],1997-10-28,0.0,101.0,"[{'iso_639_1': 'it', 'name': 'Italiano'}]",Released,"On her wedding day she was very much in love. Unfortunately, not with the groom.",The Best Man,False,0.0,0.0
False,,0,"[{'id': 18, 'name': 'Drama'}]",,115872,tt0129923,en,La femme de chambre du Titanic,"Horty, a French foundry worker, wins a contest and is sent to see the sailing of the Titanic. In England, Marie, saying she is a chambermaid on the Titanic and cannot get a room, asks to share his room. They do, chastely; when he awakens, she is gone, but he sees her at the sailing and gets a photo of her. When he returns home, he suspects that his wife Zoe has been sleeping with Simeon, the foundry owner. Horty goes to the bar, where his friends get him drunk and he starts telling an erotic fantasy of what happened with him and Marie, drawing a larger audience each night.",0.406397,/jSsKHwtqk0XNdABR2R5wI3grfxV.jpg,[],"[{'iso_3166_1': 'FR', 'name': 'France'}, {'iso_3166_1': 'IT', 'name': 'Italy'}, {'iso_3166_1': 'DE', 'name': 'Germany'}, {'iso_3166_1': 'ES', 'name': 'Spain'}]",1997-10-10,0.0,100.0,"[{'iso_639_1': 'hu', 'name': 'Magyar'}, {'iso_639_1': 'en', 'name': 'English'}, {'iso_639_1': 'fr', 'name': 'Français'}]",Released,,The Chambermaid on the Titanic,False,5.3,3.0
False,"{'id': 143755, 'name': 'Henry: Portrait of a Serial Killer Collection', 'poster_path': None, 'backdrop_path': None}",0,"[{'id': 80, 'name': 'Crime'}, {'id': 27, 'name': 'Horror'}, {'id': 53, 'name': 'Thriller'}]",,39930,tt0116516,en,"Henry II, Portrait of a Serial Killer",Henry has wandered into a small town looking for work and a place to stay. He gets a job delivering and cleaning porto-potties and moves in with a co-worker until he gets his feet off of the ground. Henry and his new friend soon start to kill.,1.597247,/d0YVvWpirA43wvHPwV5m8ZNJsFA.jpg,[],"[{'iso_3166_1': 'US', 'name': 'United States of America'}]",1996-10-10,0.0,84.0,"[{'iso_639_1': 'en', 'name': 'English'}]",Released,Guess who's back in the neighborhood?,"Henry II, Portrait of a Serial Killer",False,5.8,5.0
False,"{'id': 143755, 'name': 'Henry: Portrait of a Serial Killer Collection', 'poster_path': None, 'backdrop_path': None}",111000,"[{'id': 80, 'name': 'Crime'}, {'id': 18, 'name': 'Drama'}, {'id': 27, 'name': 'Horror'}, {'id': 53, 'name': 'Thriller'}]",,10692,tt0099763,en,Henry: Portrait of a Serial Killer,"Henry likes to kill people, in different ways each time. Henry shares an apartment with Otis. When Otis' sister comes to stay, we see both sides of Henry: ""the guy next door"" and the serial killer.",10.072668,/jE9bDB7v7lMED5PWpPMsmc3SzlI.jpg,"[{'name': 'Maljack Productions', 'id': 11506}]","[{'iso_3166_1': 'US', 'name': 'United States of America'}]",1986-09-24,0.0,83.0,"[{'iso_639_1': 'en', 'name': 'English'}]",Released,The shocking true story of Henry Lee Lucas.,Henry: Portrait of a Serial Killer,False,6.8,142.0
False,"{'id': 264338, 'name': ""Rosemary's Baby Collection"", 'poster_path': '/yP9DnKsSGcEuHJktQYotND6dsgJ.jpg', 'backdrop_path': '/36RmiFNEbyfTOF3GG17rOyv4XGD.jpg'}",3200000,"[{'id': 27, 'name': 'Horror'}, {'id': 18, 'name': 'Drama'}, {'id': 9648, 'name': 'Mystery'}]",,805,tt0063522,en,Rosemary's Baby,A young couple moves into an infamous New York apartment building to start a family. Things become frightening as Rosemary begins to suspect her unborn baby isn't safe around their strange neighbors.,11.504558,/kqA1pt9ovovArgJZi2Lu4Unf6He.jpg,"[{'name': 'Paramount Pictures', 'id': 4}, {'name': 'William Castle Productions', 'id': 10324}]","[{'iso_3166_1': 'US', 'name': 'United States of America'}]",1968-06-12,33395426.0,136.0,"[{'iso_639_1': 'en', 'name': 'English'}]",Released,Pray for Rosemary's Baby,Rosemary's Baby,False,7.5,892.0
False,"{'id': 91430, 'name': 'The Neverending Story Collection', 'poster_path': '/tXuOhgEbXoba7vVIybzGlnycoNq.jpg', 'backdrop_path': '/2IqXJIR1i0f6Ngq3A6rjXhQNqFc.jpg'}",27000000,"[{'id': 18, 'name': 'Drama'}, {'id': 10751, 'name': 'Family'}, {'id': 14, 'name': 'Fantasy'}, {'id': 12, 'name': 'Adventure'}]",,34584,tt0088323,en,The Neverending Story,"While hiding from bullies in his school's attic, a young boy discovers the extraordinary land of Fantasia, through a magical book called The Neverending Story. The book tells the tale of Atreyu, a young warrior who, with the help of a luck dragon named Falkor, must save Fantasia from the destruction of The Nothing.",14.225919,/xnOK0p3PHwLw6C5tEkYY8xJR8zK.jpg,"[{'name': 'Producers Sales Organization', 'id': 1256}, {'name': 'Bavaria Film', 'id': 1704}, {'name': 'Dieter Geissler Filmproduktion', 'id': 1766}, {'name': 'Warner Bros.', 'id': 6194}, {'name': 'Westdeutscher Rundfunk (WDR)', 'id': 7025}, {'name': 'Bavaria Studios', 'id': 33772}]","[{'iso_3166_1': 'DE', 'name': 'Germany'}, {'iso_3166_1': 'US', 'name': 'United States of America'}]",1984-04-05,20158808.0,102.0,"[{'iso_639_1': 'en', 'name': 'English'}]",Released,A boy who needs a friend finds a world that needs a hero in a land beyond imagination!,The NeverEnding Story,False,7.0,1031.0
False,"{'id': 91430, 'name': 'The Neverending Story Collection', 'poster_path': '/tXuOhgEbXoba7vVIybzGlnycoNq.jpg', 'backdrop_path': '/2IqXJIR1i0f6Ngq3A6rjXhQNqFc.jpg'}",32000000,"[{'id': 18, 'name': 'Drama'}, {'id': 10751, 'name': 'Family'}, {'id': 14, 'name': 'Fantasy'}, {'id': 12, 'name': 'Adventure'}]",,34636,tt0100240,en,The Neverending Story II: The Next Chapter,"Once again, Bastian is transported to the world of Fantasia which he recently managed to save from destruction. However, the land is now being destroyed by an evil sorceress, Xayide, so he must join up with Atreyu and face the Emptiness once more.",6.658994,/phOI8kStf6pSxsAI3OaBpiw0ypZ.jpg,"[{'name': 'Bavaria Film', 'id': 1704}, {'name': 'Dieter Geissler Filmproduktion', 'id': 1766}, {'name': 'Cinevox Filmproduktion GmbH', 'id': 1979}, {'name': 'Warner Bros.', 'id': 6194}]","[{'iso_3166_1': 'DE', 'name': 'Germany'}, {'iso_3166_1': 'US', 'name': 'United States of America'}]",1990-10-24,16283667.0,89.0,"[{'iso_639_1': 'en', 'name': 'English'}, {'iso_639_1': 'de', 'name': 'Deutsch'}]",Released,Begin an all new adventure as a young boy returns to a world of wonder on the wings of his imagination.,The Neverending Story II: The Next Chapter,False,5.5,193.0
False,"{'id': 47983, 'name': 'Killer Tomatoes! Collection', 'poster_path': '/dle8G0LFT8d4MAS2BFFJhwBjn0Q.jpg', 'backdrop_path': None}",90000,"[{'id': 35, 'name': 'Comedy'}, {'id': 27, 'name': 'Horror'}, {'id': 878, 'name': 'Science Fiction'}]",,2182,tt0080391,en,Attack of the Killer Tomatoes!,"Attack of the Killer Tomatoes is a 1978 comedy film directed by John De Bello and starring David Miller. The film is a spoof of B-movies. Made on a budget of less than USD $100,000, the story involves tomatoes becoming sentient by unknown means and revolting against humanity.",3.625313,/3vohBv1acbgscmf0lODu5AbCKF2.jpg,"[{'name': 'Four Square Productions', 'id': 989}]","[{'iso_3166_1': 'US', 'name': 'United States of America'}]",1978-10-01,0.0,87.0,"[{'iso_639_1': 'en', 'name': 'English'}]",Released,Aaargh!...,Attack of the Killer Tomatoes!,False,4.7,74.0
False,,0,"[{'id': 27, 'name': 'Horror'}, {'id': 878, 'name': 'Science Fiction'}]",,28070,tt0094077,en,Surf Nazis Must Die,"When the grandson of a gun wielding woman is murdered by neo-nazi surf punks in the post-apocalyptic future, this grandma hunts them down for some bloodthirsty revenge.",1.788913,/ntK9jm6IeTs0mxID4VKXTL8RpZS.jpg,[],"[{'iso_3166_1': 'US', 'name': 'United States of America'}]",1987-07-03,0.0,83.0,"[{'iso_639_1': 'en', 'name': 'English'}, {'iso_639_1': 'it', 'name': 'Italiano'}, {'iso_639_1': 'ru', 'name': 'Pусский'}]",Released,,Surf Nazis Must Die,False,3.5,21.0
False,,5000000,"[{'id': 18, 'name': 'Drama'}, {'id': 35, 'name': 'Comedy'}]",,77469,tt0119517,en,Your Friends & Neighbors,"This adult comedy follows six characters, three men and three women from a cross-section of social groups, as they play sexual power games. When an affair fires up between 2 of the married characters, it sparks a chain of consequences for all of them, including one of the wives falling for another woman!",1.564774,/tYj17sOVn2uD6bYgnI7rxzUVfZP.jpg,"[{'name': 'Propaganda Films', 'id': 278}, {'name': 'PolyGram Filmed Entertainment', 'id': 1382}]","[{'iso_3166_1': 'US', 'name': 'United States of America'}]",1998-02-04,4710749.0,100.0,"[{'iso_639_1': 'en', 'name': 'English'}]",Released,A modern immorality tale.,Your Friends & Neighbors,False,5.9,17.0
False,,0,"[{'id': 18, 'name': 'Drama'}, {'id': 53, 'name': 'Thriller'}, {'id': 10749, 'name': 'Romance'}]",,10278,tt0124595,en,Return to Paradise,"Lewis, Sheriff and Tony are three friends vacationing in Malaysia. Sheriff and Tony eventually leave to pursue careers in New York, but Lewis stays behind to work with orangutans. Two years later, Sheriff and Tony learn that, because of their past actions, Lewis has been arrested for drug possession. With Lewis facing a death sentence, the friends are left with a difficult decision: return to Malaysia and split Lewis' sentence, or let him die.",4.831458,/gXVFFaoePdyxsHnfYh6paqYgY2K.jpg,"[{'name': 'Propaganda Films', 'id': 278}, {'name': 'PolyGram Filmed Entertainment', 'id': 1382}, {'name': 'Tetragram', 'id': 55994}]","[{'iso_3166_1': 'US', 'name': 'United States of America'}]",1998-08-10,0.0,109.0,"[{'iso_639_1': 'en', 'name': 'English'}]",Released,Give up three years of their lives or give up the life of their friend. They have eight days to decide.,Return to Paradise,False,6.5,40.0
False,"{'id': 735, 'name': 'Blade Collection', 'poster_path': '/ltjxGZP6aJrwjl7oOZiiZhFgkF1.jpg', 'backdrop_path': '/ev9QybDDzVSahJQdOb71ZuqNVAo.jpg'}",45000000,"[{'id': 27, 'name': 'Horror'}, {'id': 28, 'name': 'Action'}]",http://www.warnerbros.com/blade,36647,tt0120611,en,Blade,"When Blade's mother was bitten by a vampire during pregnancy, she did not know that she gave her son a special gift while dying: All the good vampire attributes in combination with the best human skills. Blade and his mentor Whistler battle an evil vampire rebel (Deacon Frost) who plans to take over the outdated vampire council, capture Blade and resurrect voracious blood god La Magra.",15.043454,/r0RQ9ZOEZglLOeYDNJTehVTRoR6.jpg,"[{'name': 'New Line Cinema', 'id': 12}, {'name': 'Amen Ra Films', 'id': 421}, {'name': 'Imaginary Forces', 'id': 11321}, {'name': 'Marvel Enterprises', 'id': 19551}]","[{'iso_3166_1': 'US', 'name': 'United States of America'}]",1998-08-21,131183530.0,120.0,"[{'iso_639_1': 'ru', 'name': 'Pусский'}, {'iso_639_1': 'en', 'name': 'English'}]",Released,Part Man. Part Vampire. All Hero.,Blade,False,6.5,1950.0
False,,0,"[{'id': 18, 'name': 'Drama'}, {'id': 10402, 'name': 'Music'}, {'id': 10749, 'name': 'Romance'}]",,17915,tt0120576,en,Dance with Me,"Young Cuban Rafael just buried his mother, and comes to Houston to meet his father John for the first time. The difficult part is that John doesn't know he is Rafael's father. John runs a dance studio, and everyone prepares for the World Open Dance championship in Las Vegas. It soon becomes clear Rafael is a very good dancer, and Ruby is the biggest hope for the studio at the championship.",7.894516,/5BVHdE90wQullQl63oTjHbcSJLS.jpg,"[{'name': 'Columbia Pictures', 'id': 5}, {'name': 'Mandalay Entertainment', 'id': 1236}]","[{'iso_3166_1': 'US', 'name': 'United States of America'}]",1998-08-21,15.0,126.0,"[{'iso_639_1': 'en', 'name': 'English'}]",Released,"In the dance of life, love can happen in a heartbeat.",Dance with Me,False,5.6,24.0
False,,0,"[{'id': 35, 'name': 'Comedy'}]",,14557,tt0118301,en,Dead Man on Campus,"Josh Miller (Tom Everett Scott) is a studious and responsible pre-med student entering college as a freshman. His wild, hard-partying roommate Cooper Frederickson (Mark-Paul Gosselaar), on the other hand, is a spoiled rich kid who never studies and spends his time getting drunk and ogling co-eds. Before long, Cooper's fun-filled lifestyle has corrupted Josh, and both are on the verge of flunking out.",9.183343,/aZ0RzokVfR7ocmX0E3xy8mYrkOm.jpg,"[{'name': 'Paramount Pictures', 'id': 4}, {'name': 'MTV Films', 'id': 746}]","[{'iso_3166_1': 'US', 'name': 'United States of America'}]",1998-08-21,0.0,96.0,"[{'iso_639_1': 'en', 'name': 'English'}]",Released,,Dead Man on Campus,False,5.6,49.0
False,,0,"[{'id': 28, 'name': 'Action'}, {'id': 12, 'name': 'Adventure'}, {'id': 35, 'name': 'Comedy'}]",,9417,tt0120901,en,Wrongfully Accused,"Ryan Harrison, a violin god, superstar and sex symbol does not want to cheat on sexy Lauren Goodhue's husband with her. Mr. Goodhue is found murdered and Ryan suddenly finds himself being the main suspect. After being sentenced to death he manages to flee while being transferred to his execution site. Now, all the world is after him as he stumbles from one unfortunate incident to the next in order to prove himself innocent - by finding a mysterious one-eyed, one-armed, one-legged man...",9.852635,/ousjLwEsflxfiAYPAwllEb4dz3m.jpg,"[{'name': 'Pathé Films', 'id': 4959}, {'name': 'Warner Bros.', 'id': 6194}, {'name': 'Morgan Creek Productions', 'id': 10210}]","[{'iso_3166_1': 'US', 'name': 'United States of America'}]",1998-08-21,0.0,87.0,"[{'iso_639_1': 'en', 'name': 'English'}]",Released,It's not just a movie. It's every movie.,Wrongfully Accused,False,5.7,91.0
False,,0,"[{'id': 35, 'name': 'Comedy'}, {'id': 18, 'name': 'Drama'}, {'id': 10749, 'name': 'Romance'}]",,41469,tt0119778,en,Next Stop Wonderland,A lighthearted story about a man and a woman who seem destined to be together... and the hilarious chain of accidents that seem determined to keep them apart!,0.798015,/c0Iezx1DOEd5nIYTOyg1OQ5YvN3.jpg,[],"[{'iso_3166_1': 'US', 'name': 'United States of America'}]",1998-08-21,0.0,96.0,"[{'iso_639_1': 'en', 'name': 'English'}]",Released,Romance Is Her Destination.,Next Stop Wonderland,False,6.0,21.0
False,,0,"[{'id': 35, 'name': 'Comedy'}]",,19381,tt0120692,en,Strike!,"If there's one thing this wild group of friends at an all-girls high school has learned, it's how to get what they want! So when word leaks out that their school is about to merge with an all-boys academy, some of the students strike back... and the girls wage an all-out assault in an outrageous battle of the sexes!",1.983933,/jM8kdUnKSzJKRJhzfBcAtVWPnjx.jpg,[],"[{'iso_3166_1': 'CA', 'name': 'Canada'}, {'iso_3166_1': 'IT', 'name': 'Italy'}, {'iso_3166_1': 'US', 'name': 'United States of America'}]",1998-08-21,0.0,97.0,"[{'iso_639_1': 'en', 'name': 'English'}]",Released,Every Girl Has A Secret Desire,All I Wanna Do,False,6.4,23.0
False,,0,"[{'id': 12, 'name': 'Adventure'}, {'id': 28, 'name': 'Action'}, {'id': 18, 'name': 'Drama'}, {'id': 14, 'name': 'Fantasy'}, {'id': 9648, 'name': 'Mystery'}]",,34637,tt0095709,en,The Navigator: A Medieval Odyssey,In the 14th century a village seeking escape from the Black Death are guided by a boy's vision to tunnel into an abandoned mine and emerge into 20th century New Zealand.,1.478701,/fdk0zSOsRE854vGF1ZFNestcESX.jpg,"[{'name': 'New Zealand Film Commission', 'id': 294}, {'name': 'The Australian Film Commission', 'id': 5186}, {'name': 'Arenafilm', 'id': 14591}, {'name': 'John Maynard Productions', 'id': 29115}]","[{'iso_3166_1': 'AU', 'name': 'Australia'}, {'iso_3166_1': 'NZ', 'name': 'New Zealand'}]",1988-09-16,0.0,90.0,"[{'iso_639_1': 'en', 'name': 'English'}]",Released,,The Navigator: A Medieval Odyssey,False,6.3,20.0
False,,15000000,"[{'id': 14, 'name': 'Fantasy'}, {'id': 35, 'name': 'Comedy'}]",,4011,tt0094721,en,Beetlejuice,"Thanks to an untimely demise via drowning, a young couple end up as poltergeists in their New England farmhouse, where they fail to meet the challenge of scaring away the insufferable new owners, who want to make drastic changes. In desperation, the undead newlyweds turn to an expert frightmeister, but he's got a diabolical agenda of his own.",10.627364,/gWnW7vxm8yr01TVLQhL4aI02orp.jpg,"[{'name': 'Geffen Company, The', 'id': 4354}, {'name': 'Warner Bros.', 'id': 6194}]","[{'iso_3166_1': 'US', 'name': 'United States of America'}]",1988-02-29,73326666.0,92.0,"[{'iso_639_1': 'en', 'name': 'English'}]",Released,He's guaranteed to put some life in your afterlife.,Beetlejuice,False,7.1,1475.0
False,,0,"[{'id': 10749, 'name': 'Romance'}, {'id': 18, 'name': 'Drama'}]",,161795,tt0119033,en,Déjà Vu,"L.A. shop owner Dana and Englishman Sean meet and fall in love at first sight, but Sean is married and Dana is to marry her business partner Alex.",0.438882,/2BeYSPf181arGt4lWhRmpfBKFWm.jpg,"[{'name': 'Rainbow Film Company, The', 'id': 27584}, {'name': 'Revere Entertainment', 'id': 40955}, {'name': 'Jagtoria Films', 'id': 40956}]","[{'iso_3166_1': 'US', 'name': 'United States of America'}]",1998-04-22,0.0,117.0,"[{'iso_639_1': 'en', 'name': 'English'}]",Released,Your future is set...,Déjà Vu,False,8.0,1.0
False,,1500000,"[{'id': 80, 'name': 'Crime'}, {'id': 18, 'name': 'Drama'}, {'id': 9648, 'name': 'Mystery'}, {'id': 53, 'name': 'Thriller'}]",,1580,tt0040746,en,Rope,"Two young men strangle their ""inferior"" classmate, hide his body in their apartment, and invite his friends and family to a dinner party as a means to challenge the ""perfection"" of their crime.",7.248676,/8JUyhb3j4d4KMPizrPUyDcYfovY.jpg,"[{'name': 'Transatlantic Pictures', 'id': 1554}, {'name': 'Warner Bros.', 'id': 6194}, {'name': 'Metro-Goldwyn-Mayer (MGM)', 'id': 8411}]","[{'iso_3166_1': 'US', 'name': 'United States of America'}]",1948-08-23,2200000.0,80.0,"[{'iso_639_1': 'en', 'name': 'English'}]",Released,,Rope,False,7.8,539.0
False,,2000000,"[{'id': 35, 'name': 'Comedy'}, {'id': 80, 'name': 'Crime'}, {'id': 53, 'name': 'Thriller'}]",,5854,tt0074512,en,Family Plot,Lighthearted suspense film about a phony psychic/con artist and her taxi driver/private investigator boyfriend who encounter a pair of serial kidnappers while trailing a missing heir in California.,4.845776,/6VPkrvTFpTGb4QJFWceMd6Y7IPp.jpg,"[{'name': 'Universal Pictures', 'id': 33}]","[{'iso_3166_1': 'US', 'name': 'United States of America'}]",1976-04-09,7900000.0,121.0,"[{'iso_639_1': 'en', 'name': 'English'}]",Released,There’s no body in the family plot.,Family Plot,False,6.7,86.0
False,,3500000,"[{'id': 80, 'name': 'Crime'}, {'id': 18, 'name': 'Drama'}, {'id': 9648, 'name': 'Mystery'}, {'id': 53, 'name': 'Thriller'}]",,573,tt0068611,en,Frenzy,"A serial murderer is strangling women with a necktie. The London police have a suspect, but he is the wrong man.",5.316387,/4SFvqrlSigAt9tnhXFSMyKeJWQk.jpg,"[{'name': 'Universal Pictures', 'id': 33}]","[{'iso_3166_1': 'GB', 'name': 'United Kingdom'}]",1972-05-25,12600000.0,116.0,"[{'iso_639_1': 'en', 'name': 'English'}]",Released,Just an ordinary necktie used with a deadly new twist.,Frenzy,False,7.2,162.0
False,,4000000,"[{'id': 28, 'name': 'Action'}, {'id': 18, 'name': 'Drama'}, {'id': 9648, 'name': 'Mystery'}, {'id': 53, 'name': 'Thriller'}]",,2370,tt0065112,en,Topaz,"A French intelligence agent becomes embroiled in the Cold War politics first with uncovering the events leading up to the 1962 Cuban Missle Crisis, and then back to France to break up an international Russian spy ring.",5.757907,/8u7vxykCVZoaxNocLbpstv3IFNK.jpg,"[{'name': 'Universal Pictures', 'id': 33}]","[{'iso_3166_1': 'US', 'name': 'United States of America'}]",1969-12-18,6000000.0,143.0,"[{'iso_639_1': 'en', 'name': 'English'}, {'iso_639_1': 'fr', 'name': 'Français'}, {'iso_639_1': 'ru', 'name': 'Pусский'}, {'iso_639_1': 'es', 'name': 'Español'}]",Released,Hitchcock takes you behind the actual headlines to expose the most explosive spy scandal of the century!,Topaz,False,6.1,78.0
False,,3000000,"[{'id': 9648, 'name': 'Mystery'}, {'id': 53, 'name': 'Thriller'}]",,5780,tt0061107,en,Torn Curtain,An American scientist publicly defects to East Germany as part of a cloak and dagger mission to find the solution for a formula resin and then figuring out a plan to escape back to the West.,6.243248,/pwiU7euYflFMaUbatvX3La0YgtO.jpg,"[{'name': 'Universal Pictures', 'id': 33}]","[{'iso_3166_1': 'US', 'name': 'United States of America'}]",1966-07-13,13000000.0,128.0,"[{'iso_639_1': 'en', 'name': 'English'}, {'iso_639_1': 'de', 'name': 'Deutsch'}, {'iso_639_1': 'no', 'name': 'Norsk'}, {'iso_639_1': 'sv', 'name': 'svenska'}]",Released,It tears you apart with suspense!,Torn Curtain,False,6.4,120.0
False,,2135161,"[{'id': 80, 'name': 'Crime'}, {'id': 18, 'name': 'Drama'}, {'id': 9648, 'name': 'Mystery'}, {'id': 53, 'name': 'Thriller'}]",,506,tt0058329,en,Marnie,Marnie is a beautiful kleptomaniac who is in love with businessman Mark Rutland. Marnie who is a compulsive thief is being watched by her new boss Mark who suspects her of stealing from him and thus decides to blackmail her in the most unusual way. A psychological thriller from Alfred Hitchcock based on a novel of the same name by Winston Graham.,6.409094,/hBYHdsSxOA2zQLiuiJyPsk9IhUw.jpg,"[{'name': 'Universal Pictures', 'id': 33}]","[{'iso_3166_1': 'US', 'name': 'United States of America'}]",1964-07-09,7000000.0,130.0,"[{'iso_639_1': 'en', 'name': 'English'}, {'iso_639_1': 'es', 'name': 'Español'}]",Released,Thief... Liar... Cheat... she was all of these and he knew it!,Marnie,False,7.2,233.0
False,,1200000,"[{'id': 80, 'name': 'Crime'}, {'id': 18, 'name': 'Drama'}, {'id': 9648, 'name': 'Mystery'}]",,22527,tt0051207,en,The Wrong Man,True story of an innocent man mistaken for a criminal.,8.56081,/o3L64eO7RegwjTFlp5a872aZvjq.jpg,"[{'name': 'Warner Bros.', 'id': 6194}]","[{'iso_3166_1': 'US', 'name': 'United States of America'}]",1956-12-22,2000000.0,105.0,"[{'iso_639_1': 'en', 'name': 'English'}, {'iso_639_1': 'it', 'name': 'Italiano'}, {'iso_639_1': 'es', 'name': 'Español'}]",Released,Somewhere...somewhere there must be the right man!,The Wrong Man,False,6.9,105.0
False,,2500000,"[{'id': 12, 'name': 'Adventure'}, {'id': 80, 'name': 'Crime'}, {'id': 18, 'name': 'Drama'}, {'id': 9648, 'name': 'Mystery'}, {'id': 53, 'name': 'Thriller'}]",,574,tt0049470,en,The Man Who Knew Too Much,"A widescreen, Technicolor remake by Hitchcock of his 1934 film of the same title. A couple (James Stewart, Doris Day) vacationing in Morocco with their young son accidentally stumble upon an assassination plot. When the child is kidnapped to ensure their silence, they have to take matters into their own hands to save him.",12.547763,/vhUOukoJTWPfVpZOiKwrjdEV4OX.jpg,"[{'name': 'Paramount Pictures', 'id': 4}]","[{'iso_3166_1': 'US', 'name': 'United States of America'}]",1956-06-01,10250000.0,120.0,"[{'iso_639_1': 'ar', 'name': 'العربية'}, {'iso_639_1': 'en', 'name': 'English'}, {'iso_639_1': 'fr', 'name': 'Français'}, {'iso_639_1': 'it', 'name': 'Italiano'}]",Released,A little knowledge can be a deadly thing!,The Man Who Knew Too Much,False,7.3,276.0
False,,1200000,"[{'id': 35, 'name': 'Comedy'}, {'id': 9648, 'name': 'Mystery'}, {'id': 53, 'name': 'Thriller'}]",,11219,tt0048750,en,The Trouble with Harry,"Trouble erupts in a small, quiet New England town when a man's body is found in the woods. The problem is that almost everyone in town thinks that they had something to do with his death.",6.486117,/tXq2vB69rv6uqqkyiqfxci0TMgZ.jpg,"[{'name': 'Paramount Pictures', 'id': 4}, {'name': 'Alfred J. Hitchcock Productions', 'id': 10715}]","[{'iso_3166_1': 'US', 'name': 'United States of America'}]",1955-10-03,7000000.0,99.0,"[{'iso_639_1': 'en', 'name': 'English'}]",Released,A THRILLER with a difference!,The Trouble with Harry,False,6.9,152.0
False,,0,"[{'id': 80, 'name': 'Crime'}, {'id': 18, 'name': 'Drama'}]",,30159,tt0045897,en,I Confess,"Unable, due to the seal of the confessional, to be forthcoming with information that would serve to clear himself during a murder investigation, a priest becomes the prime suspect.",10.424982,/c6p42IXpKE3fgXMIgxO4zqUWiGs.jpg,"[{'name': 'Warner Bros.', 'id': 6194}]","[{'iso_3166_1': 'US', 'name': 'United States of America'}]",1953-02-28,0.0,95.0,"[{'iso_639_1': 'en', 'name': 'English'}, {'iso_639_1': 'fr', 'name': 'Français'}, {'iso_639_1': 'de', 'name': 'Deutsch'}, {'iso_639_1': 'it', 'name': 'Italiano'}]",Released,Crushed lips don’t talk.,I Confess,False,7.0,82.0
False,,1200000,"[{'id': 80, 'name': 'Crime'}, {'id': 18, 'name': 'Drama'}, {'id': 53, 'name': 'Thriller'}]",,845,tt0044079,en,Strangers on a Train,A psychotic socialite confronts a pro tennis star with a theory on how two complete strangers can get away with murder...a theory that he plans to implement.,15.41773,/akslUekHOWvE0UFBVb4GRkxRRoi.jpg,"[{'name': 'Warner Bros.', 'id': 6194}]","[{'iso_3166_1': 'US', 'name': 'United States of America'}]",1951-06-18,7000000.0,101.0,"[{'iso_639_1': 'fr', 'name': 'Français'}, {'iso_639_1': 'en', 'name': 'English'}]",Released,It starts with a shriek of a train whistle...and ends with shrieking excitement.,Strangers on a Train,False,7.6,379.0
False,,0,"[{'id': 53, 'name': 'Thriller'}]",,1978,tt0042994,en,Stage Fright,A struggling actress tries to help a friend prove his innocence when he's accused of murdering the husband of a high society entertainer.,4.329397,/1W7RzrENooOXQVeYMlF8Vx3EpAk.jpg,"[{'name': 'Warner Bros.', 'id': 6194}]","[{'iso_3166_1': 'GB', 'name': 'United Kingdom'}]",1950-02-23,0.0,110.0,"[{'iso_639_1': 'en', 'name': 'English'}]",Released,Love held its breath as sudden terror held the stage!,Stage Fright,False,6.8,61.0
False,,13000000,"[{'id': 10402, 'name': 'Music'}, {'id': 18, 'name': 'Drama'}]",,3682,tt0120577,en,54,"Shane, a Jersey boy with big dreams, crosses the river in hopes of finding a more exciting life at Studio 54. When Steve Rubell, the mastermind behind the infamous disco, plucks Shane from the sea of faces clamoring to get inside his club, Shane not only gets his foot in the door, but lands a coveted job behind the bar – and a front-row seat at the most legendary party on the planet.",8.736869,/sDYmpuHtbm4uhmcbLHlrMpY2Cfl.jpg,"[{'name': 'Redeemable Features', 'id': 1483}, {'name': 'FilmColony', 'id': 1811}, {'name': 'Miramax', 'id': 53009}, {'name': 'Dollface', 'id': 61337}]","[{'iso_3166_1': 'US', 'name': 'United States of America'}]",1998-08-28,16757163.0,106.0,"[{'iso_639_1': 'en', 'name': 'English'}]",Released,You've never been anywhere until you've been here,54,False,5.5,138.0
False,,250,"[{'id': 18, 'name': 'Drama'}, {'id': 35, 'name': 'Comedy'}, {'id': 16, 'name': 'Animation'}]",,51942,tt0119346,en,I Married a Strange Person!,"A newlywed develops a strange lump on his neck that gives him the ability to transform people or objects at will. His wife is very upset. Meanwhile, the CEO of Smilecorp learns of this man and his ability and sees a way to achieve world domination if only the man can be taken alive. Animated movie by Bill Plympton.",0.817002,/y0AVFqJEk5FGk31TL7HDWficCE5.jpg,"[{'name': 'Bill Plympton Studios', 'id': 41680}]","[{'iso_3166_1': 'US', 'name': 'United States of America'}]",1998-08-28,203.0,72.0,"[{'iso_639_1': 'en', 'name': 'English'}]",Released,,I Married a Strange Person!,False,7.5,12.0
False,,0,"[{'id': 18, 'name': 'Drama'}, {'id': 10749, 'name': 'Romance'}]",,46702,tt0123324,en,Why Do Fools Fall In Love,"In the mid-80s, three women (each with an attorney) arrive at the office of New York entertainment manager, Morris Levy. One is an L.A. singer, formerly of the Platters; one is a petty thief from Philly; one teaches school in a small Georgia town. Each claims to be the widow of long-dead doo-wop singer-songwriter Frankie Lyman, and each wants years of royalties due to his estate, money Levy has never shared. During an ensuing civil trial, flashbacks tell the story of each one's life with Lyman, a boyish, high-pitched, dynamic performer, lost to heroin. Slowly, the three wives establish their own bond.",0.897413,/nZ7UYOQ50C38wdWqOcNxCxZ6GB1.jpg,"[{'name': 'Rhino Films', 'id': 1591}, {'name': 'Warner Bros.', 'id': 6194}]",[],1998-08-28,12413650.0,116.0,"[{'iso_639_1': 'en', 'name': 'English'}]",Released,The story of three very different women.....with one husband in common.,Why Do Fools Fall In Love,False,6.4,12.0
False,,0,"[{'id': 35, 'name': 'Comedy'}, {'id': 18, 'name': 'Drama'}, {'id': 10749, 'name': 'Romance'}]",,54795,tt0119453,en,Keep the Aspidistra Flying,"Gordon Comstock is a copywriter at an ad agency, and his girlfriend Rosemary is a designer. Gordon believes he is a genius, a marvelous poet and quits the ad agency, trying to live on his poems, but poverty soon comes to him.",0.691061,/exLDuRDE2Lsh1kgfnhk4lFiBPFD.jpg,"[{'name': 'BBC Films', 'id': 288}]","[{'iso_3166_1': 'GB', 'name': 'United Kingdom'}]",1997-11-20,0.0,101.0,[],Released,,Keep the Aspidistra Flying,False,6.3,3.0
False,,0,"[{'id': 18, 'name': 'Drama'}, {'id': 53, 'name': 'Thriller'}]",,46748,tt0139564,fr,Regarde la Mer,"Sasha, a young British woman, is living with her baby daughter at Ile d'Yeu, a peaceful beach community. A stranger appears. Her name is Tatiana, she's passing through, and pitches her tent in Sasha's yard. The two women build an odd rapport, and tension builds as events unfold.",0.892546,/l8gnjkOv5GKg0fyW8hf7tA2dix4.jpg,"[{'name': 'Fidélité Productions', 'id': 147}, {'name': 'Local Films', 'id': 1123}]","[{'iso_3166_1': 'FR', 'name': 'France'}]",1997-12-03,0.0,52.0,"[{'iso_639_1': 'en', 'name': 'English'}, {'iso_639_1': 'fr', 'name': 'Français'}]",Released,,See the Sea,False,7.4,7.0
False,,35000000,"[{'id': 12, 'name': 'Adventure'}, {'id': 18, 'name': 'Drama'}, {'id': 28, 'name': 'Action'}]",,847,tt0096446,en,Willow,"Fearful of a prophecy stating that a girl child will be born to bring about her downfall, the evil Queen Bavmorda imprisons all pregnant women within the formidable stronghold of Nockmaar. A child, Elora Danan, is born in the Nockmaar dungeons and identified as the prophesied child by a birthmark on her arm. However, before the black sorceress arrives to claim the child, Elora's mother convinces her reluctant midwife to escape with the baby. Willow, a timid farmer and aspiring sorcerer, is entrusted with delivering the royal infant from evil.",9.918312,/uxB76XmAMEFeeaRqsPAVumn6rTE.jpg,"[{'name': 'Lucasfilm', 'id': 1}, {'name': 'Metro-Goldwyn-Mayer (MGM)', 'id': 8411}, {'name': 'Imagine Films Entertainment', 'id': 20743}]","[{'iso_3166_1': 'US', 'name': 'United States of America'}]",1988-05-01,57269863.0,126.0,"[{'iso_639_1': 'en', 'name': 'English'}]",Released,Adventure doesn't come any bigger than this.,Willow,False,6.9,484.0
False,,25000000,"[{'id': 80, 'name': 'Crime'}, {'id': 18, 'name': 'Drama'}, {'id': 36, 'name': 'History'}, {'id': 53, 'name': 'Thriller'}]",,117,tt0094226,en,The Untouchables,"Young Treasury Agent Elliot Ness arrives in Chicago and is determined to take down Al Capone, but it's not going to be easy because Capone has the police in his pocket. Ness meets Jimmy Malone, a veteran patrolman and probably the most honorable one on the force. He asks Malone to help him get Capone, but Malone warns him that if he goes after Capone, he is going to war.",11.062203,/qx4CDBhJDX5LQoVZ8UXPxQy5pt7.jpg,"[{'name': 'Paramount Pictures', 'id': 4}]","[{'iso_3166_1': 'US', 'name': 'United States of America'}]",1987-06-02,76270454.0,119.0,"[{'iso_639_1': 'en', 'name': 'English'}]",Released,What are you prepared to do?,The Untouchables,False,7.6,1424.0
False,,0,"[{'id': 35, 'name': 'Comedy'}]",,14577,tt0120654,en,Dirty Work,"Unemployed and recently dumped, Mitch and his buddy Sam start a revenge-for-hire business to raise the $50,000 that Sam's father needs to get a heart transplant. The dirty duo brings down a movie theater manager and hires hookers to pose as dead bodies during a live TV ad. When a wealthy developer hires the guys to trash a building (so that he can have it condemned), problems arise and a feud ensues.",7.061315,/5sM32j8VhLMaPo27zFqbsEXhe7l.jpg,"[{'name': 'Robert Simonds Productions', 'id': 3929}, {'name': 'Metro-Goldwyn-Mayer (MGM)', 'id': 8411}]","[{'iso_3166_1': 'CA', 'name': 'Canada'}, {'iso_3166_1': 'US', 'name': 'United States of America'}]",1998-06-12,0.0,82.0,"[{'iso_639_1': 'en', 'name': 'English'}]",Released,Revenge is a dish best served DIRTY.,Dirty Work,False,6.5,66.0
False,,33000000,"[{'id': 28, 'name': 'Action'}, {'id': 12, 'name': 'Adventure'}, {'id': 53, 'name': 'Thriller'}]",,37498,tt0120724,en,Knock Off,"Marcus Ray (Jean-Claude Van Damme), a sales representative for ""V SIX"" jeans, and his partner, Tommy Hendricks (Rob Schneider), are about to be busted for selling ""knock off"" jeans. Their American contact, Karan Leigh, who by the way is not only their employer but a CIA agent sent to find the mole in their operation, is threatening them with a jail term if they do not prove their innocence.",5.213714,/pDGYcWlxSUwX3oibN8owWYZvjAu.jpg,"[{'name': 'TriStar Pictures', 'id': 559}, {'name': 'Film Workshop', 'id': 3618}, {'name': 'MDP Worldwide', 'id': 10828}, {'name': 'Knock Films A.V.V.', 'id': 21848}, {'name': ""Val D'Oro Entertainment"", 'id': 21849}]","[{'iso_3166_1': 'AW', 'name': 'Aruba'}, {'iso_3166_1': 'HK', 'name': 'Hong Kong'}, {'iso_3166_1': 'US', 'name': 'United States of America'}]",1998-09-04,0.0,91.0,"[{'iso_639_1': 'en', 'name': 'English'}, {'iso_639_1': 'it', 'name': 'Italiano'}]",Released,There is no substitute.,Knock Off,False,4.7,65.0
False,,0,"[{'id': 10749, 'name': 'Romance'}, {'id': 18, 'name': 'Drama'}]",,38621,tt0119125,en,Firelight,"Firelight is a period romance/drama film written and directed by William Nicholson. It was Nicholson's first, and to date only, film as director.",5.57396,/sFADjkWqFezpOmNEmBCXOxJvTSR.jpg,"[{'name': 'Hollywood Pictures', 'id': 915}, {'name': 'Wind Dancer Productions', 'id': 8116}]","[{'iso_3166_1': 'GB', 'name': 'United Kingdom'}, {'iso_3166_1': 'US', 'name': 'United States of America'}]",1997-09-14,0.0,103.0,"[{'iso_639_1': 'en', 'name': 'English'}, {'iso_639_1': 'fr', 'name': 'Français'}]",Released,Passion has no limits,Firelight,False,7.0,15.0
False,,0,"[{'id': 99, 'name': 'Documentary'}]",,59138,tt0139468,en,Modulations,"Less a documentary than a primer on all electronic music. Featuring interviews with nearly every major player past and present, as well as a few energetic live clips, Modulations delves into one of electronica's forgotten facets: the human element. Lee travels the globe from the American Midwest to Europe to Japan to try to express the appeal of music often dismissed as soulless. Modulations shows that behind even the most foreign or alien electronic composition lies a real human being, and Lee lets many of these Frankenstein-like creators express and expound upon their personal philosophies and tech-heavy theories.  Lee understands that a cultural movement as massive and diverse as dance music can't be contained.",0.100482,/gNQOhfUPPzWX1gIraRW60FbX0kH.jpg,[],[],1998-09-18,0.0,75.0,"[{'iso_639_1': 'en', 'name': 'English'}]",Released,Cinema for the Ear,Modulations,False,8.5,2.0
False,,0,"[{'id': 18, 'name': 'Drama'}, {'id': 53, 'name': 'Thriller'}, {'id': 80, 'name': 'Crime'}, {'id': 10749, 'name': 'Romance'}]",,28047,tt0119892,en,Phoenix,Gambling fever -- along with a brutal bookie -- leads three crooked cops into a double-dealing scheme that lands them in hot water way over their heads.,1.643899,/enUCZk5FiHxhYmXTKla1UTN4nnl.jpg,[],"[{'iso_3166_1': 'US', 'name': 'United States of America'}]",1998-09-04,0.0,107.0,"[{'iso_639_1': 'en', 'name': 'English'}]",Released,"In this town, the heat can kill you.",Phoenix,False,5.2,14.0
False,,0,"[{'id': 18, 'name': 'Drama'}]",,4175,tt0042004,en,Under Capricorn,"In 1831, Irishman Charles Adare travels to Australia to start a new life with the help of his cousin who has just been appointed governor. When he arrives he meets powerful landowner and ex-convict Sam Flusky, who wants to do a business deal with him. Whilst attending a dinner party at Flusky's house, Charles meets Flusky's wife Henrietta who he had known as a child back in Ireland. Henrietta is an alcoholic and seems to be on the verge of madness.",2.972892,/gBRR6vYZNyXij4Cdf6khIQPS68q.jpg,"[{'name': 'Transatlantic Pictures', 'id': 1554}, {'name': 'Warner Bros.', 'id': 6194}]","[{'iso_3166_1': 'GB', 'name': 'United Kingdom'}]",1949-09-08,0.0,108.0,"[{'iso_639_1': 'en', 'name': 'English'}]",Released,"Mystery, murder and passion from the master of suspense!",Under Capricorn,False,6.1,27.0
False,,4258000,"[{'id': 18, 'name': 'Drama'}, {'id': 80, 'name': 'Crime'}, {'id': 53, 'name': 'Thriller'}]",,31667,tt0039694,en,The Paradine Case,"The beautiful Mrs. Paradine is accused of poisoning her older, blind husband. She hires married Anthony Keane as her lawyer and when he begins to fall in love with her, she encourages him.",3.983539,/kSlUZFHmAqqSE7A1LoHDqgzrIMy.jpg,"[{'name': 'The Selznik Studio', 'id': 62}, {'name': 'Vanguard Films', 'id': 614}]","[{'iso_3166_1': 'US', 'name': 'United States of America'}]",1947-12-31,0.0,125.0,"[{'iso_639_1': 'en', 'name': 'English'}]",Released,,The Paradine Case,False,6.3,42.0
False,,1590000,"[{'id': 18, 'name': 'Drama'}, {'id': 10752, 'name': 'War'}]",,13321,tt0037017,en,Lifeboat,"During World War II, a small group of survivors is stranded in a lifeboat together after the ship they were traveling on is destroyed by a German U-boat.",7.773354,/uptFcaNThH0p2nl0BIqbbdsM850.jpg,"[{'name': 'Twentieth Century Fox Film Corporation', 'id': 306}]","[{'iso_3166_1': 'US', 'name': 'United States of America'}]",1944-01-11,0.0,96.0,"[{'iso_639_1': 'en', 'name': 'English'}, {'iso_639_1': 'fr', 'name': 'Français'}, {'iso_639_1': 'de', 'name': 'Deutsch'}]",Released,"Six men and three women - against the sea, and each other!",Lifeboat,False,7.3,112.0
False,,0,"[{'id': 80, 'name': 'Crime'}, {'id': 18, 'name': 'Drama'}, {'id': 53, 'name': 'Thriller'}]",,21734,tt0036342,en,Shadow of a Doubt,"A bored young woman, a teen living in Santa Rosa, California, Charlotte ""Charlie"" Newton (Wright), is frustrated because nothing seems to be happening in her life and that of her family. Then, she receives wonderful news: her uncle (for whom she was named), Charlie Oakley (Cotten), is arriving for a visit. But Uncle Charlie may not be the man he seems to be.",8.007141,/yOh2tz9FlQ6D89qOqHBpScv5tBP.jpg,"[{'name': 'Universal Pictures', 'id': 33}, {'name': 'Skirball Productions', 'id': 4005}]","[{'iso_3166_1': 'US', 'name': 'United States of America'}]",1943-01-16,0.0,108.0,"[{'iso_639_1': 'en', 'name': 'English'}]",Released,A Blast of DRAMATIC Dynamite exploded right before your eyes!,Shadow of a Doubt,False,7.5,219.0
False,,0,"[{'id': 53, 'name': 'Thriller'}, {'id': 10752, 'name': 'War'}]",,31997,tt0035279,en,Saboteur,Aircraft factory worker Barry Kane goes on the run across the United States when he is wrongly accused of starting a fire that killed his best friend.,4.911826,/x5l97t0FqYKisYNcEbwHWPvnBUH.jpg,"[{'name': 'Universal Pictures', 'id': 33}]","[{'iso_3166_1': 'US', 'name': 'United States of America'}]",1942-04-24,0.0,108.0,"[{'iso_639_1': 'en', 'name': 'English'}]",Released,You'd like to say - IT CAN'T HAPPEN HERE!... but every jolting scene is TRUE!!,Saboteur,False,6.8,91.0
False,,0,"[{'id': 35, 'name': 'Comedy'}, {'id': 10749, 'name': 'Romance'}]",,24197,tt0033922,en,Mr. & Mrs. Smith,"Ann (Carole Lombard) and David Smith (Robert Montgomery) are a happily married couple living in New York. One morning, Ann asks David if he had to do it over again, would he marry her? To her shock, he answers he wouldn't. Later that day, they both separately find out that, due to a complication when they married three years ago, they are in fact not legally married. Ann does not mention this to David, and thinks he will remarry her that very night after he takes her out to a romantic dinner. When this does not happen, she angrily kicks David out of their home.",2.761605,/lY3Jd8O8Oz6aMpasPFBzHASzLQd.jpg,"[{'name': 'RKO Radio Pictures', 'id': 6}]","[{'iso_3166_1': 'US', 'name': 'United States of America'}]",1941-01-30,0.0,95.0,"[{'iso_639_1': 'en', 'name': 'English'}]",Released,Lombard and Montgomery Get Hitched As They're Getting Unhitched !,Mr. & Mrs. Smith,False,5.7,36.0
False,,1103000,"[{'id': 9648, 'name': 'Mystery'}, {'id': 53, 'name': 'Thriller'}]",,11462,tt0034248,en,Suspicion,"Wealthy, sheltered Joan Fontaine is swept off her feet by charming ne'er-do-well Cary Grant. Though warned that Grant is little more than a fortune-hunter, Fontaine marries him anyway. She remains loyal to her irresponsible husband as he plows his way from one disreputable business scheme to another. Gradually, Fontaine comes to the conclusion that Grant intends to do away with her in order to collect her inheritance...a suspicion confirmed when Grant's likeable business partner Nigel Bruce dies under mysterious circumstances. To his dying day, Hitchcock insisted that he wanted to retain the novelist Francis Iles' original ending, but that the RKO executives intervened. Fontaine won an Academy Award for her work.",5.660476,/nrEibqzRYf6d2oeVlotdj25mm2s.jpg,"[{'name': 'RKO Radio Pictures', 'id': 6}]","[{'iso_3166_1': 'US', 'name': 'United States of America'}]",1941-11-14,4500000.0,99.0,"[{'iso_639_1': 'en', 'name': 'English'}]",Released,"In his arms she felt safety...in his absence, haunting dread!",Suspicion,False,7.1,140.0
False,,0,"[{'id': 12, 'name': 'Adventure'}, {'id': 80, 'name': 'Crime'}]",,31995,tt0031505,en,Jamaica Inn,"In coastal Cornwall, England, during the early 19th Century, a young woman discovers that she's living with a gang of criminals who arrange shipwrecking for profit.",3.876608,/80V3ScsMRzsuLF0T17SlRN4tiah.jpg,"[{'name': 'Mayflower Pictures Corporation', 'id': 14701}]","[{'iso_3166_1': 'GB', 'name': 'United Kingdom'}]",1939-05-11,0.0,108.0,"[{'iso_639_1': 'en', 'name': 'English'}]",Released,,Jamaica Inn,False,5.6,43.0
False,,0,"[{'id': 9648, 'name': 'Mystery'}, {'id': 53, 'name': 'Thriller'}]",,940,tt0030341,en,The Lady Vanishes,"On a train headed for England a group of travelers is delayed by an avalanche. Holed up in a hotel in a fictional European country, young Iris befriends elderly Miss Froy. When the train resumes, Iris suffers a bout of unconsciousness and wakes to find the old woman has disappeared. The other passengers ominously deny Miss Froy ever existed, so Iris begins to investigate with another traveler and, as the pair sleuth, romantic sparks fly.",6.078088,/edL8YmyR1BjICz3mp1fhUqSOPnF.jpg,"[{'name': 'Gainsborough Pictures', 'id': 1221}]","[{'iso_3166_1': 'GB', 'name': 'United Kingdom'}]",1938-07-26,0.0,96.0,"[{'iso_639_1': 'it', 'name': 'Italiano'}, {'iso_639_1': 'en', 'name': 'English'}, {'iso_639_1': 'de', 'name': 'Deutsch'}, {'iso_639_1': 'fr', 'name': 'Français'}]",Released,Spies! Playing the game of love - and sudden death!,The Lady Vanishes,False,7.5,183.0
False,,0,"[{'id': 18, 'name': 'Drama'}, {'id': 80, 'name': 'Crime'}]",,2762,tt0029811,en,Young and Innocent,"Derrick De Marney finds himself in a 39 Steps situation when he is wrongly accused of murder. While a fugitive from the law, De Marney is helped by heroine Nova Pilbeam, who three years earlier had played the adolescent kidnap victim in Hitchcock's The Man Who Knew Too Much. The obligatory ""fish out of water"" scene, in which the principals are briefly slowed down by a banal everyday event, occurs during a child's birthday party. The actual villain, whose identity is never in doubt (Hitchcock made thrillers, not mysteries) is played by George Curzon, who suffers from a twitching eye. Curzon's revelation during an elaborate nightclub sequence is a Hitchcockian tour de force, the sort of virtuoso sequence taken for granted in these days of flexible cameras and computer enhancement, but which in 1937 took a great deal of time, patience and talent to pull off. Released in the US as The Girl Was Young, Young and Innocent was based on a novel by Josephine Tey.",3.824884,/8teH96d4Hcg1BWwCePXcuHrcYxw.jpg,"[{'name': 'Gaumont British Picture Corporation', 'id': 4978}]","[{'iso_3166_1': 'GB', 'name': 'United Kingdom'}]",1937-11-01,0.0,83.0,"[{'iso_639_1': 'en', 'name': 'English'}]",Released,A Brilliant Melodrama,Young and Innocent,False,6.8,42.0
False,,0,"[{'id': 53, 'name': 'Thriller'}, {'id': 9648, 'name': 'Mystery'}]",,12684,tt0028212,en,Sabotage,"A Scotland Yard undercover detective is on the trail of a saboteur who is part of a plot to set off a bomb in London. But when the detective's cover is blown, the plot begins to unravel.",6.514753,/9DM9MPN6jtvIhqvadCFTPBQZwiW.jpg,"[{'name': 'Gaumont British Picture Corporation', 'id': 4978}]","[{'iso_3166_1': 'GB', 'name': 'United Kingdom'}]",1936-12-02,0.0,76.0,"[{'iso_639_1': 'en', 'name': 'English'}]",Released,...A Bomb Plot ...A Killing ...Justice,Sabotage,False,6.7,60.0
False,,0,"[{'id': 53, 'name': 'Thriller'}]",,2761,tt0028231,en,Secret Agent,"After three British agents are assigned to assassinate a mysterious German spy during World War I, two of them become ambivalent when their duty to the mission conflicts with their consciences.",4.119907,/i1LsfCAuZWZsI5S5ewvQ3RCrXOc.jpg,"[{'name': 'Gaumont British Picture Corporation', 'id': 4978}]","[{'iso_3166_1': 'GB', 'name': 'United Kingdom'}]",1936-06-12,0.0,86.0,"[{'iso_639_1': 'en', 'name': 'English'}, {'iso_639_1': 'it', 'name': 'Italiano'}]",Released,,Secret Agent,False,6.7,36.0
False,,0,"[{'id': 18, 'name': 'Drama'}, {'id': 53, 'name': 'Thriller'}]",,8208,tt0025452,en,The Man Who Knew Too Much,"A man and his wife receive a clue to an imminent assassination attempt, only to learn that their daughter has been kidnapped to keep them quiet.",7.294135,/AvOa83nHSNJBpOPK0IJLz01r0c6.jpg,"[{'name': 'Gaumont British Picture Corporation', 'id': 4978}]","[{'iso_3166_1': 'GB', 'name': 'United Kingdom'}]",1934-11-30,0.0,75.0,"[{'iso_639_1': 'en', 'name': 'English'}]",Released,Public Enemy No. 1 of all the world...,The Man Who Knew Too Much,False,6.4,73.0
False,,0,[],,52907,tt0024747,en,Waltzes from Vienna,The story of Johann Strauss the elder and younger.,0.751957,/jnXsVjBSfcgRxFOmxZpbwCe2Mrg.jpg,"[{'name': 'Gaumont British Picture Corporation', 'id': 4978}]","[{'iso_3166_1': 'GB', 'name': 'United Kingdom'}]",1934-01-31,0.0,81.0,"[{'iso_639_1': 'en', 'name': 'English'}]",Released,,Waltzes from Vienna,False,4.8,11.0
False,,0,"[{'id': 80, 'name': 'Crime'}, {'id': 9648, 'name': 'Mystery'}, {'id': 53, 'name': 'Thriller'}]",,15007,tt0023285,en,Number Seventeen,"A gang of thieves gather at a safe house following a robbery, but a detective is on their trail.",1.962002,/quGnSVNAmuXNCQAZepRyrd89Coo.jpg,"[{'name': 'British International Pictures (BIP)', 'id': 51816}]","[{'iso_3166_1': 'GB', 'name': 'United Kingdom'}]",1932-07-18,0.0,63.0,"[{'iso_639_1': 'en', 'name': 'English'}]",Released,,Number Seventeen,False,5.3,19.0
False,,0,"[{'id': 35, 'name': 'Comedy'}, {'id': 18, 'name': 'Drama'}, {'id': 53, 'name': 'Thriller'}]",,36049,tt0023395,en,Rich and Strange,"A couple, Fred (Henry Kendall) and Emily Hill (Joan Barry) , living a mundane middle-class life in London, are given a small fortune by an uncle as an advance against their future inheritance so that they can enjoy it in the present. Immediately Fred takes leave from his job as a clerk and they leave on a cruise for ""the Orient"". Fred quickly shows his susceptibility to sea-sickness while crossing",1.581063,/eDMrDdi85s2kHU1tBR5jS5lStkb.jpg,"[{'name': 'British International Pictures (BIP)', 'id': 51816}]","[{'iso_3166_1': 'GB', 'name': 'United Kingdom'}]",1931-12-10,0.0,83.0,"[{'iso_639_1': 'en', 'name': 'English'}]",Released,,Rich and Strange,False,5.5,16.0
False,,0,"[{'id': 18, 'name': 'Drama'}]",,52748,tt0022395,en,The Skin Game,An old traditional family and a modern family battle over land in a small English village and almost destroy each other.,1.775534,/oIAqrTSB42jWNlbW8Q5SLYwhO4Z.jpg,"[{'name': 'British International Pictures (BIP)', 'id': 51816}]","[{'iso_3166_1': 'GB', 'name': 'United Kingdom'}]",1931-02-26,0.0,77.0,"[{'iso_639_1': 'en', 'name': 'English'}]",Released,,The Skin Game,False,4.9,15.0
False,,0,"[{'id': 10402, 'name': 'Music'}, {'id': 35, 'name': 'Comedy'}]",,75793,tt0020852,en,Elstree Calling,"A series of 19 musical and comedy ""vaudeville"" sketches presented in the form of a live broadcast hosted by Tommy Handley (as himself). There are two ""running gags"" which connect the sketches. In one, an actor wants to perform Shakespeare, but he is continually denied air-time. The other gag has an inventor trying to view the broadcast on television.",1.453276,/lEcipqsopVzxviueMscA0BHBiul.jpg,"[{'name': 'British International Pictures (BIP)', 'id': 51816}]","[{'iso_3166_1': 'GB', 'name': 'United Kingdom'}]",1930-02-01,0.0,86.0,"[{'iso_639_1': 'en', 'name': 'English'}]",Released,,Elstree Calling,False,3.8,2.0
False,,0,"[{'id': 18, 'name': 'Drama'}]",,47695,tt0021015,en,Juno and the Paycock,"During the Irish revolution, a family earns a big inheritance. They start leading a rich life forgetting what the most important values of are. At the end, they discover they will not receive that inheritance; the family is destroyed and penniless. They must sell their home and start living like vagabonds.",1.783776,/lGsScGu3pktbddUApGfLp0m6I9G.jpg,"[{'name': 'British International Pictures (BIP)', 'id': 51816}]","[{'iso_3166_1': 'GB', 'name': 'United Kingdom'}]",1930-06-29,0.0,85.0,"[{'iso_639_1': 'en', 'name': 'English'}]",Released,,Juno and the Paycock,False,5.1,11.0
False,,0,"[{'id': 9648, 'name': 'Mystery'}, {'id': 53, 'name': 'Thriller'}]",,31930,tt0021165,en,Murder!,"When a woman is convicted of murder, one of the jurors selected to serve on the murder-trial jury believes the accused, an aspiring actress, is innocent of the crime and takes it upon himself to apprehend the real killer.",1.988389,/xnxsea6yRsLYaE69sPy69fjhDbi.jpg,"[{'name': 'British International Pictures (BIP)', 'id': 51816}]","[{'iso_3166_1': 'GB', 'name': 'United Kingdom'}]",1930-07-31,0.0,104.0,"[{'iso_639_1': 'en', 'name': 'English'}]",Released,,Murder!,False,6.3,19.0
False,,0,"[{'id': 18, 'name': 'Drama'}]",,20213,tt0020142,en,The Manxman,A fisherman and a rising lawyer who grew up as brothers fall in love with the same woman.,1.680545,/6cpyL7msoojckIUmGPXkj7PPWJe.jpg,"[{'name': 'British International Pictures (BIP)', 'id': 51816}]","[{'iso_3166_1': 'GB', 'name': 'United Kingdom'}]",1929-01-21,0.0,100.0,[],Released,,The Manxman,False,5.4,13.0
False,,0,"[{'id': 18, 'name': 'Drama'}, {'id': 53, 'name': 'Thriller'}, {'id': 80, 'name': 'Crime'}]",,543,tt0019702,en,Blackmail,"Alice's boyfriend Frank is a Scotland Yard detective who seems more interested in police work than in her. When she agrees to go out with another man, he attacks her and she defends herself and kills him. When the body is discovered, Frank is assigned to the case. He quickly discovers that Alice is the killer, but so has someone else, and they are threatening blackmail.",3.956703,/u27rAiqJ305y6a4pUnW7cACQT0h.jpg,"[{'name': 'British International Pictures (BIP)', 'id': 51816}]","[{'iso_3166_1': 'GB', 'name': 'United Kingdom'}]",1929-06-30,0.0,84.0,"[{'iso_639_1': 'en', 'name': 'English'}]",Released,See and Hear It - Our Mother Tongue As It Should Be Spoken,Blackmail,False,6.8,45.0
False,,0,"[{'id': 35, 'name': 'Comedy'}]",,36054,tt0018756,en,Champagne,"Betty, rebellious daughter of a millionaire, decides to marry the pennyless Jean, against her father's will. She runs away to France and she starts living a life of luxury on the profits from her father's business. The rich man decides to put a stop to her behavior pretending his business crashed. Betty now has to find money by herself and she gets a job in a night club.",0.560815,/uQ4J0umdET3WHPHd6VsDpIoddnx.jpg,"[{'name': 'British International Pictures (BIP)', 'id': 51816}]","[{'iso_3166_1': 'GB', 'name': 'United Kingdom'}]",1928-08-19,0.0,93.0,"[{'iso_639_1': 'en', 'name': 'English'}]",Released,,Champagne,False,5.6,13.0
False,,0,"[{'id': 18, 'name': 'Drama'}]",http://www.thefarmerswifefilm.co.uk/,143750,tt2140519,en,The Farmer's Wife,"As her surroundings are invaded by outsiders, THE FARMER'S WIFE stoically carries out her daily tasks in preparation for what will be her final day on her farm, the only land she has known. Unable to accept this forced future, subconscious memories return that ultimately lead her to connect more to the countryside of her youth than ever before.",0.211754,/ePPNVWyIKYBdsGrOrYVaPKM8DlM.jpg,[],[],2012-06-20,0.0,18.0,"[{'iso_639_1': 'en', 'name': 'English'}]",Released,,The Farmer's Wife,False,10.0,1.0
False,,0,"[{'id': 18, 'name': 'Drama'}]",,52782,tt0017825,en,Downhill,"After public school student Roddy Berwick takes the blame for a friend's transgression and is expelled, his life goes downhill.",1.646779,/p3ZTJIjcl1jBzlXfrmQXFbjvtCy.jpg,"[{'name': 'Gainsborough Pictures', 'id': 1221}]","[{'iso_3166_1': 'GB', 'name': 'United Kingdom'}]",1927-10-24,0.0,110.0,"[{'iso_639_1': 'xx', 'name': 'No Language'}]",Released,,Downhill,False,6.3,11.0
False,,0,"[{'id': 18, 'name': 'Drama'}, {'id': 53, 'name': 'Thriller'}]",,36055,tt0017843,en,Easy Virtue,"Larita Filton is named as correspondent in a scandalous divorce case. She escapes to France to rebuild her life where she meets John Whittaker. They are later married, but John's well-to-do family finds out Larita's secret.",0.957802,/blrQSfCOBJAKxWptjRnVI3AYvH2.jpg,"[{'name': 'Gainsborough Pictures', 'id': 1221}]",[],1928-03-05,0.0,79.0,"[{'iso_639_1': 'en', 'name': 'English'}]",Released,,Easy Virtue,False,5.4,15.0
False,,0,"[{'id': 18, 'name': 'Drama'}]",,36056,tt0018328,en,The Ring,"Both Jack Sander and Bob Corby are boxers in love with Mabel. Jack and Mabel wed, but their marriage is flat. The young wife looks to Bob for comfort.",1.986461,/gQRoIfnyWbBtMjLqbDY0wPulBfX.jpg,"[{'name': 'British International Pictures (BIP)', 'id': 51816}]","[{'iso_3166_1': 'GB', 'name': 'United Kingdom'}]",1927-10-01,0.0,116.0,[],Released,Two boxers compete for the love of a woman.,The Ring,False,6.1,16.0
False,,12000,"[{'id': 80, 'name': 'Crime'}, {'id': 18, 'name': 'Drama'}, {'id': 53, 'name': 'Thriller'}]",,2760,tt0017075,en,The Lodger: A Story of the London Fog,A London landlady suspects her mysterious new lodger may be The Avenger who is killing blonde women.,9.299853,/feCIblDiTU1L2uWTi3rtYw6Nzyz.jpg,"[{'name': 'Carlyle Blackwell Productions', 'id': 1222}]","[{'iso_3166_1': 'GB', 'name': 'United Kingdom'}]",1927-02-14,0.0,99.0,"[{'iso_639_1': 'en', 'name': 'English'}]",Released,,The Lodger: A Story of the London Fog,False,7.2,49.0
False,,0,"[{'id': 18, 'name': 'Drama'}]",,64398,tt0016230,de,The Pleasure Garden,"Patsy Brand is a chorus girl at the Pleasure Garden music hall. She meets Jill Cheyne who is down on her luck and gets her a job as a dancer. Jill meets adventurer Hugh Fielding and they get engaged, but when Hugh travels out of the country, she begins to play around.",0.753073,/kxYHrcru3l0vpEraoJGBRPCunXP.jpg,"[{'name': 'Gainsborough Pictures', 'id': 1221}, {'name': 'Bavaria Film', 'id': 1704}, {'name': 'Münchner Lichtspielkunst', 'id': 29577}]",[],1925-11-03,0.0,75.0,"[{'iso_639_1': 'en', 'name': 'English'}]",Released,,The Pleasure Garden,False,5.7,10.0
False,,12000000,"[{'id': 18, 'name': 'Drama'}, {'id': 80, 'name': 'Crime'}]",,10220,tt0128442,en,Rounders,A young man is a reformed gambler who must return to playing big stakes poker to help a friend pay off loan sharks.,8.783454,/j5IzmdWdO5CqgeoyJLZ1dO7w375.jpg,"[{'name': 'Miramax Films', 'id': 14}, {'name': 'Spanky Pictures', 'id': 1566}]","[{'iso_3166_1': 'US', 'name': 'United States of America'}]",1998-09-11,22921898.0,121.0,"[{'iso_639_1': 'ru', 'name': 'Pусский'}, {'iso_639_1': 'en', 'name': 'English'}, {'iso_639_1': 'he', 'name': 'עִבְרִית'}]",Released,Trust everyone... But always cut the cards.,Rounders,False,6.9,451.0
False,"{'id': 432, 'name': 'Cube Collection', 'poster_path': '/pRshONhwgQYb2IYcxhEIMDFc62d.jpg', 'backdrop_path': '/4SdZhO4M5vJ48dqp7r8PieZ37RJ.jpg'}",250000,"[{'id': 53, 'name': 'Thriller'}, {'id': 878, 'name': 'Science Fiction'}, {'id': 9648, 'name': 'Mystery'}]",,431,tt0123755,en,Cube,Seven strangers are taken out of their daily lives and placed mysteriously in a deadly cube where they all agree they must find their way out.,12.095263,/u50r6chJGO2iqxVAvtQ07obiCkB.jpg,"[{'name': 'Téléfilm Canada', 'id': 806}, {'name': 'Feature Film Project', 'id': 21953}, {'name': 'Cube Libre', 'id': 22207}, {'name': 'Harold Greenberg Fund', 'id': 22208}, {'name': 'Odeon Films', 'id': 22209}, {'name': 'Ontario Film Development Corporation', 'id': 22210}, {'name': 'Viacom Canada', 'id': 22211}]","[{'iso_3166_1': 'CA', 'name': 'Canada'}]",1997-09-09,501818.0,90.0,"[{'iso_639_1': 'de', 'name': 'Deutsch'}, {'iso_639_1': 'en', 'name': 'English'}]",Released,Don't look for a reason... Look for a way out.,Cube,False,6.9,1101.0
False,,0,"[{'id': 18, 'name': 'Drama'}]",,31641,tt0118980,en,Digging to China,"Harriet, a ten-year old girl, lives together with her big sister and her alcoholic mother out in the countryside. The family runs a motel. Harriet is different from the others, as she owns a great creativity and has nobody to play with. Her infinite world exists only in her mind. One day, Ricky comes along. He is a grown-up, but retarded son of an elderly lady. Soon, Harriet and Ricky share their experiences of life from a different point of view and become close friends. But his mother still plans to give Ricky away into professional care in a home, because she won't live forever to be there for him",1.486062,/7EGGfidMvY8xOGP0JjByWOoRHor.jpg,"[{'name': 'Davis Entertainment Classics', 'id': 7070}, {'name': 'Digging to China LLC', 'id': 7856}, {'name': 'Ministry of Film, The', 'id': 21085}]","[{'iso_3166_1': 'US', 'name': 'United States of America'}]",1997-07-07,33556.0,98.0,"[{'iso_639_1': 'en', 'name': 'English'}, {'iso_639_1': 'it', 'name': 'Italiano'}]",Released,Two innocent outcasts. One incredible friendship.,Digging to China,False,6.5,10.0
False,,0,[],,223318,tt0165857,en,Let's Talk About Sex,"Woman interviews her friends, talking about sex.",0.028316,/59uXfJH41SvByO9CXfQ5ATkEN26.jpg,[],[],1998-09-11,0.0,82.0,[],Released,,Let's Talk About Sex,False,0.0,0.0
False,,0,"[{'id': 37, 'name': 'Western'}, {'id': 28, 'name': 'Action'}, {'id': 18, 'name': 'Drama'}, {'id': 36, 'name': 'History'}]",,69848,tt0120775,en,One Man's Hero,"One Man's Hero tells the little-known story of the ""St. Patrick's Battalion"" or ""San Patricios,"" a group of mostly Irish and other immigrants of the Catholic faith who deserted to Mexico after encountering religious and ethnic prejudice in the U.S. Army during the Mexican-American War. The plot centers around the personal story of John Riley, an Irishman who had been a sergeant in the American Army who is commissioned as a captain in the Mexican army and commands the battalion, as he leads his men in battle and struggles with authorities on both sides of the border",0.996778,/vgvVNmCybkmOtaSXpSG7aONQrJ2.jpg,"[{'name': 'Filmax', 'id': 3631}, {'name': 'Silver Lion Films', 'id': 11601}, {'name': 'Televisa S.A. de C.V.', 'id': 55465}, {'name': 'Arco Films S.L', 'id': 55776}, {'name': 'Hool/Macdonald Productions', 'id': 55777}, {'name': 'Producciones San Patricia', 'id': 55778}]","[{'iso_3166_1': 'US', 'name': 'United States of America'}, {'iso_3166_1': 'MX', 'name': 'Mexico'}, {'iso_3166_1': 'ES', 'name': 'Spain'}]",1999-08-02,0.0,121.0,"[{'iso_639_1': 'en', 'name': 'English'}]",Released,One man's hero is another man's traitor.,One Man's Hero,False,9.3,2.0
False,,20000000,"[{'id': 35, 'name': 'Comedy'}, {'id': 18, 'name': 'Drama'}, {'id': 10751, 'name': 'Family'}]",,22796,tt0124879,en,Simon Birch,"Simon Birch tells the story of Joe and Simon's heart-warming journey of friendship. Simon Birch was born with a condition that makes him much smaller than all the other kids in town. Now, due to his condition, Simon thinks God made him this way for a reason and highly believes in God. Together, Joe and Simon go on a journey of trust and friendship to find the answers to many things. Their friendship is put to the test when some unfortunate events happen.",2.651408,/wB6JV6KflRFoNpVnJxR99fhgTJ3.jpg,"[{'name': 'Caravan Pictures', 'id': 175}, {'name': 'Hollywood Pictures', 'id': 915}]","[{'iso_3166_1': 'US', 'name': 'United States of America'}]",1998-09-11,18253415.0,114.0,"[{'iso_639_1': 'en', 'name': 'English'}]",Released,Destiny has big plans for little Simon Birch.,Simon Birch,False,6.5,52.0
False,,25000000,"[{'id': 18, 'name': 'Drama'}]",,22256,tt0119934,en,Without Limits,"The film follows the life of famous 1970s runner Steve Prefontaine from his youth days in Oregon to the University of Oregon where he worked with the legendary coach Bill Bowerman, later to Olympics in Munich and his early death at 24 in a car crash.",3.643468,/3l6XZ9N9hOzVgXTsI2uYVFK0UPX.jpg,"[{'name': 'Cruise/Wagner Productions', 'id': 44}, {'name': 'Warner Bros.', 'id': 6194}]","[{'iso_3166_1': 'US', 'name': 'United States of America'}]",1998-09-11,777423.0,117.0,"[{'iso_639_1': 'en', 'name': 'English'}]",Released,PRE. The way he competed. The way he lived his life.,Without Limits,False,6.4,20.0
False,,0,"[{'id': 35, 'name': 'Comedy'}, {'id': 18, 'name': 'Drama'}, {'id': 10769, 'name': 'Foreign'}]",,37550,tt0075040,it,Pasqualino Settebellezze,"Nominated for four Academy Awards including Best Director, Seven Beauties stars Giancarlo Giannini (Swept Away) as Pasqualino Frafuso, known in Naples as ""Pasqualino Seven Beauties."" A petty thief who lives off of the profits of his seven sisters while claiming to protect their honor at any cost, Pasqualino is arrested for murder and later sent to fight in the army after committing sexual assault. The Germans capture him and he gets sent to a concentration camp where he plots to make his escape by seducing a German officer.",1.356974,/sjzvTaFHalbCKDJrHcvjb3WpeI5.jpg,"[{'name': 'Medusa Distribuzione', 'id': 15868}]","[{'iso_3166_1': 'IT', 'name': 'Italy'}]",1975-12-20,0.0,116.0,"[{'iso_639_1': 'de', 'name': 'Deutsch'}, {'iso_639_1': 'it', 'name': 'Italiano'}]",Released,,Seven Beauties,False,8.8,10.0
False,,0,"[{'id': 18, 'name': 'Drama'}, {'id': 35, 'name': 'Comedy'}, {'id': 10749, 'name': 'Romance'}, {'id': 10769, 'name': 'Foreign'}]",,37916,tt0073817,it,Travolti da un insolito destino nell'azzurro mare d'agosto,"Stranded and alone on a desert island during a cruise, a spoiled rich woman and a deckhand fall in love and make a date to reunite after their rescue. He is stood up.",1.614531,/hnpQNKlUqpq1uCgHOtfLMJUjCvU.jpg,"[{'name': 'Medusa Produzione', 'id': 1702}]","[{'iso_3166_1': 'IT', 'name': 'Italy'}]",1974-12-18,0.0,116.0,"[{'iso_639_1': 'it', 'name': 'Italiano'}]",Released,,Swept Away,False,7.4,36.0
False,,0,"[{'id': 18, 'name': 'Drama'}, {'id': 10751, 'name': 'Family'}]",,21873,tt0081207,en,My Bodyguard,"Clifford Peach (Chris Makepeace), an easygoing teenager, is finding less than easy to fit in at his new high school, where a tough-talking bully (Matt Dillon) terrorizes his classmates and extorts their lunch money. Refusing to pay up, Clifford enlist the aid of an overgrown misfit whose mere presence intimidates students and teachers alike. But their ""business relationship"" soon turns personal as Clifford and the troubled loner forge a winning alliance against their intimidators - and a very special friendship with each other. Ruth Gordon, Martin Mull, Joan Cusack and John Houseman round out ""a truly remarkable cast"" (Variety) in this delightful coming-of-age comedy and triumphant tribute to the underdog.",2.48642,/v0AgK10BeuLloxTiXLWYFZ6DmWN.jpg,"[{'name': 'Twentieth Century Fox Film Corporation', 'id': 306}, {'name': 'Melvin Simon Productions', 'id': 2124}, {'name': 'Market Street Productions', 'id': 8829}]","[{'iso_3166_1': 'US', 'name': 'United States of America'}]",1980-07-11,22482952.0,96.0,"[{'iso_639_1': 'en', 'name': 'English'}]",Released,Terrorized in the Toilets? Chased after school? Shaken down for lunch money? GET A BODYGUARD,My Bodyguard,False,6.2,31.0
False,,0,"[{'id': 35, 'name': 'Comedy'}, {'id': 18, 'name': 'Drama'}]",,21500,tt0085346,en,Class,"Naive Midwestern prep student Jonathan bonds with his more worldly roommate, Skip, who takes the small-town boy under his wing. At Skip's urging, the inexperienced Jonathan is emboldened to seek out older women in the cocktail lounges of nearby Chicago, where he meets and beds the alluring Ellen, who unfortunately turns out to be Skip's mother. The division between the friends is further deepened when a cheating scandal engulfs the school.",3.169554,/vh6tuoD9GIT8WpV3Nhob95OLGai.jpg,"[{'name': 'Orion Pictures', 'id': 41}]","[{'iso_3166_1': 'US', 'name': 'United States of America'}]",1983-07-22,0.0,98.0,"[{'iso_639_1': 'en', 'name': 'English'}]",Released,"The good news is, Jonathan's having his first affair. The bad news is, she's his roommate's mother!",Class,False,5.8,38.0
False,,0,"[{'id': 18, 'name': 'Drama'}]",,84116,tt0087359,en,"Grandview, U.S.A.","Life in the small town of Grandview, Illinois is one that is just like any other city or town. Tim Pearson, soon to be graduating high school wants to go to Florida to study oceanography. He meets Michelle ""Mike"" Cody and is attracted to her. She runs the local Demolition Derby place. Ernie ""Slam"" Webster is on of the drivers in the derby who's wife is cheating on him and wants to later on be with Mike. Tim falls for Mike and a big love triangle is about to happen.",8.143655,/uv050doScga5vL2dkq0fhvVEcB1.jpg,"[{'name': 'CBS Entertainment Productions', 'id': 3902}]","[{'iso_3166_1': 'US', 'name': 'United States of America'}]",1984-08-03,0.0,97.0,"[{'iso_639_1': 'en', 'name': 'English'}]",Released,Where dreams have a funny way of coming true.,"Grandview, U.S.A.",False,5.8,7.0
False,,20000000,"[{'id': 35, 'name': 'Comedy'}, {'id': 18, 'name': 'Drama'}, {'id': 10749, 'name': 'Romance'}]",,12626,tt0092699,en,Broadcast News,"Basket-case network news producer Jane Craig falls for new reporter Tom Grunnick, a pretty boy who represents the trend towards entertainment news she despises. Aaron Altman, a talented but plain correspondent, carries an unrequited torch for Jane. Sparks fly between the three as the network prepares for big changes, and both the news and Jane must decide between style and substance.",8.627019,/lbuBF2FbPqFoMSIY8BsXNMMhctR.jpg,"[{'name': 'Gracie Films', 'id': 18}, {'name': 'Twentieth Century Fox Film Corporation', 'id': 306}, {'name': 'Amercent Films', 'id': 5263}, {'name': 'American Entertainment Partners L.P.', 'id': 5264}]","[{'iso_3166_1': 'US', 'name': 'United States of America'}]",1987-12-16,51249404.0,133.0,"[{'iso_639_1': 'en', 'name': 'English'}]",Released,It's the story of their lives.,Broadcast News,False,6.8,101.0
False,,0,"[{'id': 35, 'name': 'Comedy'}, {'id': 10749, 'name': 'Romance'}]",,37818,tt0092537,en,The Allnighter,"Molly (Hoffs), Val (Pfeiffer) and Gina (Cusack) are graduating college, but on their final night, frustrations are aired. Molly is still looking for real love and Val is beginning to doubt if that is what she has found. Gina is too busy videotaping everything to really notice. When the final party at Pacifica College kicks off, things do not go exactly as planned.",0.612445,/d4PHcESLlzPiGsa3yPsVEyXz5c.jpg,[],[],1987-05-01,0.0,108.0,"[{'iso_639_1': 'en', 'name': 'English'}]",Released,Who says you can't do it all in one night?,The Allnighter,False,4.3,4.0
False,,28000000,"[{'id': 35, 'name': 'Comedy'}, {'id': 18, 'name': 'Drama'}, {'id': 10749, 'name': 'Romance'}]",,3525,tt0096463,en,Working Girl,"Witty, romantic look at life in the corporate jungle. Tess McGill is an ambitious secretary with a unique approach for climbing the ladder to success. When her classy, but villainous boss breaks a leg skiing, Tess takes over her office, her apartment and even her wardrobe. She creates a deal with a handsome investment banker that will either take her to the top, or finish her off for good.",8.318954,/nuI5dlPhKb0H1wyn85fIJirdwpX.jpg,"[{'name': 'Twentieth Century Fox Film Corporation', 'id': 306}]","[{'iso_3166_1': 'US', 'name': 'United States of America'}]",1988-12-20,103173635.0,114.0,"[{'iso_639_1': 'de', 'name': 'Deutsch'}, {'iso_639_1': 'en', 'name': 'English'}]",Released,For anyone who's ever won. For anyone who's ever lost. And for everyone who's still in there trying.,Working Girl,False,6.5,242.0
False,,0,"[{'id': 35, 'name': 'Comedy'}]",,129628,tt0096166,en,Stars & Bars,"Henderson Dores (Daniel Day Lewis), a New York based art dealer from England, travels to Georgia to persuade patriarch, Harry Dean Stanton, to sell a Monet previously thought lost.",0.40317,/eEURole1aCRHwtucP6fk6rchMH1.jpg,[],[],1988-03-18,0.0,94.0,"[{'iso_639_1': 'en', 'name': 'English'}]",Released,,Stars & Bars,False,5.3,2.0
False,,10000000,"[{'id': 35, 'name': 'Comedy'}, {'id': 80, 'name': 'Crime'}, {'id': 10749, 'name': 'Romance'}]",,2321,tt0095593,en,Married to the Mob,"Angela de Marco is fed up with her gangster husband's line of work and wants no part of the crime world. When her husband is killed for having an affair with the mistress of mob boss Tony ""The Tiger"" Russo, Angela and her son depart for New York City to make a fresh start. Unfortunately, Tony has set his sights upon Angela -- and so has an undercover FBI agent looking to use her to bust Tony.",5.611184,/wQAJv7qukZSd7grUWmXf6vt4OXC.jpg,"[{'name': 'Orion Pictures', 'id': 41}, {'name': 'Mysterious Arts', 'id': 1072}, {'name': 'Orion Pictures Corporation', 'id': 14150}]","[{'iso_3166_1': 'US', 'name': 'United States of America'}]",1988-08-19,21486757.0,104.0,"[{'iso_639_1': 'en', 'name': 'English'}]",Released,They're her family... Whether she likes it or not.,Married to the Mob,False,5.8,67.0
False,,0,"[{'id': 35, 'name': 'Comedy'}, {'id': 18, 'name': 'Drama'}, {'id': 10749, 'name': 'Romance'}]",,2028,tt0098258,en,Say Anything...,"A budding romance between noble underachiever Lloyd Dobler and high school valedictorian Diane Court is threatened when Diane's overly possessive, disapproving father interferes with their relationship. With a prized scholarship to study abroad hanging in the balance, Diane must find a way to make both men happy.",6.953646,/oVlRVSZx5IpQCC6uymBYpP1fggB.jpg,"[{'name': 'Gracie Films', 'id': 18}, {'name': 'Twentieth Century Fox Film Corporation', 'id': 306}]","[{'iso_3166_1': 'US', 'name': 'United States of America'}]",1989-04-14,20036737.0,100.0,"[{'iso_639_1': 'en', 'name': 'English'}]",Released,To know Lloyd Dobler is to love him. Diane Court is about to know Lloyd Dobler.,Say Anything...,False,7.2,244.0
False,,0,"[{'id': 28, 'name': 'Action'}, {'id': 35, 'name': 'Comedy'}]",,16384,tt0100212,en,My Blue Heaven,"FBI agent Barney Coopersmith is assigned to protect former Mafia figure turned informant Vincent Antonelli. In the witness protection program one is supposed to keep a low profile, but that is something that Antonelli has trouble doing. Coopersmith certainly has his hands full keeping Antonelli away from the Mafia hitmen who want to stop him testifying, not to mention the nightclubs...",5.451623,/4rTJLIBocmu1WjadfcZL2nsivZd.jpg,"[{'name': 'Warner Bros.', 'id': 6194}]","[{'iso_3166_1': 'US', 'name': 'United States of America'}]",1990-08-17,0.0,97.0,"[{'iso_639_1': 'en', 'name': 'English'}, {'iso_639_1': 'hu', 'name': 'Magyar'}]",Released,The stars of Parenthood in comedy about an urban hood finding suburbanhood.,My Blue Heaven,False,6.0,72.0
False,,0,"[{'id': 18, 'name': 'Drama'}]",http://www.imdb.com/title/tt0100134/,91217,tt0100134,en,Men Don't Leave,"After her husband John dies unexpectedly, Beth Macauley is unprepared for life without him. She is unemployed with no job skills and $60,000 in debt from on-going renovations to their house located in suburban Bingham. She doesn't know what to do but sell what material possessions she has, such as the family pick-up truck and the house, and move into an apartment in the city, namely Baltimore. Beth just wants to survive by finding a job she doesn't dislike, and keep her family together while trying to maintain her sanity and sense of self-worth",0.728037,/nG4QJg4ukabGAgbmANMCNBxUtp1.jpg,"[{'name': 'Geffen Company, The', 'id': 4354}, {'name': 'Warner Bros.', 'id': 6194}]","[{'iso_3166_1': 'US', 'name': 'United States of America'}]",1990-02-02,0.0,115.0,"[{'iso_639_1': 'en', 'name': 'English'}]",Released,,Men Don't Leave,False,6.6,10.0
False,,0,[],,77314,tt0101530,fr,The Cabinet of Dr. Ramirez,,0.0375,/8prmlT6iOYl3zFsDDJl9oDMUGeD.jpg,[],[],1991-12-04,0.0,,[],,,The Cabinet of Dr. Ramirez,False,0.0,0.0
False,,42000000,"[{'id': 18, 'name': 'Drama'}, {'id': 35, 'name': 'Comedy'}, {'id': 53, 'name': 'Thriller'}, {'id': 9648, 'name': 'Mystery'}]",,10699,tt0104412,en,Hero,"Bernie Laplante is having a rough time. He's divorced, his ex-wife hates him and has custody of their son, the cops are setting a trap for him, then to top it all, he loses a shoe whilst rescuing passengers of a crashed jet. Being a thief who is down on his luck, Bernie takes advantage of the crash, but then someone else claims credit for the rescue.",5.584089,/gT4qFlAcRcMvOanRPjke3MOSZGo.jpg,"[{'name': 'Columbia Pictures', 'id': 5}]","[{'iso_3166_1': 'US', 'name': 'United States of America'}]",1992-10-02,0.0,117.0,"[{'iso_639_1': 'en', 'name': 'English'}]",Released,We're all heroes if you catch us at the right moment. Even Bernie Laplante.,Hero,False,6.3,100.0
False,,0,"[{'id': 14, 'name': 'Fantasy'}, {'id': 35, 'name': 'Comedy'}, {'id': 878, 'name': 'Science Fiction'}]",,11597,tt0105629,en,Toys,"Leslie Zevo is a fun-loving inventor who must save his late father's toy factory from his evil uncle, Leland, a war-mongering general who rules the operation with an iron fist and builds weapons disguised as toys.",5.923774,/ea5W7Py440QZS38B6TaX1ja1TlN.jpg,"[{'name': 'Twentieth Century Fox Film Corporation', 'id': 306}, {'name': 'Baltimore Pictures', 'id': 11407}]","[{'iso_3166_1': 'US', 'name': 'United States of America'}]",1992-12-18,23278931.0,118.0,"[{'iso_639_1': 'en', 'name': 'English'}]",Released,Laughter is a state of mind.,Toys,False,5.0,173.0
False,,0,"[{'id': 18, 'name': 'Drama'}]",,218624,tt0082172,en,Choices,"A popular high school student seems to have it all; a spot on the football team, the love of playing music in the school orchestra and a girlfriend.  His world seems to come apart when the school doctor discovers he is partially deaf, causing him to be cut from the football team on the advice of the doctor.  The student's friends fight to keep him on the team; while he struggles with his problem by withdrawing from everything he loves and starts falling in with the wrong crowd.",0.304363,/sBil9Kaknw9njsOyLEcICIQgl8l.jpg,[],[],1981-10-01,0.0,90.0,"[{'iso_639_1': 'en', 'name': 'English'}]",Released,Blessed with a gift. Challenged by love.,Choices,False,0.0,0.0
False,,0,"[{'id': 35, 'name': 'Comedy'}]",,47947,tt0084938,en,Young Doctors in Love,"An ""Airplane!""-style spoof of hospital soap operas: a brilliant young trainee can't stand the sight of blood; a doctor romances the head nurse in order to get the key to the drugs cabinet; there's a mafioso on the loose disguised as a woman - in other words all the usual ingredients present and correct, though in this case the laughs are intentional.",1.768854,/9tiVp0TJRNcxrswAtOMKHa9OTmO.jpg,"[{'name': 'Twentieth Century Fox Film Corporation', 'id': 306}, {'name': 'ABC Motion Pictures', 'id': 13671}]","[{'iso_3166_1': 'US', 'name': 'United States of America'}]",1982-07-16,30688860.0,96.0,"[{'iso_639_1': 'en', 'name': 'English'}]",Released,Warning: This Movie May Be Dangerous To Your Health. You May Never Stop Laughing.,Young Doctors in Love,False,5.2,13.0
False,,800000,"[{'id': 27, 'name': 'Horror'}, {'id': 878, 'name': 'Science Fiction'}]",,48311,tt0084472,en,Parasite,"Paul Dean has created a deadly parasite that is now attached to his stomach. He and his female companion, Patricia Welles, must find a way to destroy it while also trying to avoid Ricus, his rednecks, and an evil government agent named Merchant.",0.577976,/eeUsgJrjZIMRFOVIOzFVERsQiPV.jpg,[],"[{'iso_3166_1': 'US', 'name': 'United States of America'}]",1982-03-12,7000000.0,85.0,"[{'iso_639_1': 'en', 'name': 'English'}]",Released,You will not feel the terror until you experience the movie!,Parasite,False,5.1,8.0
False,,0,"[{'id': 35, 'name': 'Comedy'}, {'id': 18, 'name': 'Drama'}, {'id': 10402, 'name': 'Music'}, {'id': 10749, 'name': 'Romance'}]",,44772,tt0087810,en,No Small Affair,"The 16 years old amateur photographer Charles accidentally takes a photo of Laura - and falls in love with her, when he develops the picture. He finds out that she works as singer in a bar, but is about to be thrown out. Although rejected at first by the 23 years old, he wants to help her and starts an ad campaign behind her back... with unexpected results.",8.895355,/s2VU2KPRZrLOvvALKo2Y39Z2SbL.jpg,"[{'name': 'Delphi II Productions', 'id': 7585}]","[{'iso_3166_1': 'US', 'name': 'United States of America'}]",1984-11-09,0.0,102.0,"[{'iso_639_1': 'en', 'name': 'English'}]",Released,He's 16. She's 22. All he wanted was her picture. What he got was... no small affair.,No Small Affair,False,5.4,13.0
False,,0,"[{'id': 35, 'name': 'Comedy'}, {'id': 10749, 'name': 'Romance'}]",,14347,tt0086973,en,Blame It on Rio,"Matthew Hollis is man on holiday in Rio with his best friend. Both men have teenage daughters with them. When Matthew falls for his best friend's amorous daughter named Jennifer, they embark on a secret, if slightly one-sided relationship. Jennifer's father is furious when he finds out about the 'older man' in his daughter's life, and sets out to hunt him down with the aid of Matthew!",7.643886,/34Rg7Eh9TxdKweL0Ugba0HElgAF.jpg,"[{'name': 'Sherwood', 'id': 556}]","[{'iso_3166_1': 'US', 'name': 'United States of America'}]",1984-02-17,18600000.0,100.0,"[{'iso_639_1': 'en', 'name': 'English'}, {'iso_639_1': 'fr', 'name': 'Français'}, {'iso_639_1': 'es', 'name': 'Español'}]",Released,She's the hottest thing on the beach. She's also his best friend's daughter!,Blame It on Rio,False,5.9,49.0
False,,0,"[{'id': 80, 'name': 'Crime'}, {'id': 18, 'name': 'Drama'}]",,41090,tt0092225,en,Wisdom,"Unable to find work after a past felony, graduate John Wisdom and his girlfriend embark on a cross-country bank-robbing spree in order to aid American farmers.",1.710851,/6Srtr5FffISxMcrc2y8TN5Wclcv.jpg,"[{'name': 'Gladden Entertainment', 'id': 1648}]","[{'iso_3166_1': 'US', 'name': 'United States of America'}]",1986-12-31,0.0,109.0,"[{'iso_639_1': 'en', 'name': 'English'}]",Released,They're on the wrong side of the law for all the right reasons.,Wisdom,False,5.9,15.0
False,,0,"[{'id': 18, 'name': 'Drama'}, {'id': 35, 'name': 'Comedy'}, {'id': 10749, 'name': 'Romance'}, {'id': 10751, 'name': 'Family'}]",,18282,tt0091680,en,One Crazy Summer,An aspiring teenage cartoonist and his friends come to the aid of a singer trying to save her family property from developers.,4.66789,/fFqMnlM6C2wLLbtno6LO5PtuRO6.jpg,"[{'name': 'A&M Films', 'id': 11043}]","[{'iso_3166_1': 'US', 'name': 'United States of America'}]",1986-08-08,0.0,89.0,"[{'iso_639_1': 'en', 'name': 'English'}]",Released,"They're out of school, out on Nantucket, and out of their minds. With this crowd, anything can happen!",One Crazy Summer,False,6.4,54.0
False,,0,"[{'id': 35, 'name': 'Comedy'}, {'id': 18, 'name': 'Drama'}, {'id': 10749, 'name': 'Romance'}]",,18169,tt0090583,en,About Last Night...,"A man and woman meet and try to have a romantic affair, despite their personal problems and the interference of their disapproving friends.",2.769589,/mBHRjyhRG01MGyv5re7xvGLgVWB.jpg,"[{'name': 'TriStar Pictures', 'id': 559}, {'name': 'Delphi V Productions', 'id': 1174}]","[{'iso_3166_1': 'US', 'name': 'United States of America'}]",1986-07-02,38702310.0,113.0,"[{'iso_639_1': 'en', 'name': 'English'}]",Released,Making love was easy...being in love difficult.,About Last Night...,False,5.6,51.0
False,,0,"[{'id': 27, 'name': 'Horror'}, {'id': 53, 'name': 'Thriller'}, {'id': 9648, 'name': 'Mystery'}, {'id': 14, 'name': 'Fantasy'}]",,11082,tt0096073,en,The Seventh Sign,"Abby is a pregnant woman with a curious new boarder in the apartment over her garage. Turns out he's heaven-sent and is speeding along the Apocalypse by bloodying rivers, egging on plagues and following scripture word for word.",4.720395,/9wwLewNiWka1moftFwphXVWX5ng.jpg,"[{'name': 'TriStar Pictures', 'id': 559}, {'name': 'Interscope Communications', 'id': 10201}, {'name': 'ML Delphi Premier Productions', 'id': 44425}]","[{'iso_3166_1': 'US', 'name': 'United States of America'}]",1988-04-01,18875011.0,97.0,"[{'iso_639_1': 'en', 'name': 'English'}]",Released,The seals have been broken. The prophecies have begun. Now only one woman can halt the end of our world.,The Seventh Sign,False,5.9,79.0
False,,20000000,"[{'id': 35, 'name': 'Comedy'}, {'id': 80, 'name': 'Crime'}, {'id': 18, 'name': 'Drama'}]",,5971,tt0098625,en,We're No Angels,Two escaped cons only prayer to escape is to pass themselves off as priests and pass by the police blockade at the border into the safety of Canada.,14.348459,/9he4Lp6Wkc9X7O46wMn92Ei6lB1.jpg,"[{'name': 'Paramount Pictures', 'id': 4}]","[{'iso_3166_1': 'US', 'name': 'United States of America'}]",1989-12-15,0.0,106.0,"[{'iso_639_1': 'en', 'name': 'English'}, {'iso_639_1': 'hu', 'name': 'Magyar'}, {'iso_639_1': 'it', 'name': 'Italiano'}]",Released,Escaped convicts disguised as priests. It'll take a miracle to get away with this one.,We're No Angels,False,5.6,106.0
False,,40000000,"[{'id': 35, 'name': 'Comedy'}, {'id': 12, 'name': 'Adventure'}]",,11933,tt0102558,en,Nothing but Trouble,"While attempting to seduce gorgeous lawyer Diane Lightson, wealthy gadabout Chris Thorne agrees to drive her to Atlantic City, N.J. But, when some reckless driving draws the attention of a deeply critical cop, they and the flamboyant ""Brazillionaires"" who tagged along end up in the court of a grotesque and vengeful judge, who has a special vendetta against the wealthy and erudite.",10.39662,/6gWVNDugHkBlSQSsoe6OmbaFasE.jpg,"[{'name': 'Warner Bros.', 'id': 6194}, {'name': 'Applied Action', 'id': 9265}]","[{'iso_3166_1': 'US', 'name': 'United States of America'}]",1991-02-14,8479793.0,94.0,"[{'iso_639_1': 'en', 'name': 'English'}]",Released,All they wanted was a little getaway. All they got was nothing but trouble.,Nothing but Trouble,False,5.0,88.0
False,,0,"[{'id': 14, 'name': 'Fantasy'}, {'id': 35, 'name': 'Comedy'}, {'id': 878, 'name': 'Science Fiction'}, {'id': 10749, 'name': 'Romance'}]",,20096,tt0101523,en,The Butcher's Wife,"A clairvoyant woman thinks that she's met her future husband because she's seen him in a dream. They marry and he takes her back to his butcher shop in New York city, where her powers tend to influence everyone she meets while working in the shop. Through her advice, she helps others and eventually finds the true man of her dreams.",6.825983,/8p7xXAqM9KS9VGMQj5ey6llIwRs.jpg,"[{'name': 'Paramount Pictures', 'id': 4}]","[{'iso_3166_1': 'US', 'name': 'United States of America'}]",1991-10-25,0.0,107.0,"[{'iso_639_1': 'en', 'name': 'English'}, {'iso_639_1': 'fr', 'name': 'Français'}]",Released,There's Magic In The Air.,The Butcher's Wife,False,5.6,35.0
False,,8000000,"[{'id': 9648, 'name': 'Mystery'}, {'id': 53, 'name': 'Thriller'}]",,30815,tt0102469,en,Mortal Thoughts,"A loathsome man ends up dead, but it's not clear who's to blame. If ever a person got what he deserved, it's James Urbanksi, an abusive drunk who steals from his wife, Joyce, and promises her close friend Cynthia Kellogg that she'll be the next target of his rage. At a group outing, James bleeds to death after someone cuts his throat. But because he's such a terrible human being, police aren't sure which of his acquaintances decided to kill him.",5.133778,/xXWYaBHxe5qxkADZeNfdfpb8Yj.jpg,"[{'name': 'Columbia Pictures', 'id': 5}]","[{'iso_3166_1': 'US', 'name': 'United States of America'}]",1991-04-19,0.0,104.0,"[{'iso_639_1': 'en', 'name': 'English'}]",Released,Murder is a secret that should never be shared.,Mortal Thoughts,False,5.3,43.0
False,,40000000,"[{'id': 18, 'name': 'Drama'}]",http://www.sonypictures.com/movies/afewgoodmen/,881,tt0104257,en,A Few Good Men,"When cocky military lawyer Lt. Daniel Kaffee and his co-counsel, Lt. Cmdr. JoAnne Galloway, are assigned to a murder case, they uncover a hazing ritual that could implicate high-ranking officials such as shady Col. Nathan Jessep.",12.330249,/WgWLwk55YaXFZdlMnPJTKlxGcz.jpg,"[{'name': 'David Brown Productions', 'id': 903}]","[{'iso_3166_1': 'US', 'name': 'United States of America'}]",1992-12-11,243240178.0,138.0,"[{'iso_639_1': 'en', 'name': 'English'}]",Released,,A Few Good Men,False,7.1,899.0
False,,38000000,"[{'id': 18, 'name': 'Drama'}]",,4478,tt0107211,en,Indecent Proposal,"Robert Redford stars as billionaire John Gage, who offers a down-on-his-luck yuppie husband (Woody Harrelson) $1 million for the opportunity to spend the night with the man's wife (Demi Moore).",7.118123,/tBsmJ9owjjnT4rO4kE1mOzxQAJc.jpg,"[{'name': 'Paramount Pictures', 'id': 4}]","[{'iso_3166_1': 'US', 'name': 'United States of America'}]",1993-04-07,266614059.0,117.0,"[{'iso_639_1': 'en', 'name': 'English'}]",Released,A husband. A wife. A millionaire. A proposal.,Indecent Proposal,False,5.8,300.0
False,,0,"[{'id': 18, 'name': 'Drama'}, {'id': 10749, 'name': 'Romance'}]",,22318,tt0120788,en,Permanent Midnight,"Ben Stiller plays comedy writer Jerry Stahl, whose $6000-a-week heroin habit had him taking his infant daughter along on his drug runs and doing smack during TV script conferences. Departing detox, Stahl explores memories with survivor Kitty, who listens patiently to Stahl's flashback. Other women in Stahl's life are his British wife Sandra and his agent Vola.",3.357962,/vbI0JizS0SmWzRm9wQXqjcL3mVz.jpg,"[{'name': 'JD Productions', 'id': 475}, {'name': 'Artisan Entertainment', 'id': 2188}]","[{'iso_3166_1': 'US', 'name': 'United States of America'}]",1998-09-12,0.0,88.0,"[{'iso_639_1': 'en', 'name': 'English'}]",Released,"He had a great job, beautiful wife and a habit the size of Utah.",Permanent Midnight,False,6.0,32.0
False,,0,"[{'id': 18, 'name': 'Drama'}, {'id': 10749, 'name': 'Romance'}]",,53113,tt0120776,en,One True Thing,A career woman reassesses her parents' lives after she is forced to care for her cancer-stricken mother.,2.586355,/6pW6exNLIhh8Y8iGStDGFpE3L7.jpg,"[{'name': 'Universal Pictures', 'id': 33}]","[{'iso_3166_1': 'US', 'name': 'United States of America'}]",1998-09-18,0.0,127.0,"[{'iso_639_1': 'en', 'name': 'English'}]",Released,Love What You Have.,One True Thing,False,6.2,27.0
False,"{'id': 90863, 'name': 'Rush Hour Collection', 'poster_path': '/pTjvzlYByJuZ4TTkmlHIe4aDFy2.jpg', 'backdrop_path': '/uoDt3eCCKpcxSQVWjPTgN8T0gjm.jpg'}",33000000,"[{'id': 28, 'name': 'Action'}, {'id': 35, 'name': 'Comedy'}, {'id': 80, 'name': 'Crime'}, {'id': 53, 'name': 'Thriller'}]",,2109,tt0120812,en,Rush Hour,"When Hong Kong Inspector Lee is summoned to Los Angeles to investigate a kidnapping, the FBI doesn't want any outside help and assigns cocky LAPD Detective James Carter to distract Lee from the case. Not content to watch the action from the sidelines, Lee and Carter form an unlikely partnership and investigate the case themselves.",11.840557,/jdfxpW5LF36sHsHjyH8CMBEG4TF.jpg,"[{'name': 'New Line Cinema', 'id': 12}]","[{'iso_3166_1': 'US', 'name': 'United States of America'}]",1998-09-18,244386864.0,98.0,"[{'iso_639_1': 'en', 'name': 'English'}]",Released,The Fastest Hands in the East Meet the Biggest Mouth in the West.,Rush Hour,False,6.8,1254.0
False,,0,"[{'id': 18, 'name': 'Drama'}]",,122289,tt0113658,en,Lilian's Story,"For forty years Lilian Singer has been locked up in a 'loony bin' by her father. Her release is eventually secured by her eccentric Aunt Kitty and her brother, John. Lilian starts to carve out a place for herself. As she explores Sydney and the people who live and work around her she sees others looking for love. Lilian shows us it is never too late to change your life and that even unusual choices can bring contentment.",0.964894,/7sl2VNfEPR2JnGhF0yZ1P4uT9de.jpg,"[{'name': 'Movieco Australia', 'id': 21144}]","[{'iso_3166_1': 'AU', 'name': 'Australia'}]",1996-05-09,0.0,94.0,"[{'iso_639_1': 'en', 'name': 'English'}]",Released,Everything matters.,Lilian's Story,False,6.0,2.0
False,,2000000,"[{'id': 28, 'name': 'Action'}, {'id': 12, 'name': 'Adventure'}, {'id': 878, 'name': 'Science Fiction'}]",,24746,tt0118736,en,Six-String Samurai,"In a post-apocalyptic world where the Russians have taken over a nuked USA and Elvis is king of Lost Vegas, Buddy is a '50s rocker and wandering warrior rolled into one, too-cool package. Armed with his six-string in one hand and his sword in the other, Buddy is on his way to Vegas to succeed Elvis as King. Along the way, he saves an orphan who decides to tag along.",2.740989,/8uTLYIaRBx1xZ1WXO5ksuAmqTW7.jpg,"[{'name': 'HSX Films', 'id': 4714}]","[{'iso_3166_1': 'US', 'name': 'United States of America'}]",1998-09-18,124494.0,91.0,"[{'iso_639_1': 'en', 'name': 'English'}]",Released,Vegas Needs a New King.,Six-String Samurai,False,5.8,36.0
False,,0,"[{'id': 18, 'name': 'Drama'}]",,72987,tt0120835,it,A Soldier's Daughter Never Cries,"This fictionalized story, based on the family life of writer James Jones, is an emotional slice-of-life story. Jones is portrayed here portrayed as Bill Willis, a former war hero turned author who combats alcoholism and is starting to experience health problems. Living in France with his wife, daughter, and an adopted son, the family travels an unconventional road which casts them as outsiders to others. Preaching a sexual freedom, his daughter's sexual discovery begins at an early age and betrays her when the family moves to Hanover in America. Her overt sexuality clashes with the values of her teenage American peers and gives her a problematic reputation. Meanwhile, her brooding brother copes with his own interior pain regarding his past, only comfortable communicating within the domestic space.",0.85691,/gdHuZl5pbHN8xOyapiozZ1CWuzg.jpg,"[{'name': 'Capitol Films', 'id': 826}, {'name': 'Merchant Ivory Productions', 'id': 20740}, {'name': 'British Screen Productions', 'id': 20777}]","[{'iso_3166_1': 'FR', 'name': 'France'}, {'iso_3166_1': 'GB', 'name': 'United Kingdom'}, {'iso_3166_1': 'US', 'name': 'United States of America'}]",1998-09-18,1782005.0,127.0,"[{'iso_639_1': 'en', 'name': 'English'}, {'iso_639_1': 'fr', 'name': 'Français'}]",Released,The city of lights. A famous American author and the decade that changed a generation...forever.,A Soldier's Daughter Never Cries,False,7.0,5.0
False,,0,"[{'id': 35, 'name': 'Comedy'}, {'id': 18, 'name': 'Drama'}]",,193103,tt0120162,en,Somewhere in the City,"The film portrays life of New York City's Lower East Side inhabitants. Introvert therapist Betty is befriended with Chinese immigrant Lu Lu, leftist radical Che is also Lu Lu's friend. Italian immigrant and wife of supervisor of building where they all live, Marta, is having an affair with her neighbour Frankie who likes scams. One of his scams goes terribly wrong.",0.00765,/ayTWXXVfvoVrmHe9g18c7ecpVMw.jpg,"[{'name': 'Sideshow Pictures', 'id': 29489}]",[],1998-06-11,0.0,94.0,"[{'iso_639_1': 'en', 'name': 'English'}]",Released,,Somewhere in the City,False,0.0,0.0
False,,55000000,"[{'id': 28, 'name': 'Action'}, {'id': 53, 'name': 'Thriller'}, {'id': 80, 'name': 'Crime'}, {'id': 12, 'name': 'Adventure'}]",,8195,tt0122690,en,Ronin,"A briefcase with undisclosed contents – sought by Irish terrorists and the Russian mob – makes its way into criminals' hands. An Irish liaison assembles a squad of mercenaries, or 'ronin', and gives them the thorny task of recovering the case.",9.672094,/UoFUXemMYGKuCN01Y111JlPjjr.jpg,"[{'name': 'United Artists', 'id': 60}, {'name': 'FGM Entertainment', 'id': 2347}]","[{'iso_3166_1': 'FR', 'name': 'France'}, {'iso_3166_1': 'GB', 'name': 'United Kingdom'}, {'iso_3166_1': 'US', 'name': 'United States of America'}]",1998-09-25,41610884.0,122.0,"[{'iso_639_1': 'en', 'name': 'English'}, {'iso_639_1': 'fr', 'name': 'Français'}, {'iso_639_1': 'ru', 'name': 'Pусский'}]",Released,Your ally could become your enemy.,Ronin,False,6.8,670.0
False,"{'id': 52760, 'name': 'Urban Legend', 'poster_path': '/xhxs9fukHkkFgVcdoWKViiqduLo.jpg', 'backdrop_path': '/hSMhHSKOXLe0VGiDSbTwBbX55xv.jpg'}",14000000,"[{'id': 27, 'name': 'Horror'}, {'id': 53, 'name': 'Thriller'}]",,9877,tt0146336,en,Urban Legend,"There's a campus killer on the loose who's making urban legends, like the one about eating pop rocks and soda at the same time will make your stomach explode and the one about a psycho with an axe stepping into the backseat of your car at the gas station when not looking, into reality.",6.081401,/2oIf0ibr0zlhuhgbOwFSHimh7P6.jpg,"[{'name': 'Original Film', 'id': 333}, {'name': 'TriStar Pictures', 'id': 559}, {'name': 'Phoenix Pictures', 'id': 11317}, {'name': 'Canal+ Droits Audiovisuels', 'id': 53473}]","[{'iso_3166_1': 'CA', 'name': 'Canada'}, {'iso_3166_1': 'FR', 'name': 'France'}, {'iso_3166_1': 'US', 'name': 'United States of America'}]",1998-09-25,72527595.0,99.0,"[{'iso_639_1': 'en', 'name': 'English'}, {'iso_639_1': 'it', 'name': 'Italiano'}]",Released,It Happened To Someone Who Knows Someone You Know... You're Next.,Urban Legend,False,5.6,293.0
False,,0,"[{'id': 35, 'name': 'Comedy'}, {'id': 80, 'name': 'Crime'}, {'id': 18, 'name': 'Drama'}, {'id': 53, 'name': 'Thriller'}]",,26618,tt0118863,en,Clay Pigeons,"Clay is a young man in a small town who witnesses his friend, Earl kill himself because of the ongoing affair that Clay was having with the man's wife, Amanda. Feeling guilty, Clay now resists the widow when she presses him to continue with their sexual affairs. Clay inadvertently befriends a serial killer named Lester Long, who murders the widow in an attempt to ""help"" his ""fishing buddy.""",6.108589,/titlFNXp9nATuiyOr0Q3QCKW7IW.jpg,"[{'name': 'Intermedia Films', 'id': 763}, {'name': 'IMF Internationale Medien und Film GmbH & Co. 2. Produktions KG', 'id': 23861}, {'name': 'Fade In Films', 'id': 40002}]","[{'iso_3166_1': 'DE', 'name': 'Germany'}, {'iso_3166_1': 'US', 'name': 'United States of America'}]",1998-09-25,0.0,104.0,"[{'iso_639_1': 'en', 'name': 'English'}]",Released,"Some killers are strange, some are deranged, and some are just plain psycho.",Clay Pigeons,False,6.3,39.0
False,,0,"[{'id': 18, 'name': 'Drama'}, {'id': 53, 'name': 'Thriller'}, {'id': 80, 'name': 'Crime'}]",,21132,tt0119802,en,Monument Ave.,"Bobby O'Grady a low level member of a Boston Irish gang run by Jackie O'Hara. Jackie demands absolute, total loyalty to him. When Jackie kills one of Bobby's buddies, Teddy, Bobby and others have to keep it an absolute secret, even from their and Teddy's relatives.",2.258288,/hWthx3bzq6FoDUxu0bqZIwQqrSq.jpg,"[{'name': 'Clinica Estetico', 'id': 1274}, {'name': 'Spanky Pictures', 'id': 1566}, {'name': 'The Kushner-Locke Company', 'id': 2499}, {'name': 'Phoenician Films', 'id': 3901}, {'name': 'Apostle', 'id': 6996}, {'name': 'Tribeca Productions', 'id': 11391}, {'name': 'Filmline International', 'id': 40759}]","[{'iso_3166_1': 'CA', 'name': 'Canada'}, {'iso_3166_1': 'US', 'name': 'United States of America'}]",1998-09-25,0.0,93.0,"[{'iso_639_1': 'en', 'name': 'English'}]",Released,,Monument Ave.,False,6.3,8.0
False,,0,"[{'id': 35, 'name': 'Comedy'}]",,11855,tt0126604,en,Pecker,"A Baltimore sandwich shop employee becomes an overnight sensation when photographs he's taken of his weird family become the latest rage in the art world. The young man is called ""Pecker"" because he pecks at his food like a bird.",2.348919,/zU37bUEGBuX7c7j6l04lMyn2M0m.jpg,"[{'name': 'Polar Entertainment', 'id': 17411}]","[{'iso_3166_1': 'US', 'name': 'United States of America'}]",1998-09-16,0.0,87.0,"[{'iso_639_1': 'en', 'name': 'English'}]",Released,He never realized how far 35 millimeters would take him.,Pecker,False,6.0,52.0
False,,25000000,"[{'id': 12, 'name': 'Adventure'}, {'id': 18, 'name': 'Drama'}, {'id': 10749, 'name': 'Romance'}]",,24016,tt0100594,en,The Sheltering Sky,"An American couple (John Malkovich, Debra Winger) drift toward emptiness in postwar North Africa.",13.798247,/tT0YkWpOYM8YpG8GTJQ2qXjhqRa.jpg,"[{'name': 'Warner Bros.', 'id': 6194}]","[{'iso_3166_1': 'IT', 'name': 'Italy'}, {'iso_3166_1': 'GB', 'name': 'United Kingdom'}]",1990-10-24,2075084.0,138.0,"[{'iso_639_1': 'ar', 'name': 'العربية'}, {'iso_639_1': 'en', 'name': 'English'}, {'iso_639_1': 'fr', 'name': 'Français'}]",Released,A woman's dangerous and erotic journey...,The Sheltering Sky,False,6.4,51.0
False,,0,"[{'id': 18, 'name': 'Drama'}, {'id': 10769, 'name': 'Foreign'}]",,14785,tt0109206,en,Bandit Queen,"Born a lower-caste girl in rural India's patriarchal society, ""married"" at 11, repeatedly raped and brutalized, Phooland Devi finds freedom only as an avenging warrior, the eponymous Bandit Queen. Devi becomes a kind a bloody Robin Hood; this extraordinary biographical film offers both a vivid portrait of a driven woman and a savage critique of the society that made her.",0.976798,/zoYg9IliZbCWYxDg4LTCnlEn7JO.jpg,"[{'name': 'Channel Four Films', 'id': 181}, {'name': 'Kaleidoscope Entertainment', 'id': 2141}, {'name': 'Kaleidoscope Productions', 'id': 38210}]","[{'iso_3166_1': 'IN', 'name': 'India'}, {'iso_3166_1': 'GB', 'name': 'United Kingdom'}]",1994-09-09,399.0,119.0,"[{'iso_639_1': 'as', 'name': ''}, {'iso_639_1': 'hi', 'name': 'हिन्दी'}]",Released,Revenge was her reply.,Bandit Queen,False,7.1,11.0
False,,0,"[{'id': 18, 'name': 'Drama'}]",,14794,tt0063850,en,If....,"The film is a caustic portrait of a traditional English boys’ boarding school, where social hierarchy reigns supreme and power remains in the hands of distanced and ineffectual teachers and callously vicious prefects in the Upper Sixth. But three Lower Sixth students, leader Mick Travis (Malcolm McDowell),  Wallace (Richard Warwick) and Johnny (David Wood) decide on a shocking course of action to redress the balance of privilege once and for all.",12.083475,/cR4v6Ph37Zedmg7KEKO2VC5tkga.jpg,"[{'name': 'Paramount Pictures', 'id': 4}, {'name': 'Memorial Enterprises', 'id': 3067}]","[{'iso_3166_1': 'GB', 'name': 'United Kingdom'}]",1968-12-19,500000.0,111.0,"[{'iso_639_1': 'en', 'name': 'English'}, {'iso_639_1': 'la', 'name': 'Latin'}]",Released,Which side would you be on?,If....,False,7.2,80.0
False,,0,"[{'id': 35, 'name': 'Comedy'}, {'id': 27, 'name': 'Horror'}]",,3486,tt0080731,en,The Fiendish Plot of Dr. Fu Manchu,"Fu Manchu's 168th birthday celebration is dampened when a hapless flunky spills Fu's age-regressing elixir vitae. Fu sends his lackeys to round up ingredients for a new batch of elixir, starting with the Star of Leningrad diamond, nabbed from a Soviet exhibition in Washington. The FBI sends agents Capone and Williams to England to confer with Nayland Smith, an expert on Fu.",0.886041,/pXdDEY47CTvGgkz3XC06mV3F98L.jpg,"[{'name': 'Playboy Enterprises', 'id': 1431}]","[{'iso_3166_1': 'GB', 'name': 'United Kingdom'}, {'iso_3166_1': 'US', 'name': 'United States of America'}]",1980-08-08,0.0,108.0,"[{'iso_639_1': 'en', 'name': 'English'}]",Released,BEWARE! See this movie - An hour later you'll want to see it again!,The Fiendish Plot of Dr. Fu Manchu,False,4.4,12.0
False,,23000000,"[{'id': 878, 'name': 'Science Fiction'}, {'id': 9648, 'name': 'Mystery'}, {'id': 27, 'name': 'Horror'}]",,11071,tt0047573,en,Them!,Nuclear tests in the desert result in the growth of gigantic mutant ants who menace cities in the American south-west as a team of investigators and the army search for a way to control their spread in this Cold War-era monster film.,9.222871,/ndYEgAzS01AlrUr4yetiJYOVMz1.jpg,"[{'name': 'Warner Bros.', 'id': 6194}]","[{'iso_3166_1': 'US', 'name': 'United States of America'}]",1954-06-16,0.0,94.0,"[{'iso_639_1': 'en', 'name': 'English'}]",Released,The Amazing New Warner Bros. Sensation!,Them!,False,6.8,111.0
False,"{'id': 479888, 'name': 'The Thing Collection', 'poster_path': '/9O8LH1fyDNIR26UdtQK4NLGbvLI.jpg', 'backdrop_path': '/lUPruOqjDhZrCKz9Ze2tCufPxHR.jpg'}",15000000,"[{'id': 27, 'name': 'Horror'}, {'id': 9648, 'name': 'Mystery'}, {'id': 878, 'name': 'Science Fiction'}]",http://www.theofficialjohncarpenter.com/the-thing/,1091,tt0084787,en,The Thing,Scientists in the Antarctic are confronted by a shape-shifting alien that assumes the appearance of the people that it kills.,16.83125,/s5fH3GqFcHbi2F0NSBSh4KRNTc0.jpg,"[{'name': 'Universal Pictures', 'id': 33}, {'name': 'Turman-Foster Company', 'id': 662}]","[{'iso_3166_1': 'US', 'name': 'United States of America'}]",1982-06-25,19629760.0,109.0,"[{'iso_639_1': 'en', 'name': 'English'}, {'iso_639_1': 'no', 'name': 'Norsk'}]",Released,Man is The Warmest Place to Hide.,The Thing,False,7.8,1629.0
False,,8000000,"[{'id': 35, 'name': 'Comedy'}, {'id': 18, 'name': 'Drama'}]",,10403,tt0105151,en,The Player,A Hollywood studio executive is being sent death threats by a writer whose script he rejected - but which one?,6.230854,/g20oPyKrX317mRpOV5skpdQqf3p.jpg,"[{'name': 'Fine Line Features', 'id': 8}, {'name': 'Avenue Pictures Productions', 'id': 251}, {'name': 'Spelling Entertainment', 'id': 272}, {'name': 'Addis Wechsler Pictures', 'id': 4665}]","[{'iso_3166_1': 'US', 'name': 'United States of America'}]",1992-04-03,21706101.0,124.0,"[{'iso_639_1': 'en', 'name': 'English'}]",Released,Everything you've heard is true!,The Player,False,6.9,169.0
False,,10000000,"[{'id': 35, 'name': 'Comedy'}, {'id': 18, 'name': 'Drama'}, {'id': 10749, 'name': 'Romance'}]",,11337,tt0081554,en,Stardust Memories,"While attending a retrospect of his work, a filmmaker recalls his life and his loves: the inspirations for his films.",5.720538,/97Xg6j23ddpQVxlain2vTMmzDdK.jpg,"[{'name': 'United Artists', 'id': 60}, {'name': 'Jack Rollins & Charles H. Joffe Productions', 'id': 13309}]","[{'iso_3166_1': 'US', 'name': 'United States of America'}]",1980-09-26,10389003.0,89.0,"[{'iso_639_1': 'en', 'name': 'English'}]",Released,,Stardust Memories,False,6.9,96.0
False,,20000000,"[{'id': 14, 'name': 'Fantasy'}, {'id': 18, 'name': 'Drama'}, {'id': 10749, 'name': 'Romance'}]",,162,tt0099487,en,Edward Scissorhands,A small suburban town receives a visit from a castaway unfinished science experiment named Edward.,17.612244,/kgLTB53HinftRRwhft7yrUOclDC.jpg,"[{'name': 'Twentieth Century Fox Film Corporation', 'id': 306}]","[{'iso_3166_1': 'US', 'name': 'United States of America'}]",1990-12-05,53000000.0,105.0,"[{'iso_639_1': 'en', 'name': 'English'}]",Released,His scars run deep.,Edward Scissorhands,False,7.5,3731.0
False,,12000000,"[{'id': 35, 'name': 'Comedy'}, {'id': 10749, 'name': 'Romance'}]",,25723,tt0117276,en,Overnight Delivery,"A man suspects his girlfriend of being unfaithful. So he sends her a letter, but than finds out that he was wrong. He has 24 hours to stop the package, prevent a disaster, and fall in love. The only problem is the delivery man will not stop until the package has been delivered.",2.305829,/eaQDlBPTdvgWkr7jxzlKd5pBd4u.jpg,"[{'name': 'New Line Cinema', 'id': 12}, {'name': 'Motion Picture Corporation of America (MPCA)', 'id': 11061}]","[{'iso_3166_1': 'US', 'name': 'United States of America'}]",1998-04-07,0.0,87.0,"[{'iso_639_1': 'de', 'name': 'Deutsch'}]",Released,"They've got 24 hours to stop a package, prevent a disaster, and fall in love.",Overnight Delivery,False,5.8,24.0
False,,0,"[{'id': 18, 'name': 'Drama'}]",,73351,tt0144604,en,Shadrach,"In 1935, 99-year-old former slave Shadrach asks to be buried on the soil where he was born to slavery, and that land is owned by the large Dabney family, consisting of Vernon, Trixie and their seven children, and to bury a black man on that land is a violation of strict Virginia law.",0.532294,/ll0OF0HyXuPrSBf5R0UfdMfQ9Au.jpg,"[{'name': 'Nu Image Films', 'id': 925}, {'name': 'Millennium Films', 'id': 10254}, {'name': 'Tidewater Pictures Inc.', 'id': 40244}]","[{'iso_3166_1': 'US', 'name': 'United States of America'}]",1998-09-22,0.0,89.0,"[{'iso_639_1': 'en', 'name': 'English'}]",Released,,Shadrach,False,6.6,4.0
False,,60000000,"[{'id': 12, 'name': 'Adventure'}, {'id': 16, 'name': 'Animation'}, {'id': 35, 'name': 'Comedy'}, {'id': 10751, 'name': 'Family'}]",,8916,tt0120587,en,Antz,"In this animated hit, a neurotic worker ant in love with a rebellious princess rises to unlikely stardom when he switches places with a soldier. Signing up to march in a parade, he ends up under the command of a bloodthirsty general. But he's actually been enlisted to fight against a termite army.",16.025625,/3biVcPu5hrfKUMC73sTFq17dmmS.jpg,"[{'name': 'DreamWorks SKG', 'id': 27}, {'name': 'Pacific Data Images (PDI)', 'id': 520}, {'name': 'DreamWorks Animation', 'id': 521}]","[{'iso_3166_1': 'US', 'name': 'United States of America'}]",1998-10-02,171757863.0,83.0,"[{'iso_639_1': 'en', 'name': 'English'}]",Released,Every ant has his day.,Antz,False,6.0,1320.0
False,,0,"[{'id': 35, 'name': 'Comedy'}]",,28134,tt0120823,en,The Impostors,"In an attempt to resurrect the slapstick comedy of Laurel and Hardy or The Marx Brothers, Stanley Tucci and Oliver Platt team-up as two out-of-work actors who accidentally stow away on a ship to hide from a drunken, belligerent lead actor who has sworn to kill them for belittling his talents.",2.533982,/5HWt9UOZAqVzxOrv1ZH5g3RfxKX.jpg,"[{'name': 'Fox Searchlight Pictures', 'id': 43}]",[],1998-05-18,2197921.0,101.0,"[{'iso_639_1': 'it', 'name': 'Italiano'}]",Released,Why be yourself when you can be somebody else?,The Impostors,False,6.0,18.0
False,,17000000,"[{'id': 35, 'name': 'Comedy'}]",,9429,tt0120770,en,A Night at the Roxbury,"Despite being well into adulthood, brothers Doug and Steve Butabi still live at home and work in the flower shop owned by their dad. They exist only to hit on women at discos, though they're routinely unsuccessful until a chance run-in with Richard Grieco gets them inside the swank Roxbury club. Mistaken for high rollers, they meet their dream women, Vivica and Cambi, and resolve to open a club of their own.",12.480685,/2FtgYPCD47IZ1yUgr05Zn87M98o.jpg,"[{'name': 'Paramount Pictures', 'id': 4}, {'name': 'SNL Studios', 'id': 2822}]","[{'iso_3166_1': 'US', 'name': 'United States of America'}]",1998-10-01,30331165.0,81.0,"[{'iso_639_1': 'en', 'name': 'English'}]",Released,Score!,A Night at the Roxbury,False,5.9,202.0
False,,85000000,"[{'id': 18, 'name': 'Drama'}, {'id': 14, 'name': 'Fantasy'}, {'id': 10749, 'name': 'Romance'}]",,12159,tt0120889,en,What Dreams May Come,"Chris Neilson dies to find himself in a heaven more amazing than he could have ever dreamed of. There is one thing missing: his wife. After he dies, his wife, Annie killed herself and went to hell. Chris decides to risk eternity in hades for the small chance that he will be able to bring her back to heaven.",11.218378,/rNQH6Q8RPXD59aqGckST3CKQbCf.jpg,"[{'name': 'PolyGram Filmed Entertainment', 'id': 1382}]","[{'iso_3166_1': 'NZ', 'name': 'New Zealand'}, {'iso_3166_1': 'US', 'name': 'United States of America'}]",1998-10-02,71485043.0,113.0,"[{'iso_639_1': 'en', 'name': 'English'}]",Released,After life there is more. The end is just the beginning.,What Dreams May Come,False,6.8,596.0
False,,1100000,"[{'id': 27, 'name': 'Horror'}]",,27791,tt0124102,en,Strangeland,"A pierced and tattooed sadist, Captain Howdy, trolls the Internet for naive teens, luring them to his home to torture and defile them. When Howdy kidnaps and tortures the daughter of police Detective Mike Gage, he is caught. Deemed insane, he is sent to an asylum but is released soon after, seemingly better. However, Gage knows it is only a matter of time before Howdy strikes again, and he's ready to unleash his own form of retribution when the time comes.",2.31478,/4N5c0y9ab4rbz9un65waaBKWIhq.jpg,"[{'name': 'Shooting Gallery', 'id': 1596}, {'name': 'Snider Than Thou Productions Inc.', 'id': 56396}]","[{'iso_3166_1': 'US', 'name': 'United States of America'}]",1998-10-02,631221.0,86.0,"[{'iso_639_1': 'en', 'name': 'English'}]",Released,Wanna come to a party?,Strangeland,False,4.7,36.0
False,,0,"[{'id': 35, 'name': 'Comedy'}]",,43106,tt0052607,en,The Battle of the Sexes,"Angela Barrows is a man-eating business woman sent by her American employer to investigate their export opportunities in Edinburgh. En route she meets Robert MacPherson a businessman who asks for her help to bring his company into the 20th Century. The staff, led by Mr Martin has other ideas though, and a battle between the old and new business methods soon breaks out.",0.586584,/ezlxZUaH6DiiRRsOlMl8xoMwy5R.jpg,"[{'name': 'Prometheus Film Productions Ltd', 'id': 18149}]","[{'iso_3166_1': 'GB', 'name': 'United Kingdom'}]",1960-02-25,0.0,84.0,"[{'iso_639_1': 'en', 'name': 'English'}]",Released,,The Battle of the Sexes,False,7.2,7.0
False,,947000,"[{'id': 35, 'name': 'Comedy'}]",,30197,tt0063462,en,The Producers,"Broadway producer, Max Bialystock and his accountant, Leo Bloom plan to make money by charming little old ladies to invest in a production many times over what it will actually cost, and then put on a sure-fire flop, so nobody will ask for their money back – and what can be a more certain flop than a tasteless musical celebrating Hitler.",7.433784,/xgKikS0QQcWS1CvhjbemeoBFd32.jpg,"[{'name': 'Embassy Pictures Corporation', 'id': 419}, {'name': 'Crossbow Productions', 'id': 1296}]","[{'iso_3166_1': 'US', 'name': 'United States of America'}]",1967-11-22,0.0,88.0,"[{'iso_639_1': 'en', 'name': 'English'}, {'iso_639_1': 'de', 'name': 'Deutsch'}]",Released,Hollywood Never Faced a Zanier Zero Hour!,The Producers,False,7.3,177.0
False,,11000000,"[{'id': 35, 'name': 'Comedy'}]",,10156,tt0082517,en,History of the World: Part I,"An uproarious version of history that proves nothing is sacred – not even the Roman Empire, the French Revolution and the Spanish Inquisition.",9.270492,/6jOfKftlw1M5cT2oijL3U1Lt6Up.jpg,"[{'name': 'Twentieth Century Fox Film Corporation', 'id': 306}, {'name': 'Brooksfilms', 'id': 5612}]","[{'iso_3166_1': 'US', 'name': 'United States of America'}]",1981-06-12,31672907.0,92.0,"[{'iso_639_1': 'fr', 'name': 'Français'}, {'iso_639_1': 'la', 'name': 'Latin'}, {'iso_639_1': 'en', 'name': 'English'}]",Released,"Ten million years in the making. The truth, the whole truth, and everything, but the truth!",History of the World: Part I,False,6.5,205.0
False,,11000000,"[{'id': 35, 'name': 'Comedy'}, {'id': 18, 'name': 'Drama'}]",,10377,tt0104952,en,My Cousin Vinny,"Two carefree pals traveling through Alabama are mistakenly arrested, and charged with murder. Fortunately, one of them has a cousin who's a lawyer - Vincent Gambini, a former auto mechanic from Brooklyn who just passed his bar exam after his sixth try. When he arrives with his leather-clad girlfriend , to try his first case, it's a real shock - for him and the Deep South!",7.922216,/zcd2U5BAP0rYOucfcj8nE4VVVKC.jpg,"[{'name': 'Twentieth Century Fox Film Corporation', 'id': 306}, {'name': 'Palo Vista Productions', 'id': 89303}, {'name': 'Peter V. Miller Investment Corp.', 'id': 89304}]","[{'iso_3166_1': 'US', 'name': 'United States of America'}]",1992-03-13,64088552.0,120.0,"[{'iso_639_1': 'en', 'name': 'English'}]",Released,"Truth, Justice and the Gambini Way",My Cousin Vinny,False,7.3,393.0
False,,2200000,"[{'id': 18, 'name': 'Drama'}, {'id': 10402, 'name': 'Music'}]",,3121,tt0073440,en,Nashville,This movie tells the intersecting stories of various people connected to the music business in Nashville. Barbara Jean is the reigning queen of Nashville but is near collapse. Linnea and Delbert Reese have a shaky marriage and 2 deaf children. Opal is a British journalist touring the area. These and other stories come together in a dramatic climax.,9.042678,/bGnArVmtOqBqU5TDGi5DewcDKQd.jpg,"[{'name': 'Paramount Pictures', 'id': 4}, {'name': 'American Broadcasting Company (ABC)', 'id': 3065}, {'name': 'ABC Entertainment', 'id': 18742}]","[{'iso_3166_1': 'US', 'name': 'United States of America'}]",1975-06-11,0.0,159.0,"[{'iso_639_1': 'en', 'name': 'English'}]",Released,Wild. Wonderful. Sinful. Laughing. Explosive.,Nashville,False,7.2,79.0
False,,0,"[{'id': 10770, 'name': 'TV Movie'}, {'id': 18, 'name': 'Drama'}]",,4975,tt0119577,en,Love Is the Devil: Study for a Portrait of Francis Bacon,"Biography of the British painter Francis Bacon. The movie focuses on his relationship with George Dyer, his lover. Dyer was a former small time crook.",1.354102,/wRYFf3o6JP4ezL5Ci8yF8m7EHf6.jpg,[],"[{'iso_3166_1': 'GB', 'name': 'United Kingdom'}]",1998-09-16,0.0,90.0,"[{'iso_639_1': 'en', 'name': 'English'}]",Released,,Love Is the Devil: Study for a Portrait of Francis Bacon,False,6.7,19.0
False,,1,"[{'id': 18, 'name': 'Drama'}]",,37532,tt0139615,en,Slam,"Slam tells the story of Ray Joshua, an original, gifted young MC trapped in a war-zone housing project known as Dodge City. Unable to find a job, Ray copes with the despair and poverty of his neighborhood by using his wits and verbal talent. Written by Offline Publicist Young Ray Joshua lives in the Washington, DC, district known as Dodge City, which is dominated by gang wars. One day he is arrested when his drug dealer is gunned down while talking to him. He is put to prison where two rival gangs, Thug Life and the Union, want to recruit him as a member.",0.555304,/ia9OuD1ijbO7amEaNzUvbeLWbi0.jpg,[],[],1998-10-07,0.0,100.0,[],Released,Words make sense of a world that won't.,Slam,False,6.7,7.0
False,,60000000,"[{'id': 18, 'name': 'Drama'}, {'id': 35, 'name': 'Comedy'}]",,9713,tt0120701,en,Holy Man,"Eddie Murphy stars as an over-the-top television evangelist who finds a way to turn television home shopping into a religious experience, and takes America by storm.",5.403617,/11mINUUPFtqEBdsbayBenOaTWbP.jpg,"[{'name': 'Caravan Pictures', 'id': 175}, {'name': 'Touchstone Pictures', 'id': 9195}]","[{'iso_3166_1': 'US', 'name': 'United States of America'}]",1998-10-08,0.0,114.0,"[{'iso_639_1': 'en', 'name': 'English'}]",Released,The Comedy Where Nothing's Sacred!,Holy Man,False,4.9,113.0
False,,0,[],,134368,tt0122642,en,One Tough Cop,,1.082,/ihg8EBrYWdFYTRdLCnqqtN8dRLC.jpg,"[{'name': 'Patriot Pictures', 'id': 2373}]",[],1998-10-09,0.0,90.0,"[{'iso_639_1': 'en', 'name': 'English'}]",Released,,One Tough Cop,False,3.0,3.0
False,,0,"[{'id': 18, 'name': 'Drama'}, {'id': 28, 'name': 'Action'}, {'id': 80, 'name': 'Crime'}]",,85837,tt0069966,en,Detroit 9000,"After a fundraiser for a black politician is robbed, Detroit police put two detectives, one white and one black, on the case, who try to work together under boiling political pressure.",0.37055,/kDrblsZBZCbDgmcYRPNMMDwNZ8e.jpg,"[{'name': 'Holly Hill Productions', 'id': 38609}]","[{'iso_3166_1': 'US', 'name': 'United States of America'}]",1973-08-01,0.0,106.0,"[{'iso_639_1': 'en', 'name': 'English'}]",Released,It's the murder capital of the world. And the biggest black rip-off of the decade.,Detroit 9000,False,6.0,10.0
False,,0,"[{'id': 18, 'name': 'Drama'}, {'id': 10769, 'name': 'Foreign'}]",,1039,tt0141824,de,Die Siebtelbauern,"In a small farming valley in Austria in the beginning of the 20th century a tyrannical farmer is found dead, and all the farmhands are relieved to be free of their tyrant. But the farmer was childless, so suddenly they all inherit the farm together. Now conflicts begin, as nobody is the boss and nobody has to obey.",0.639285,/39UvdRSdETUixSeQ86KI996e7J8.jpg,"[{'name': 'Bayerischer Rundfunk', 'id': 162}, {'name': 'Dor Film Produktionsgesellschaft GmbH', 'id': 608}, {'name': 'Österreichischer Rundfunk (ORF)', 'id': 3391}]","[{'iso_3166_1': 'AT', 'name': 'Austria'}]",1998-06-19,0.0,95.0,"[{'iso_639_1': 'de', 'name': 'Deutsch'}]",Released,The rich get richer... and sometimes the poor get richer too.,The Inheritors,False,6.6,7.0
False,,0,"[{'id': 35, 'name': 'Comedy'}, {'id': 18, 'name': 'Drama'}]",,9821,tt0119670,en,The Mighty,"This tells the story of a strong friendship between a young boy with Morquio's syndrome and an older boy who is always bullied because of his size. Adapted from the novel, Freak the Mighty, the film explores a building of trust and friendship. Kevin, an intelligent guy helps out Maxwell to improve his reading skills. In return, Kevin wants Maxwell to take him out places since he is not allowed out unauthorized. Being the social outcasts of the town, Kevin and Maxwell come to realize that they are similar to each other and accept that they are ""freaks"" and nothing will stop them.",6.78844,/mPd6AxMdTtOvfKd8c2Wc3OalIhG.jpg,"[{'name': 'Miramax Films', 'id': 14}]","[{'iso_3166_1': 'US', 'name': 'United States of America'}]",1998-10-23,0.0,100.0,"[{'iso_639_1': 'en', 'name': 'English'}]",Released,The quest for friendship is the noblest cause of all,The Mighty,False,7.1,51.0
False,"{'id': 4438, 'name': 'The Space Odyssey Series', 'poster_path': '/i1WdRtc6aObiwGz5NU8WWPW3r1N.jpg', 'backdrop_path': '/15FumSExI9SRoL7QJWZAsA0b10c.jpg'}",28000000,"[{'id': 53, 'name': 'Thriller'}, {'id': 878, 'name': 'Science Fiction'}]",,4437,tt0086837,en,2010,"This is a sequel to 2001 A Space Odyssey. It is now 2010 and both the Americans and the Russians are racing to get to Jupiter to investigate the black monolith (similar to the one found in Lunar Crater Clavius) which was found by the U.S.S. Discovery in orbit around Jupiter's moons. The U.S.S. Discovery's orbit is rapidly decaying and it will crash into IO but the Americans cannot get there in time to save U.S.S. Discovery. The Russians can get to Jupiter in time but only the Americans have the knowledge to access and awaken the U.S.S. Discovery's H.A.L.9000 sentient computer. This forces a joint American-Soviet space expedition against a backdrop of growing global tensions. The combined expedition is seeking answers to several mysteries. What is the significance of the black monolith? Why did H.A.L.9000 act so bizarrely and terminate 4 of 5 of the U.S.S. Discovery's crew? What happened to David Bowman? Along the way, curious data is detected  ...",7.482865,/9Rcz2n16HEYRi2EKGliByP6ESYR.jpg,"[{'name': 'Metro-Goldwyn-Mayer (MGM)', 'id': 8411}]","[{'iso_3166_1': 'US', 'name': 'United States of America'}]",1984-12-06,40400657.0,116.0,"[{'iso_639_1': 'en', 'name': 'English'}, {'iso_639_1': 'ru', 'name': 'Pусский'}]",Released,"""Something wonderful is going to happen""",2010,False,6.6,290.0
False,,0,"[{'id': 18, 'name': 'Drama'}, {'id': 10749, 'name': 'Romance'}]",,1890,tt0090830,en,Children of a Lesser God,"James is a new speech teacher at a school for the deaf. He falls for Sarah, a pupil who decided to stay on at the school rather than venture into the big bad world. She shuns him at first, refusing to read his lips and only using signs. Will her feelings change over time?",8.503064,/93JsPFbIWXQBv99aQcz5Rzoa7zt.jpg,"[{'name': 'Paramount Pictures', 'id': 4}]","[{'iso_3166_1': 'US', 'name': 'United States of America'}]",1986-09-13,31853080.0,119.0,"[{'iso_639_1': 'cs', 'name': 'Český'}, {'iso_639_1': 'en', 'name': 'English'}]",Released,Love has a language all of its own.,Children of a Lesser God,False,6.9,72.0
False,,5000000,"[{'id': 18, 'name': 'Drama'}, {'id': 36, 'name': 'History'}]",,1955,tt0080678,en,The Elephant Man,"A Victorian surgeon rescues a heavily disfigured man being mistreated by his ""owner"" as a side-show freak. Behind his monstrous façade, there is revealed a person of great intelligence and sensitivity. Based on the true story of Joseph Merrick (called John Merrick in the film), a severely deformed man in 19th century London.",8.405672,/lDXJUmLQsViSKLbil2luD91l2kE.jpg,"[{'name': 'Brooksfilms', 'id': 5612}]","[{'iso_3166_1': 'GB', 'name': 'United Kingdom'}, {'iso_3166_1': 'US', 'name': 'United States of America'}]",1980-10-02,26010864.0,124.0,"[{'iso_639_1': 'en', 'name': 'English'}]",Released,I am not an animal! I am a human being! I... am... a man!,The Elephant Man,False,7.9,740.0
False,,0,"[{'id': 18, 'name': 'Drama'}, {'id': 53, 'name': 'Thriller'}]",,39437,tt0120603,en,Beloved,"After Paul D. finds his old slave friend Sethe in Ohio and moves in with her and her daughter Denver, a strange girl comes along by the name of ""Beloved"". Sethe and Denver take her in and then strange things start to happen...",1.557283,/jwzOg5RBIF2ZkF67BnYibSPp4P8.jpg,"[{'name': 'Harpo Films', 'id': 3298}, {'name': 'Touchstone Pictures', 'id': 9195}]","[{'iso_3166_1': 'US', 'name': 'United States of America'}]",1998-10-16,0.0,172.0,"[{'iso_639_1': 'en', 'name': 'English'}]",Released,The past has a life of its own.,Beloved,False,5.9,26.0
False,"{'id': 10455, 'name': ""Child's Play Collection"", 'poster_path': '/50aqbDvbOtdlZrje6Qk4ZvKM7dM.jpg', 'backdrop_path': '/AAhYXBVIEl6WgQnzfBsauTIC25.jpg'}",25000000,"[{'id': 27, 'name': 'Horror'}, {'id': 35, 'name': 'Comedy'}]",,11932,tt0144120,en,Bride of Chucky,"Chucky hooks up with another murderous doll, the bridal gown-clad Tiffany, for a Route 66 murder spree with their unwitting hosts.",13.018491,/u5Lc1Li0Hpc452o57E2KaToezZX.jpg,"[{'name': 'Universal Pictures', 'id': 33}, {'name': 'Midwinter Productions Inc.', 'id': 5550}]","[{'iso_3166_1': 'CA', 'name': 'Canada'}, {'iso_3166_1': 'US', 'name': 'United States of America'}]",1998-10-16,50671850.0,89.0,"[{'iso_639_1': 'en', 'name': 'English'}]",Released,Chucky Gets Lucky.,Bride of Chucky,False,5.5,366.0
False,,75000000,"[{'id': 18, 'name': 'Drama'}, {'id': 14, 'name': 'Fantasy'}, {'id': 35, 'name': 'Comedy'}]",,6435,tt0120791,en,Practical Magic,"Sally and Gillian Owens, born into a magical family, have mostly avoided witchcraft themselves. But when Gillian's vicious boyfriend, Jimmy Angelov, dies unexpectedly, the Owens sisters give themselves a crash course in hard magic. With policeman Gary Hallet growing suspicious, the girls struggle to resurrect Angelov -- and unwittingly inject his corpse with an evil spirit that threatens to end their family line.",7.757795,/AwmToSgf2IL3aHv0QRVsR5KvChv.jpg,"[{'name': 'Village Roadshow Pictures', 'id': 79}, {'name': 'DiNovi Pictures', 'id': 813}, {'name': 'Fortis Films', 'id': 4258}, {'name': 'Warner Bros.', 'id': 6194}, {'name': 'Stargate Studios', 'id': 55474}]","[{'iso_3166_1': 'US', 'name': 'United States of America'}]",1998-10-16,46683377.0,104.0,"[{'iso_639_1': 'en', 'name': 'English'}]",Released,"For two sisters from a family of witches, falling in love is the trickiest spell of all.",Practical Magic,False,6.3,348.0
False,,0,"[{'id': 35, 'name': 'Comedy'}]",,108316,tt0119534,en,The Alarmist,"Young Tommy Hudler decides to become a security systems salesman, and is an instant success. Everything seems to be going great until he discovers there's more to this business and his boss Heinrich than he previously suspected.",0.41735,/9jrlOStmvy8yjchgzdh0K69ftqk.jpg,[],[],1998-10-23,0.0,92.0,"[{'iso_639_1': 'en', 'name': 'English'}]",Released,Don't be alarmed... they're professionals.,The Alarmist,False,3.3,3.0
False,,3000000,"[{'id': 35, 'name': 'Comedy'}, {'id': 18, 'name': 'Drama'}]",,10683,tt0147612,en,Happiness,"The lives of many individuals connected by the desire for happiness, often from sources usually considered dark or evil.",5.493697,/uUhzz0n7uDK5EMGyhpzNhMdggjK.jpg,"[{'name': 'Killer Films', 'id': 1422}, {'name': 'Good Machine', 'id': 10565}]","[{'iso_3166_1': 'US', 'name': 'United States of America'}]",1998-10-16,2807390.0,139.0,"[{'iso_639_1': 'en', 'name': 'English'}, {'iso_639_1': 'ru', 'name': 'Pусский'}]",Released,Finding happiness can be a tragic comedy.,Happiness,False,7.4,197.0
False,,0,"[{'id': 35, 'name': 'Comedy'}, {'id': 18, 'name': 'Drama'}]",,63709,tt0119986,en,Reach The Rock,"A small town troublemaker (Alessandro Nivola), directionless and alienated, ends up spending a night in a jail cell, where he and the police chief (William Sadler) engage in a battle of wills and wit.",0.158503,/dkFUMRe0lLDgq998BebwrRtggKZ.jpg,"[{'name': 'Gramercy Pictures', 'id': 37}]","[{'iso_3166_1': 'US', 'name': 'United States of America'}]",1998-10-16,0.0,100.0,"[{'iso_639_1': 'en', 'name': 'English'}]",Released,,Reach The Rock,False,7.5,3.0
False,,14000000,"[{'id': 18, 'name': 'Drama'}, {'id': 53, 'name': 'Thriller'}]",,9445,tt0118636,en,Apt Pupil,Neighborhood boy Todd Bowden discovers that an old man living on his block named Arthur Denker is nazi war criminal. Bowden confronts Denker and offers him a deal: Bowden will not go to the authorities if Denker tells him stories of the concentration camps in WWII...,15.352714,/6AAdkNH1JQtpiWQxeHb1GTCKHVS.jpg,"[{'name': 'TriStar Pictures', 'id': 559}, {'name': 'Bad Hat Harry Productions', 'id': 9168}, {'name': 'Phoenix Pictures', 'id': 11317}]","[{'iso_3166_1': 'FR', 'name': 'France'}, {'iso_3166_1': 'US', 'name': 'United States of America'}]",1998-10-23,0.0,107.0,"[{'iso_639_1': 'en', 'name': 'English'}, {'iso_639_1': 'de', 'name': 'Deutsch'}]",Released,"If you don't believe in the existence of evil, you've got a lot to learn.",Apt Pupil,False,6.2,168.0
False,,0,"[{'id': 14, 'name': 'Fantasy'}, {'id': 18, 'name': 'Drama'}, {'id': 35, 'name': 'Comedy'}]",,2657,tt0120789,en,Pleasantville,"Geeky teenager David and his popular twin sister, Jennifer, get sucked into the black-and-white world of a 1950s TV sitcom called ""Pleasantville,"" and find a world where everything is peachy keen all the time. But when Jennifer's modern attitude disrupts Pleasantville's peaceful but boring routine, she literally brings color into its life.",11.0874,/cKL23HqEEQis7Nbasr5kSyolbFZ.jpg,"[{'name': 'New Line Cinema', 'id': 12}, {'name': 'Larger Than Life Productions', 'id': 1163}]","[{'iso_3166_1': 'US', 'name': 'United States of America'}]",1998-09-17,0.0,124.0,"[{'iso_639_1': 'en', 'name': 'English'}]",Released,Nothing is as simple as black and white.,Pleasantville,False,7.1,498.0
False,,75000000,"[{'id': 28, 'name': 'Action'}, {'id': 10752, 'name': 'War'}, {'id': 878, 'name': 'Science Fiction'}]",http://www.wb-soldier.com/,9425,tt0120157,en,Soldier,"Sergeant Todd is a veteran soldier for an elite group of the armed forces. After being defeated by a new breed of genetically engineered soldiers, he is dumped on a waste planet and left for dead. He soon interacts with a group of crash survivors who lead out a peaceful existence. The peace is broken as the new soldiers land on the planet to eliminate the colony, which Sergeant Todd must defend.",7.970031,/lpByPXb2xJvsmeEBxO9YPADLLdi.jpg,"[{'name': 'Impact Pictures', 'id': 248}, {'name': 'Jerry Weintraub Productions', 'id': 2596}, {'name': 'Warner Bros.', 'id': 6194}, {'name': 'Morgan Creek Productions', 'id': 10210}]","[{'iso_3166_1': 'US', 'name': 'United States of America'}]",1998-10-23,14567883.0,99.0,"[{'iso_639_1': 'en', 'name': 'English'}]",Released,"Left for dead on a remote planet for obsolete machines and people, a fallen hero has one last battle to fight",Soldier,False,6.1,226.0
False,,0,"[{'id': 99, 'name': 'Documentary'}]",,32326,tt0150230,en,The Cruise,"Affectionate portrait of Tim ""Speed"" Levitch, a tour guide for Manhattan's Gray Line double-decker buses. He talks fast, is in love with the city, and dispenses historical facts, architectural analysis, and philosophical musings in equal measures. He's reflective and funny about cruising: he loves it, got in it to meet women, and he'd quit work if he could. His personal life is disclosed in small",0.802931,/nnN5hvuB0ZK8TUZORe4Q5ipHiLH.jpg,"[{'name': 'Charter Films Inc.', 'id': 52758}]","[{'iso_3166_1': 'US', 'name': 'United States of America'}]",1998-10-23,0.0,76.0,"[{'iso_639_1': 'en', 'name': 'English'}]",Released,,The Cruise,False,7.8,8.0
False,,20000000,"[{'id': 35, 'name': 'Comedy'}, {'id': 18, 'name': 'Drama'}]",,637,tt0118799,it,La vita è bella,A touching story of an Italian book seller of Jewish ancestry who lives in his own little fairy tale. His creative and happy life would come to an abrupt halt when his entire family is deported to a concentration camp during World War II. While locked up he tries to convince his son that the whole thing is just a game.,39.39497,/f7DImXDebOs148U4uPjI61iDvaK.jpg,"[{'name': 'Miramax Films', 'id': 14}, {'name': 'Melampo Cinematografica', 'id': 370}]","[{'iso_3166_1': 'IT', 'name': 'Italy'}]",1997-12-20,229400000.0,116.0,"[{'iso_639_1': 'en', 'name': 'English'}, {'iso_639_1': 'de', 'name': 'Deutsch'}, {'iso_639_1': 'it', 'name': 'Italiano'}]",Released,"An unforgettable fable that proves love, family and imagination conquer all.",Life Is Beautiful,False,8.3,3643.0
False,,1000000,"[{'id': 35, 'name': 'Comedy'}]",http://www.orgazmodvd.com/,8675,tt0124819,en,Orgazmo,"Joe Young is a devout Mormon living in L.A. trying to raise enough money to go back to Utah and marry his girlfriend, Lisa. Joe is spreading the word about the church of Latter Day Saints one day when he's confronted by two burly bodyguards. A scuffle breaks out, and Joe's martial arts skills impress Maxxx Orbison, who directs pornographic movies.",5.919725,/7P4OSEMfEMZVce5j5F4ihqslM8m.jpg,"[{'name': 'Kuzui Enterprises', 'id': 2516}, {'name': 'Avenging Conscience', 'id': 2517}, {'name': 'Focus Features', 'id': 10146}]","[{'iso_3166_1': 'JP', 'name': 'Japan'}, {'iso_3166_1': 'US', 'name': 'United States of America'}]",1997-09-06,0.0,94.0,"[{'iso_639_1': 'en', 'name': 'English'}, {'iso_639_1': 'ja', 'name': '日本語'}]",Released,Fighting crime never felt so good!,Orgazmo,False,6.2,116.0
False,,0,[],,125762,tt0143874,en,Shattered Image,"Confusing realities surface in this paranoid film dealing with the fragile nature of a young woman (Anne Parillaud) recovering from rape and an apparent attempted suicide. In one reality, she is a killer destroyer of men. In another she is the new wife on a Jamaican honeymoon with her husband (William Baldwin), who is trying to help her recover. Which is real is the question as the story unfolds.",0.050217,/cUWlAZRdPN2N0DMoZO8O5i2RLzM.jpg,[],[],1998-12-04,0.0,103.0,[],Released,,Shattered Image,False,0.0,0.0
False,,3500000,"[{'id': 53, 'name': 'Thriller'}, {'id': 35, 'name': 'Comedy'}, {'id': 14, 'name': 'Fantasy'}, {'id': 27, 'name': 'Horror'}]",,20701,tt0100740,en,Tales from the Darkside: The Movie,"The first segment features an animated mummy stalking selected student victims; the second tale tells the story of a ""cat from hell"" who cannot be killed and leaves a trail of victims behind it; the third story is about a man who witnesses a bizarre killing and promises never to tell what he saw and the ""in-between"" bit is the story of a woman preparing to cook her newspaper boy for supper.",5.732016,/7IDTVLpSYGNYqLE2QnixboLOU32.jpg,"[{'name': 'Paramount Pictures', 'id': 4}, {'name': 'Laurel Productions', 'id': 10697}, {'name': 'Darkside Movie', 'id': 14555}]","[{'iso_3166_1': 'US', 'name': 'United States of America'}]",1990-05-03,16324573.0,93.0,"[{'iso_639_1': 'en', 'name': 'English'}]",Released,From the depths of four twisted minds.,Tales from the Darkside: The Movie,False,5.8,92.0
False,"{'id': 348843, 'name': 'Vampires Collection', 'poster_path': '/8CMdlwcwbzwVE5t2UyAsjobMoNz.jpg', 'backdrop_path': '/gbzoe6GXgEP9c0RkSIPy0Oh6EIs.jpg'}",20000000,"[{'id': 28, 'name': 'Action'}, {'id': 18, 'name': 'Drama'}, {'id': 14, 'name': 'Fantasy'}, {'id': 27, 'name': 'Horror'}, {'id': 53, 'name': 'Thriller'}]",http://www.theofficialjohncarpenter.com/vampires/,9945,tt0120877,en,Vampires,The church enlists a team of vampire-hunters to hunt down and destroy a group of vampires searching for an ancient relic that will allow them to exist in sunlight.,13.318722,/qHGawU64MeGvtU86s6V0MA7MqFV.jpg,"[{'name': 'Columbia Pictures', 'id': 5}, {'name': 'Largo Entertainment', 'id': 1644}, {'name': 'JVC Entertainment Networks', 'id': 4248}, {'name': 'Film Office', 'id': 23893}, {'name': 'Spooky Tooth Productions', 'id': 23894}, {'name': 'Storm King Productions', 'id': 23895}]","[{'iso_3166_1': 'US', 'name': 'United States of America'}]",1998-04-15,0.0,108.0,"[{'iso_639_1': 'en', 'name': 'English'}, {'iso_639_1': 'la', 'name': 'Latin'}]",Released,From the Master of Evil. Comes a New Breed of Terror,Vampires,False,5.8,262.0
False,,20000000,"[{'id': 18, 'name': 'Drama'}]",http://www.historyx.com/,73,tt0120586,en,American History X,"Derek Vineyard is paroled after serving 3 years in prison for killing two thugs who tried to break into/steal his truck. Through his brother, Danny Vineyard's narration, we learn that before going to prison, Derek was a skinhead and the leader of a violent white supremacist gang that committed acts of racial crime throughout L.A. and his actions greatly influenced Danny. Reformed and fresh out of prison, Derek severs contact with the gang and becomes determined to keep Danny from going down the same violent path as he did.",18.157166,/fXepRAYOx1qC3wju7XdDGx60775.jpg,"[{'name': 'New Line Cinema', 'id': 12}, {'name': 'The Turman-Morrissey Company', 'id': 924}, {'name': 'Savoy Pictures', 'id': 11308}]","[{'iso_3166_1': 'US', 'name': 'United States of America'}]",1998-10-30,23875127.0,119.0,"[{'iso_639_1': 'en', 'name': 'English'}]",Released,Some Legacies Must End.,American History X,False,8.2,3120.0
False,,0,"[{'id': 99, 'name': 'Documentary'}]",,18603,tt0116481,en,Hands on a Hard Body: The Documentary,"Hands on a Hard Body: The Documentary is a 1997 film documenting an endurance competition that took place in Longview, Texas. The yearly competition pits twenty-four contestants against each other to see who can keep their hand on a pickup truck for the longest amount of time. Whoever endures the longest without leaning on the truck or squatting wins the truck.",0.495079,/vm3BFvPCz498WfuNrDclxSYTruU.jpg,[],"[{'iso_3166_1': 'US', 'name': 'United States of America'}]",1997-06-01,0.0,98.0,"[{'iso_639_1': 'en', 'name': 'English'}]",Released,,Hands on a Hard Body: The Documentary,False,8.7,6.0
False,,12000000,"[{'id': 35, 'name': 'Comedy'}, {'id': 18, 'name': 'Drama'}, {'id': 10749, 'name': 'Romance'}]",,46889,tt0120722,en,Living Out Loud,"Dramatic comedy about two unlikely people who find each other while looking for love. Judith Nelson (Holly Hunter) is suddenly single after discovering her husband of fifteen years, a successful doctor (Martin Donovan), has been having an affair with a younger woman. Judith stews, plans, plots and fantasizes, but she can't decide what to do with her life until she goes out to a night club to see singer Liz Bailey (Queen Latifah), who is full of advice on life and love. While out on the town, Judith is suddenly kissed by a total stranger, which opens her eyes to new possibilities ... which is when she notices Pat (Danny De Vito), the elevator operator in her building.",1.575026,/rZgoi72TurIZq7SOL2gD2fY5SIN.jpg,"[{'name': 'New Line Cinema', 'id': 12}, {'name': 'Jersey Films', 'id': 216}]","[{'iso_3166_1': 'US', 'name': 'United States of America'}]",1998-10-30,12902790.0,100.0,"[{'iso_639_1': 'en', 'name': 'English'}]",Released,,Living Out Loud,False,5.4,12.0
False,,0,"[{'id': 80, 'name': 'Crime'}, {'id': 18, 'name': 'Drama'}]",,12888,tt0158493,en,Belly,"Tommy Brown and Sincere are best friends as well as infamous and ruthless criminals and shot-callers in the hood. Respected by many but feared by all.  As the police are closing in on them and new players are looking for a come up, will their reign last?",3.436535,/od6CFLhqaSmOMeFuqVPC6ZEU4Fi.jpg,"[{'name': 'Artisan Entertainment', 'id': 2188}]","[{'iso_3166_1': 'US', 'name': 'United States of America'}]",1998-11-04,0.0,96.0,"[{'iso_639_1': 'en', 'name': 'English'}]",Released,"Money, power, respect... but who's got your back?",Belly,False,6.1,42.0
False,,10000000,"[{'id': 18, 'name': 'Drama'}]",http://www.godsandmonsters.net/,3033,tt0120684,en,Gods and Monsters,"It's 1957, and Whale's heyday as the director of ""Frankenstein,"" ""Bride of Frankenstein"" and ""The Invisible Man"" is long behind him. Retired and a semi-recluse, he lives his days accompanied only by images from his past. When his dour housekeeper, Hannah, hires a handsome young gardener, the flamboyant director and simple yard man develop an unlikely friendship, which will change them forever.",6.788021,/i7zzUK3dQdV6VGRyoKNGzBqbZKU.jpg,"[{'name': 'Lions Gate Films', 'id': 35}, {'name': 'Flashpoint (I)', 'id': 13495}, {'name': 'Showtime Networks', 'id': 18880}]","[{'iso_3166_1': 'GB', 'name': 'United Kingdom'}, {'iso_3166_1': 'US', 'name': 'United States of America'}]",1998-01-21,6451628.0,105.0,"[{'iso_639_1': 'en', 'name': 'English'}, {'iso_639_1': 'hu', 'name': 'Magyar'}]",Released,,Gods and Monsters,False,6.8,82.0
False,,70000000,"[{'id': 18, 'name': 'Drama'}, {'id': 28, 'name': 'Action'}, {'id': 53, 'name': 'Thriller'}, {'id': 80, 'name': 'Crime'}]",,9882,tt0133952,en,The Siege,The secret US abduction of a suspected terrorist leads to a wave of terrorist attacks in New York that lead to the declaration of martial law.,9.019114,/xifxCJU2Lx22qScn6WFjp9gtw5u.jpg,"[{'name': 'Twentieth Century Fox Film Corporation', 'id': 306}, {'name': 'Lynda Obst Productions', 'id': 13769}, {'name': 'Bedford Falls Company, The', 'id': 20634}]","[{'iso_3166_1': 'US', 'name': 'United States of America'}]",1998-11-06,116672912.0,116.0,"[{'iso_639_1': 'es', 'name': 'Español'}, {'iso_639_1': 'en', 'name': 'English'}, {'iso_639_1': 'ar', 'name': 'العربية'}]",Released,On November 6th our freedom is history,The Siege,False,6.1,361.0
False,,23000000,"[{'id': 35, 'name': 'Comedy'}]",,10663,tt0120484,en,The Waterboy,Bobby Boucher is a water boy for a struggling college football team. The coach discovers Boucher's hidden rage makes him a tackling machine whose bone-crushing power might vault his team into the playoffs.,9.461823,/wZKa2NZgEKJ85NoO2cQ7xzj8eBn.jpg,"[{'name': 'Touchstone Pictures', 'id': 9195}]","[{'iso_3166_1': 'US', 'name': 'United States of America'}]",1998-11-06,185991646.0,90.0,"[{'iso_639_1': 'en', 'name': 'English'}]",Released,You can mess with him. But don't mess with his water.,The Waterboy,False,5.9,521.0
False,"{'id': 100286, 'name': 'Elizabeth Collection', 'poster_path': '/2XxIeKB6g21GvPmixWyyc9ZlLnR.jpg', 'backdrop_path': '/3YiTOxGX5KZO6P3eg41P50QrRhQ.jpg'}",30000000,"[{'id': 18, 'name': 'Drama'}, {'id': 36, 'name': 'History'}]",,4518,tt0127536,en,Elizabeth,"The story of the ascension to the throne and the early reign of Queen Elizabeth the First, the endless attempts by her council to marry her off, the Catholic hatred of her and her romance with Lord Robert Dudley.",7.566321,/y4ynYOy205LorkOIN6hs6DgJ1xa.jpg,"[{'name': 'Channel Four Films', 'id': 181}, {'name': 'PolyGram Filmed Entertainment', 'id': 1382}, {'name': 'Working Title Films', 'id': 10163}]","[{'iso_3166_1': 'US', 'name': 'United States of America'}]",1998-09-13,82150642.0,124.0,"[{'iso_639_1': 'fr', 'name': 'Français'}, {'iso_639_1': 'en', 'name': 'English'}]",Released,Declared illegitimate aged 3. Tried for treason aged 21. Crowned Queen aged 25.,Elizabeth,False,7.2,346.0
False,,0,"[{'id': 18, 'name': 'Drama'}, {'id': 10402, 'name': 'Music'}]",,1808,tt0120879,en,Velvet Goldmine,"Almost a decade has elapsed since Bowiesque glam-rock superstar Brian Slade staged his own death and escaped the spotlight of the London scene.  Now, investigative journalist Arthur Stuart is on assignment to uncover the truth of the enigmatic Slade's rise and fall.  Stuart, himself forged by the music of the 1970s, explores the larger-than-life stars who were once his idols and what has become of them since the turn of the new decade.",16.5293,/jhRPjcw24WK0RTPYT9IFEykwnKp.jpg,"[{'name': 'Channel Four Films', 'id': 181}, {'name': 'Single Cell Pictures', 'id': 279}, {'name': 'Newmarket Capital Group', 'id': 506}, {'name': 'Goldwyn Films', 'id': 720}, {'name': 'Killer Films', 'id': 1422}, {'name': 'Zenith Entertainment', 'id': 3644}, {'name': 'Miramax', 'id': 53009}]","[{'iso_3166_1': 'GB', 'name': 'United Kingdom'}]",1998-10-23,1053788.0,119.0,"[{'iso_639_1': 'en', 'name': 'English'}]",Released,Style matters. Even when it comes to murder.,Velvet Goldmine,False,6.9,119.0
False,"{'id': 3601, 'name': 'I Know What You Did Last Summer Collection', 'poster_path': '/2g6Ui3CCNcDtL4wasCziivogpfW.jpg', 'backdrop_path': '/g7RBq92ijQg1MAF2hF69rWT6Ux8.jpg'}",65000000,"[{'id': 27, 'name': 'Horror'}, {'id': 9648, 'name': 'Mystery'}, {'id': 53, 'name': 'Thriller'}]",,3600,tt0130018,en,I Still Know What You Did Last Summer,"Unfinished business with coed Julie James brings the murderer to the Bahamas to terrorize her and her friends, Karla, Tyrell and Will, during a vacation. Can Ray Bronson who survived a bloody attack alongside Julie two summers ago, get to the island in time to save everyone?",11.023042,/j4s1TK90tZWZj7lQ84UDJXHI9Kh.jpg,"[{'name': 'Columbia Pictures', 'id': 5}, {'name': 'Mandalay Entertainment', 'id': 1236}, {'name': 'Summer Knowledge LLC', 'id': 1464}]","[{'iso_3166_1': 'US', 'name': 'United States of America'}]",1998-11-13,40002112.0,100.0,"[{'iso_639_1': 'en', 'name': 'English'}]",Released,Someone is dying for a second chance.,I Still Know What You Did Last Summer,False,5.1,381.0
False,,30000000,"[{'id': 35, 'name': 'Comedy'}, {'id': 10751, 'name': 'Family'}]",,17037,tt0155753,en,I'll Be Home for Christmas,"Estranged from his father, college student Jake is lured home to New York for Christmas with the promise of receiving a classic Porsche as a gift. When the bullying football team dumps him in the desert in a Santa suit, Jake is left without identification or money to help him make the journey. Meanwhile, his girlfriend, Allie, does not know where he is, and accepts a cross-country ride from Jake's rival, Eddie.",3.366048,/j8fIMRp8SHSzCGPaoaFSIVNrsiE.jpg,"[{'name': 'Walt Disney Pictures', 'id': 2}]","[{'iso_3166_1': 'US', 'name': 'United States of America'}]",1998-11-12,0.0,86.0,"[{'iso_639_1': 'en', 'name': 'English'}]",Released,Somewhere between L.A. and N.Y. Jake found the meaning of Christmas.,I'll Be Home for Christmas,False,5.2,65.0
False,,90000000,"[{'id': 14, 'name': 'Fantasy'}, {'id': 18, 'name': 'Drama'}, {'id': 9648, 'name': 'Mystery'}]",http://www.meetjoeblack.com/,297,tt0119643,en,Meet Joe Black,"When the grim reaper comes to collect the soul of megamogul Bill Parrish, he arrives with a proposition: Host him for a ""vacation"" among the living in trade for a few more days of existence. Parrish agrees, and using the pseudonym Joe Black, Death begins taking part in Parrish's daily agenda and falls in love with the man's daughter. Yet when Black's holiday is over, so is Parrish's life.",14.026744,/nlxPnkZY3vY1iehJriKMQcT6eua.jpg,"[{'name': 'Universal Pictures', 'id': 33}, {'name': 'City Light Films', 'id': 136}]","[{'iso_3166_1': 'US', 'name': 'United States of America'}]",1998-11-12,142940100.0,178.0,"[{'iso_639_1': 'en', 'name': 'English'}]",Released,Sooner or later everyone does.,Meet Joe Black,False,6.9,1174.0
False,,0,"[{'id': 18, 'name': 'Drama'}]",,5332,tt0120643,en,Dancing at Lughnasa,Five unmarried sisters make the most of their simple existence in rural Ireland in the 1930s.,1.157399,/ewQ7AeXw0ErCWqvRBxX5wHAnFPl.jpg,"[{'name': 'Sony Pictures Classics', 'id': 58}, {'name': 'Bórd Scannán na hÉireann', 'id': 1898}, {'name': 'Radio Teléfis Éireann', 'id': 1899}]","[{'iso_3166_1': 'IE', 'name': 'Ireland'}, {'iso_3166_1': 'GB', 'name': 'United Kingdom'}, {'iso_3166_1': 'US', 'name': 'United States of America'}]",1998-09-04,0.0,96.0,"[{'iso_639_1': 'en', 'name': 'English'}]",Released,Five sisters embrace the spirit of a people.,Dancing at Lughnasa,False,6.0,10.0
False,,0,"[{'id': 18, 'name': 'Drama'}, {'id': 35, 'name': 'Comedy'}, {'id': 10402, 'name': 'Music'}]",,21589,tt0116488,en,Hard Core Logo,"Bruce Macdonald follows punk bank Hard Core Logo on a harrowing last-gasp reunion tour throughout Western Canada. As magnetic lead-singer Joe Dick holds the whole magilla together through sheer force of will, all the tensions and pitfalls of life on the road come bubbling to the surface.",0.88051,/xh9pDoIMztITSSaXz3Gnkcwz8NR.jpg,"[{'name': 'Terminal City Pictures', 'id': 3981}]","[{'iso_3166_1': 'CA', 'name': 'Canada'}]",1996-10-25,0.0,92.0,"[{'iso_639_1': 'en', 'name': 'English'}]",Released,,Hard Core Logo,False,6.4,8.0
False,,0,"[{'id': 35, 'name': 'Comedy'}, {'id': 53, 'name': 'Thriller'}]",,8336,tt0120767,en,The Naked Man,No overview found.,0.942562,/tlQfxumzFJV6U31ckL3qLNdWDwO.jpg,[],"[{'iso_3166_1': 'US', 'name': 'United States of America'}]",1998-08-02,0.0,98.0,"[{'iso_639_1': 'en', 'name': 'English'}]",Released,,The Naked Man,False,6.0,3.0
False,,9000000,"[{'id': 28, 'name': 'Action'}, {'id': 53, 'name': 'Thriller'}]",,11893,tt0089941,en,Runaway Train,A hardened convict and a younger prisoner escape from a brutal prison in the middle of winter only to find themselves on an out-of-control train with a female railway worker while being pursued by the vengeful head of security.,15.236541,/dqViXokpi1xTZmsotfyhvGmzyZo.jpg,"[{'name': 'Cannon Group', 'id': 1444}, {'name': 'Golan-Globus Productions', 'id': 13549}, {'name': 'Northbrook Films', 'id': 14227}]","[{'iso_3166_1': 'IL', 'name': 'Israel'}, {'iso_3166_1': 'US', 'name': 'United States of America'}]",1985-11-15,7936012.0,111.0,"[{'iso_639_1': 'en', 'name': 'English'}]",Released,"Desperate, And Determined To Survive.",Runaway Train,False,7.0,129.0
False,,0,"[{'id': 18, 'name': 'Drama'}, {'id': 10751, 'name': 'Family'}]",,123056,tt0090934,en,Desert Bloom,"The story involves Rose Chismore's youth. She flashes back and remembers her coming-of-age. Her recollections are sometimes less than sweet, particularly those of her troubled and alcoholic step-father. Her memories of Robin, her first-love, are much happier and she also recalls her colorful Aunt Starr -- who's visit is fun but also detrimental to her family's health. The setting of 1950s Las Vegas' bomb testing is increasingly significant to the development of the story.",1.229428,/dpt2v32ZBe6QYd9UaHyph1HFhXe.jpg,[],[],1986-01-22,0.0,105.0,"[{'iso_639_1': 'en', 'name': 'English'}]",Released,,Desert Bloom,False,4.9,8.0
False,"{'id': 374384, 'name': 'Stepford Collection', 'poster_path': '/v8MNQQkU5B2WJbvXLZHsvWiHFTx.jpg', 'backdrop_path': '/m2kiyzpDeHx3L3HsIXBcHCXPbhm.jpg'}",0,"[{'id': 27, 'name': 'Horror'}, {'id': 9648, 'name': 'Mystery'}, {'id': 878, 'name': 'Science Fiction'}]",,12223,tt0073747,en,The Stepford Wives,"The urban aspirant photographer Joanna Eberhart moves from Manhattan to Stepford, Connecticut with her family. Her husband Walter Eberhart decided to live in a calm suburb, but Joanna did not like the neighborhood with beautiful and perfect housewives. She becomes friend of Bobbie Markowe and Charmaine Wimperis, and when they change Joanna tries to escape.",3.94547,/fqpH2y1xOeygP2Oy5rRQfnqmau6.jpg,"[{'name': 'Palomar Pictures', 'id': 2380}, {'name': 'Fadsin Cinema Associates', 'id': 36638}]","[{'iso_3166_1': 'US', 'name': 'United States of America'}]",1975-02-12,0.0,117.0,"[{'iso_639_1': 'en', 'name': 'English'}]",Released,Something strange is happening in the town of Stepford.,The Stepford Wives,False,6.7,79.0
False,,0,"[{'id': 18, 'name': 'Drama'}, {'id': 28, 'name': 'Action'}, {'id': 35, 'name': 'Comedy'}, {'id': 80, 'name': 'Crime'}]",,32081,tt0087932,en,The Pope of Greenwich Village,"Charlie and his troublesome cousin Paulie decide to steal $150000 in order to back a ""sure thing"" race horse that Paulie has inside information on. The aftermath of the robbery gets them into serious trouble with the local Mafia boss and the corrupt New York City police department.",4.652503,/k0RJkaPPerN0LZtQKIvxWQgakAF.jpg,"[{'name': 'United Artists', 'id': 60}]","[{'iso_3166_1': 'US', 'name': 'United States of America'}]",1984-06-22,0.0,121.0,"[{'iso_639_1': 'en', 'name': 'English'}]",Released,Charlie and Paulie. Two dreamers fighting to get lucky.,The Pope of Greenwich Village,False,6.4,40.0
False,,4000000,"[{'id': 18, 'name': 'Drama'}, {'id': 10402, 'name': 'Music'}, {'id': 10749, 'name': 'Romance'}]",,14924,tt0091954,en,Sid & Nancy,"Following their breakout success in England, flagship punk rock band the Sex Pistols venture out on their first U.S. tour. Temperamental bassist Sid Vicious takes his troubled girlfriend, Nancy Spungen, along for the ride. Along the way, the couple's turbulent relationship strains the patience of bandmate Johnny Rotten and manager Malcolm McLaren, while plunging Sid and Nancy into the depths of drug addiction and co-dependency.",5.681582,/wHzCbMCfipDJ38GW5IyBTWDflMz.jpg,"[{'name': 'Zenith Entertainment', 'id': 3644}, {'name': 'Initial Pictures', 'id': 6781}, {'name': 'U.K. Productions Entity', 'id': 20657}]","[{'iso_3166_1': 'GB', 'name': 'United Kingdom'}]",1986-11-07,2826523.0,111.0,"[{'iso_639_1': 'en', 'name': 'English'}]",Released,Love Kills.,Sid & Nancy,False,7.0,106.0
False,,0,"[{'id': 18, 'name': 'Drama'}, {'id': 80, 'name': 'Crime'}, {'id': 10749, 'name': 'Romance'}]",,10002,tt0091538,en,Mona Lisa,"George has just been released from prison, and manages to get a job driving an expensive call girl from customer to customer. Initially they don't get on - he doesn't fit in with the high class customers Simone services. Will they ever get on?",3.095584,/tPOJOHS9qnjQ4l0tTPjjGbjhCmz.jpg,"[{'name': 'The Criterion Collection', 'id': 10932}, {'name': 'HandMade Films', 'id': 20076}]","[{'iso_3166_1': 'GB', 'name': 'United Kingdom'}]",1986-06-13,5794184.0,104.0,"[{'iso_639_1': 'en', 'name': 'English'}]",Released,,Mona Lisa,False,6.7,62.0
False,,0,"[{'id': 14, 'name': 'Fantasy'}, {'id': 35, 'name': 'Comedy'}, {'id': 878, 'name': 'Science Fiction'}]",,41817,tt0099750,en,Heart Condition,"A bigoted policeman is given the heart of a slain black defense lawyer,who returns as a ghost to ask the cop to help take down the men who murdered him",5.531486,/2ApuvU24UEBlWeBiQGRyyOYFeqe.jpg,"[{'name': 'New Line Cinema', 'id': 12}]","[{'iso_3166_1': 'US', 'name': 'United States of America'}]",1990-02-02,4100000.0,100.0,"[{'iso_639_1': 'en', 'name': 'English'}]",Released,,Heart Condition,False,5.1,25.0
False,,0,"[{'id': 18, 'name': 'Drama'}]",,19426,tt0050783,it,Le notti di Cabiria,"Rome, 1957. A woman, Cabiria, is robbed and left to drown by her boyfriend, Giorgio. Rescued, she resumes her life and tries her best to find happiness in a cynical world. Even when she thinks her struggles are over and she has found happiness and contentment, things may not be what they seem.",6.587353,/xF4oCG3PLNbcrtPZbqB3BtkIbKg.jpg,"[{'name': 'Dino de Laurentiis Cinematografica', 'id': 1216}, {'name': 'Les Films Marceau', 'id': 2260}]","[{'iso_3166_1': 'IT', 'name': 'Italy'}, {'iso_3166_1': 'FR', 'name': 'France'}]",1957-10-03,752045.0,110.0,"[{'iso_639_1': 'it', 'name': 'Italiano'}]",Released,The story of a betrayed but unquenchable little Roman street-walker.,Nights of Cabiria,False,7.9,122.0
False,,0,"[{'id': 35, 'name': 'Comedy'}, {'id': 18, 'name': 'Drama'}]",,12560,tt0085244,en,The Big Chill,"Kevin Kline and Glenn Close star as Harold and Sarah Cooper, a couple whose marital troubles are put on hold while they host an unhappy reunion of former college pals gathered for the funeral of one of their own, a suicide victim named Alex. As the weekend unfolds, the friends catch up with each other, play the music of their youth, reminisce, smoke marijuana, and pair off with each other.",11.620392,/iHSQ8dPtqa4qlT19I9fJKqWprHA.jpg,"[{'name': 'Columbia Pictures', 'id': 5}]","[{'iso_3166_1': 'US', 'name': 'United States of America'}]",1983-09-09,0.0,105.0,"[{'iso_639_1': 'en', 'name': 'English'}]",Released,"The story of eight old friends searching for something they lost, and finding that all they needed was each other.",The Big Chill,False,6.8,124.0
False,,90000000,"[{'id': 28, 'name': 'Action'}, {'id': 18, 'name': 'Drama'}, {'id': 53, 'name': 'Thriller'}]",,9798,tt0120660,en,Enemy of the State,"Hotshot Washington lawyer, Robert Dean becomes a victim of high-tech identity theft when a hacker slips an incriminating video into his pocket. Soon, a rogue National Security agent sets out to recover the tape – and destroy Dean.",12.978751,/2B0vLBo6gJbnzke4Enc77GCxKrz.jpg,"[{'name': 'Jerry Bruckheimer Films', 'id': 130}, {'name': 'Scott Free Productions', 'id': 1645}, {'name': 'Touchstone Pictures', 'id': 9195}, {'name': 'No Such Productions', 'id': 79209}]","[{'iso_3166_1': 'US', 'name': 'United States of America'}]",1998-11-20,250649836.0,132.0,"[{'iso_639_1': 'en', 'name': 'English'}]",Released,It's not paranoia if they're really after you.,Enemy of the State,False,6.7,1266.0
False,"{'id': 57129, 'name': 'Rugrats Collection', 'poster_path': '/zamw6yLqCFqAHG1HPSPOCws82Bb.jpg', 'backdrop_path': '/pFgV70FI1URDLFY3bllhPl6sC33.jpg'}",30000000,"[{'id': 16, 'name': 'Animation'}, {'id': 10751, 'name': 'Family'}]",,14444,tt0134067,en,The Rugrats Movie,"Tommy faces responsibility when Dil, his new baby brother, is born. As with all newborns, the child becomes a bane to Tommy and the rest of his gang. They decide to return Dil to where he came from, the hospital, but they get lost along the way. Can they find their way home and can Tommy and Dil learn to get along?",5.154373,/sL7JLbcAbI3aeNxJI7BBhuiaR4G.jpg,"[{'name': 'Paramount Pictures', 'id': 4}, {'name': 'Nickelodeon Movies', 'id': 2348}, {'name': 'Klasky-Csupo', 'id': 59150}]","[{'iso_3166_1': 'US', 'name': 'United States of America'}]",1998-11-20,100491683.0,79.0,"[{'iso_639_1': 'en', 'name': 'English'}]",Released,,The Rugrats Movie,False,5.8,149.0
False,,120000000,"[{'id': 12, 'name': 'Adventure'}, {'id': 16, 'name': 'Animation'}, {'id': 35, 'name': 'Comedy'}, {'id': 10751, 'name': 'Family'}]",http://movies.disney.com/a-bugs-life,9487,tt0120623,en,A Bug's Life,"On behalf of ""oppressed bugs everywhere,"" an inventive ant named Flik hires a troupe of warrior bugs to defend his bustling colony from a horde of freeloading grasshoppers led by the evil-minded Hopper.",16.869209,/u9qGMRwcPwP0WETxulS5hKUsEum.jpg,"[{'name': 'Walt Disney Pictures', 'id': 2}, {'name': 'Pixar Animation Studios', 'id': 3}]","[{'iso_3166_1': 'US', 'name': 'United States of America'}]",1998-11-25,363258859.0,95.0,"[{'iso_639_1': 'en', 'name': 'English'}]",Released,An epic presentation of miniature proportions.,A Bug's Life,False,6.8,2379.0
False,,0,"[{'id': 18, 'name': 'Drama'}, {'id': 35, 'name': 'Comedy'}]",,9466,tt0120533,en,Celebrity,"The career and personal life of writer Lee are at a standstill, so he divorces his bashful wife, Robin, and dives into a new job as an entertainment journalist. His assignments take him to the swankiest corners of Manhattan, but as he jumps from one lavish party to another and engages in numerous empty romances, he starts to doubt the worth of his work. Meanwhile, top TV producer Tony falls for Robin and introduces her to the world of celebrity.",5.704352,/vxcTrOvtc6kM7g4l6S0BvibycMd.jpg,"[{'name': 'Sweetland Films', 'id': 21716}, {'name': 'Magnolia Productions', 'id': 21717}]","[{'iso_3166_1': 'US', 'name': 'United States of America'}]",1998-09-07,0.0,113.0,"[{'iso_639_1': 'en', 'name': 'English'}]",Released,A funny look at people who will do anything to get famous... or stay famous.,Celebrity,False,6.0,113.0
False,,2900000,"[{'id': 18, 'name': 'Drama'}]",,666,tt0140888,pt,Central do Brasil,"An emotive journey of a former school teacher, who writes letters for illiterate people, and a young boy, whose mother has just died, as they search for the father he never knew.",4.919716,/uQj3kqTPOVnEFnWr7esi90ZyzTm.jpg,"[{'name': 'MACT Productions', 'id': 393}, {'name': 'Videofilms', 'id': 394}, {'name': 'Riofilm', 'id': 395}]","[{'iso_3166_1': 'BR', 'name': 'Brazil'}]",1998-01-16,5596708.0,113.0,"[{'iso_639_1': 'pt', 'name': 'Português'}]",Released,He was looking for the father he never knew. She was looking for a second chance.,Central Station,False,7.6,132.0
False,,10000000,"[{'id': 36, 'name': 'History'}, {'id': 18, 'name': 'Drama'}, {'id': 10752, 'name': 'War'}]",,2042,tt0120070,en,Savior,A hardened mercenary in the Foreign Legion begins to find his own humanity when confronted with atrocities during the fighting in Bosnia,3.699017,/qaNzDwOnwyLO8cRG2J3CZAVM4E3.jpg,"[{'name': 'Initial Entertainment Group (IEG)', 'id': 7380}]","[{'iso_3166_1': 'US', 'name': 'United States of America'}]",1998-11-20,0.0,99.0,"[{'iso_639_1': 'en', 'name': 'English'}, {'iso_639_1': 'fr', 'name': 'Français'}, {'iso_639_1': 'sh', 'name': ''}]",Released,"He's fighting a war he doesn't believe in, hoping to find something he does.",Savior,False,7.1,29.0
False,,0,"[{'id': 35, 'name': 'Comedy'}, {'id': 10749, 'name': 'Romance'}]",,10162,tt0166396,en,Waking Ned,"When a lottery winner dies of shock, his fellow townsfolk attempt to claim the money.",4.502687,/5rpJUAq2CTRmYUxiWRlrllBsqsx.jpg,"[{'name': 'Fox Searchlight Pictures', 'id': 43}, {'name': 'Canal+', 'id': 5358}, {'name': 'Tomboy Films', 'id': 24356}]","[{'iso_3166_1': 'FR', 'name': 'France'}, {'iso_3166_1': 'GB', 'name': 'United Kingdom'}, {'iso_3166_1': 'US', 'name': 'United States of America'}]",1998-09-15,0.0,91.0,"[{'iso_639_1': 'en', 'name': 'English'}, {'iso_639_1': 'ga', 'name': 'Gaeilge'}, {'iso_639_1': 'la', 'name': 'Latin'}]",Released,How far would you go to win a fortune!,Waking Ned,False,7.4,58.0
False,,1300000,"[{'id': 18, 'name': 'Drama'}]",http://nimbusfilm.dk/film/festen/?lang=en,309,tt0154420,da,Festen,"A grandiose party to celebrate a sixtieth birthday unleashes a family drama with all the lies that conceal horrendous secrets. The eldest son, Christian, stages a showdown with the popular pater familias; his provocative, moving after-dinner speech dislodges all the masks, which finally fall completely as the father-son conflict intensifies and the bewildered guests look on.",6.064954,/b0YDV5j53Y5xRscI14UieetvNLB.jpg,"[{'name': 'Nordic Film', 'id': 156}, {'name': 'Sveriges Television (SVT)', 'id': 3221}, {'name': 'Nimbus Film Productions', 'id': 11672}]","[{'iso_3166_1': 'DK', 'name': 'Denmark'}, {'iso_3166_1': 'SE', 'name': 'Sweden'}]",1998-05-20,0.0,105.0,"[{'iso_639_1': 'da', 'name': 'Dansk'}, {'iso_639_1': 'de', 'name': 'Deutsch'}, {'iso_639_1': 'en', 'name': 'English'}]",Released,,The Celebration,False,7.7,213.0
False,,12000,"[{'id': 27, 'name': 'Horror'}, {'id': 35, 'name': 'Comedy'}, {'id': 80, 'name': 'Crime'}]",,692,tt0069089,en,Pink Flamingos,"Notorious Baltimore criminal and underground figure Divine goes up against Connie &amp; Raymond Marble, a sleazy married couple who make a passionate attempt to humiliate her and seize her tabloid-given title as ""The Filthiest Person Alive"".",5.738871,/oRNBSoftw842k8cHQMjczZJ3z3A.jpg,"[{'name': 'Dreamland Productions', 'id': 407}]","[{'iso_3166_1': 'US', 'name': 'United States of America'}]",1972-03-12,6000000.0,93.0,"[{'iso_639_1': 'en', 'name': 'English'}]",Released,An exercise in poor taste.,Pink Flamingos,False,6.2,111.0
False,,0,"[{'id': 35, 'name': 'Comedy'}, {'id': 18, 'name': 'Drama'}]",,24018,tt0045826,en,Glen or Glenda,"A psychiatrist tells two stories: one of a transvestite (Glen or Glenda), the other of a pseudohermaphrodite (Alan or Anne).",1.750815,/oLPrH8zkJsYcZwNHkz6ju2f4Lr1.jpg,"[{'name': 'Screen Classics (II)', 'id': 17100}]","[{'iso_3166_1': 'US', 'name': 'United States of America'}]",1953-01-01,0.0,71.0,"[{'iso_639_1': 'en', 'name': 'English'}]",Released,"The strange case of a ""man"" who changed his SEX!",Glen or Glenda,False,4.6,32.0
False,"{'id': 374509, 'name': 'Godzilla (Showa) Collection', 'poster_path': '/scvwS6k8gIW8w24UcmePQqVL10l.jpg', 'backdrop_path': '/dx9YSup5zEOjxYwG4UkYBVAZIXo.jpg'}",1000000,"[{'id': 53, 'name': 'Thriller'}, {'id': 27, 'name': 'Horror'}, {'id': 878, 'name': 'Science Fiction'}]",,1678,tt0047034,ja,ゴジラ,"Japan is thrown into a panic after several ships explode and are sunk near Odo Island. An expedition to the island led by paleontologist Professor Kyohei Yemani soon discover something more devastating than imagined in the form of a 164 foot tall monster whom the natives call Gojira. Now the monster begins a rampage that threatens to destroy not only Japan, but the rest of the world as well.",13.153272,/1MJcpTpeSh2RtRHI7EMHStvWDEt.jpg,"[{'name': 'Toho Film (Eiga) Co. Ltd.', 'id': 622}]","[{'iso_3166_1': 'JP', 'name': 'Japan'}]",1954-11-03,0.0,96.0,"[{'iso_639_1': 'ja', 'name': '日本語'}]",Released,It's Alive!,Godzilla,False,6.9,194.0
False,"{'id': 374511, 'name': 'Godzilla (Heisei) Collection', 'poster_path': '/A25nYpiBlYlGdJSuAfN9oJ9Li39.jpg', 'backdrop_path': '/4Y5IXrcWuK1wA3PbeNU5y6Qd3zF.jpg'}",2000000,"[{'id': 28, 'name': 'Action'}, {'id': 18, 'name': 'Drama'}, {'id': 27, 'name': 'Horror'}, {'id': 878, 'name': 'Science Fiction'}, {'id': 53, 'name': 'Thriller'}]",,39256,tt0087344,ja,Godzilla 1985,"Originally released in Japan as ""The Return of Godzilla""  in 1984, this is the heavily re-edited, re-titled ""Godzilla 1985"".  Adding in new footage of Raymond Burr, this 16th Godzilla film ignores all previous sequels and serves as a direct follow-up to the 1956 ""Godzilla King of the Monsters"", which also featured scenes with Burr edited into 1954's ""Godzilla"". This film restores the darker tone of the original, as we witness the nuclear destruction of giant lizard terrorizing Japan.",2.894009,/wWQmEv8UiGckO4lHyNtOX8tSCQy.jpg,"[{'name': 'New World Pictures', 'id': 1950}]","[{'iso_3166_1': 'US', 'name': 'United States of America'}, {'iso_3166_1': 'JP', 'name': 'Japan'}]",1984-12-15,4100000.0,87.0,"[{'iso_639_1': 'en', 'name': 'English'}, {'iso_639_1': 'ja', 'name': '日本語'}, {'iso_639_1': 'ru', 'name': 'Pусский'}]",Released,Your favorite fire breathing monster... like you've never seen him before!,Godzilla 1985,False,6.7,34.0
False,"{'id': 374509, 'name': 'Godzilla (Showa) Collection', 'poster_path': '/scvwS6k8gIW8w24UcmePQqVL10l.jpg', 'backdrop_path': '/dx9YSup5zEOjxYwG4UkYBVAZIXo.jpg'}",0,"[{'id': 28, 'name': 'Action'}, {'id': 12, 'name': 'Adventure'}, {'id': 878, 'name': 'Science Fiction'}]",,1680,tt0056142,ja,Kingu Kongu tai Gojira,"After a 7 year hiatus, Godzilla returned to the screen to take on King Kong in the 3rd film in the Godzilla franchise. A pharmaceutical company captures King Kong and brings him to Japan, where he escapes from captivity and battles a recently revived Godzilla.",2.894775,/pyf3DWaSCy8nLHgUijCME8CkIIt.jpg,"[{'name': 'Toho Company', 'id': 882}, {'name': 'RKO General Pictures', 'id': 46976}]","[{'iso_3166_1': 'JP', 'name': 'Japan'}]",1962-08-11,0.0,98.0,"[{'iso_639_1': 'ja', 'name': '日本語'}]",Released,The motion picture screen beckons you to adventure that thrills the emotions with shock and terror!,King Kong vs. Godzilla,False,6.0,48.0
False,"{'id': 135495, 'name': 'King Kong (1933 series)', 'poster_path': '/pM9K6M8wZNypSEXoi2TaeXGpcHu.jpg', 'backdrop_path': None}",672000,"[{'id': 28, 'name': 'Action'}, {'id': 12, 'name': 'Adventure'}, {'id': 18, 'name': 'Drama'}, {'id': 27, 'name': 'Horror'}]",,244,tt0024216,en,King Kong,An adventure film about a film crew in search of a monster on a remote island. The crew finds King Kong and decides to take him back to New York as a money making spectacle. The film is a masterpiece of Stop-Motion in filmmaking history and inspired a line of King Kong films.,8.73274,/vXInYahVp31uL8wZORckaoHq565.jpg,"[{'name': 'RKO Radio Pictures', 'id': 6}]","[{'iso_3166_1': 'US', 'name': 'United States of America'}]",1933-04-07,10000000.0,100.0,"[{'iso_639_1': 'en', 'name': 'English'}]",Released,A Monster of Creation's Dawn Breaks Loose in Our World Today!,King Kong,False,7.7,346.0
False,"{'id': 135498, 'name': 'King Kong (1976 series)', 'poster_path': '/qi6lnlTKDk0khlRunDOn0K2aW9b.jpg', 'backdrop_path': None}",23000000,"[{'id': 12, 'name': 'Adventure'}, {'id': 18, 'name': 'Drama'}]",,10730,tt0074751,en,King Kong,"In this remake of the 1933 classic about the giant ape, an oil company expedition disturbs the peace of Kong and brings him back to New York to exploit him. Even though a woman somewhat tames Kong, he finally breaks loose and terrorizes the city, and as the military attempt to stop him, he falls to his death from the top of the World Trade Center.",5.810716,/lyMgOphIY5iMASdzew7Fju1dSNC.jpg,"[{'name': 'Paramount Pictures', 'id': 4}, {'name': 'Dino De Laurentiis Company', 'id': 10308}]","[{'iso_3166_1': 'US', 'name': 'United States of America'}]",1976-09-08,90614445.0,134.0,"[{'iso_639_1': 'en', 'name': 'English'}]",Released,The most exciting original motion picture event of all time.,King Kong,False,5.9,179.0
False,"{'id': 135498, 'name': 'King Kong (1976 series)', 'poster_path': '/qi6lnlTKDk0khlRunDOn0K2aW9b.jpg', 'backdrop_path': None}",10000000,"[{'id': 28, 'name': 'Action'}, {'id': 27, 'name': 'Horror'}]",,31947,tt0091344,en,King Kong Lives,Kong falls from the twin towers and he appears to be alive!,2.663294,/qxQpWMjsLhB4WojCrw13kCg96ka.jpg,"[{'name': 'De Laurentiis Entertainment Group (DEG)', 'id': 484}]","[{'iso_3166_1': 'US', 'name': 'United States of America'}]",1986-11-21,4711220.0,105.0,"[{'iso_639_1': 'en', 'name': 'English'}]",Released,America's biggest hero is back... and he is not happy.,King Kong Lives,False,4.6,29.0
False,,5000000,"[{'id': 35, 'name': 'Comedy'}]",,8130,tt0089017,en,Desperately Seeking Susan,"Roberta is a bored suburban housewife who is fascinated with a woman, Susan, she only knows about by reading messages to and from her in the personals section of the newspaper. This fascination reaches a peak when an ad with the headline ""Desperately Seeking Susan"" proposes a rendezvous. Roberta goes too, and in a series of events involving amnesia and mistaken identity, steps into Susan's life.",8.679349,/7aT69yN6Y0m0GQjocEnSk4kESdd.jpg,"[{'name': 'Orion Pictures', 'id': 41}]","[{'iso_3166_1': 'US', 'name': 'United States of America'}]",1985-03-29,27400000.0,104.0,"[{'iso_639_1': 'en', 'name': 'English'}]",Released,Roberta is desperate to be Susan. Susan is wanted by the mob. The mob finds Roberta instead...,Desperately Seeking Susan,False,6.0,99.0
False,,0,"[{'id': 28, 'name': 'Action'}, {'id': 12, 'name': 'Adventure'}, {'id': 18, 'name': 'Drama'}]",,11532,tt0089087,en,The Emerald Forest,"For ten years, engineer Bill Markham has searched tirelessly for his son Tommy who disappeared from the edge of the Brazilian rainforest. Miraculously, he finds the boy living among the reclusive Amazon tribe who adopted him. And that's when Bill's adventure truly begins. For his son is now a grown tribesman who moves skillfully through this beautiful-but-dangerous terrain, fearful only of those who would exploit it. And as Bill attempts to ""rescue"" him from the savagery of the untamed jungle, Tommy challenges Bill's idea of true civilization and his notions about who needs rescuing.",19.520733,/aiO9s3kuhrViz9s78wS1bsesdmW.jpg,"[{'name': 'Embassy Pictures Corporation', 'id': 419}, {'name': 'Christel Films', 'id': 32336}]","[{'iso_3166_1': 'GB', 'name': 'United Kingdom'}]",1985-06-26,24467000.0,114.0,"[{'iso_639_1': 'en', 'name': 'English'}, {'iso_639_1': 'pt', 'name': 'Português'}]",Released,What kind of man would return year after year for ten years to rescue a missing boy from the most savage jungle in the world? His father.,The Emerald Forest,False,7.0,64.0
False,"{'id': 104833, 'name': 'Fletch Collection', 'poster_path': '/kf8dk2ASMf0DEi5TZRXK47MDeHU.jpg', 'backdrop_path': '/1mfDXSIPdbpBfTtdjmKnfSuAYUx.jpg'}",8000000,"[{'id': 35, 'name': 'Comedy'}, {'id': 80, 'name': 'Crime'}, {'id': 9648, 'name': 'Mystery'}]",,9749,tt0089155,en,Fletch,"A veritable chameleon, investigative reporter Irwin ""Fletch"" Fletcher might drive his editor up the wall, but he always produces great pieces for the newspaper. When his next story is about the drug trade taking place on the beach, Fletch goes undercover as a homeless man. Unaware of Fletch's true identity, businessman Alan Stanwyk offers Fletch $50,000 to kill him. Intrigued, Fletch decides to unearth the full story behind the offer.",6.040486,/t8VjThRC6uKvjR5jVlhj5bBBUUy.jpg,"[{'name': 'Universal Pictures', 'id': 33}]","[{'iso_3166_1': 'US', 'name': 'United States of America'}]",1985-05-31,59612888.0,98.0,"[{'iso_639_1': 'en', 'name': 'English'}]",Released,Meet the only guy who changes his identity more often than his underwear.,Fletch,False,6.8,210.0
False,"{'id': 104833, 'name': 'Fletch Collection', 'poster_path': '/kf8dk2ASMf0DEi5TZRXK47MDeHU.jpg', 'backdrop_path': '/1mfDXSIPdbpBfTtdjmKnfSuAYUx.jpg'}",8045760,"[{'id': 35, 'name': 'Comedy'}, {'id': 80, 'name': 'Crime'}, {'id': 9648, 'name': 'Mystery'}]",,14628,tt0097366,en,Fletch Lives,"Fletch is a fish out of water in small-town Louisiana, where he's checking out a tumbledown mansion he's inherited. When a woman he flirts with turns up dead, Fletch becomes a suspect and must find the killer and clear his name. In the meantime, he's got some serious home-ownership issues, such as termites and weird neighbors.",10.357224,/A30iCFQVKXvQzGHEE4hyVC0QtrD.jpg,"[{'name': 'Universal Pictures', 'id': 33}, {'name': 'Vincent Pictures', 'id': 8818}]","[{'iso_3166_1': 'US', 'name': 'United States of America'}]",1989-03-17,35150960.0,95.0,"[{'iso_639_1': 'en', 'name': 'English'}]",Released,When there's more trouble than one man can handle...there's more than one man for the job.,Fletch Lives,False,5.8,98.0
False,"{'id': 43055, 'name': 'Conan the Barbarian Collection', 'poster_path': '/vguM8mJmArTn9ePTm8fK0Ryt7EI.jpg', 'backdrop_path': '/lGhx5lQiPJ79piSrXHgN5pSmJjh.jpg'}",17900000,"[{'id': 12, 'name': 'Adventure'}, {'id': 14, 'name': 'Fantasy'}, {'id': 28, 'name': 'Action'}]",,9626,tt0089893,en,Red Sonja,"The tyrant Gedren seeks the total power in a world of barbarism. She raids the city Hablac and kills the keeper of a talisman that gives her great power. Red Sonja, sister of the keeper, sets out with her magic sword to overthrow Gedren.",10.014248,/lvRlHJeMAYlUzSD8cebfIfNOhyl.jpg,"[{'name': 'Famous Films (II)', 'id': 3418}, {'name': 'Metro-Goldwyn-Mayer (MGM)', 'id': 8411}, {'name': 'Dino De Laurentiis Company', 'id': 10308}]","[{'iso_3166_1': 'NL', 'name': 'Netherlands'}, {'iso_3166_1': 'US', 'name': 'United States of America'}]",1985-04-09,6948633.0,89.0,"[{'iso_639_1': 'en', 'name': 'English'}]",Released,A woman and a warrior that became a legend.,Red Sonja,False,5.0,211.0
False,,0,"[{'id': 35, 'name': 'Comedy'}, {'id': 18, 'name': 'Drama'}]",,13698,tt0091159,en,Gung Ho,"When a western Pennsylvania auto plant is acquired by a Japanese company, brokering auto worker Hunt Stevenson faces the tricky challenge of mediating the assimilation of two clashing corporate cultures. At one end is the Japanese plant manager and the sycophant who is angling for his position. At the other, a number of disgruntled long-time union members struggle with the new exigencies of Japanese quality control.",6.853782,/oPOAgGAsNuExL7m1ZoUteAiJMul.jpg,"[{'name': 'Paramount Pictures', 'id': 4}]","[{'iso_3166_1': 'US', 'name': 'United States of America'}]",1986-03-13,36611610.0,111.0,"[{'iso_639_1': 'en', 'name': 'English'}]",Released,"When East meets West, the laughs shift into high gear!",Gung Ho,False,6.2,47.0
False,,10000000,"[{'id': 35, 'name': 'Comedy'}, {'id': 10749, 'name': 'Romance'}]",,10466,tt0091541,en,The Money Pit,"After being evicted from their Manhattan apartment, a couple buys what looks like the home of their dreams – only to find themselves saddled with a bank-account-draining nightmare. Struggling to keep their relationship together as their rambling mansion falls to pieces around them, the two watch in hilarious horror as everything – including the kitchen sink – disappears into the 'Money Pit'.",7.054864,/vzUfCSAXDIQemW6Kdk2RU2JtfiV.jpg,"[{'name': 'Universal Pictures', 'id': 33}, {'name': 'Amblin Entertainment', 'id': 56}]","[{'iso_3166_1': 'US', 'name': 'United States of America'}]",1986-03-15,54999651.0,91.0,"[{'iso_639_1': 'en', 'name': 'English'}]",Released,For everyone who's ever been deeply in Love or deeply in debt.,The Money Pit,False,6.2,288.0
False,"{'id': 645, 'name': 'James Bond Collection', 'poster_path': '/HORpg5CSkmeQlAolx3bKMrKgfi.jpg', 'backdrop_path': '/6VcVl48kNKvdXOZfJPdarlUGOsk.jpg'}",30000000,"[{'id': 12, 'name': 'Adventure'}, {'id': 28, 'name': 'Action'}, {'id': 53, 'name': 'Thriller'}]",http://www.mgm.com/view/movie/2101/A-View-to-a-Kill/,707,tt0090264,en,A View to a Kill,A newly developed microchip designed by Zorin Industries for the British Government that can survive the electromagnetic radiation caused by a nuclear explosion has landed in the hands of the KGB. James Bond must find out how and why. His suspicions soon lead him to big industry leader Max Zorin.,12.840798,/veDMW7eX6tat86EapsvGEICJ8Tq.jpg,"[{'name': 'Eon Productions', 'id': 7576}]","[{'iso_3166_1': 'FR', 'name': 'France'}, {'iso_3166_1': 'IS', 'name': 'Iceland'}, {'iso_3166_1': 'GB', 'name': 'United Kingdom'}, {'iso_3166_1': 'US', 'name': 'United States of America'}]",1985-05-24,152427960.0,131.0,"[{'iso_639_1': 'en', 'name': 'English'}]",Released,Has James Bond finally met his match?,A View to a Kill,False,6.0,515.0
False,,25000000,"[{'id': 14, 'name': 'Fantasy'}, {'id': 27, 'name': 'Horror'}, {'id': 878, 'name': 'Science Fiction'}, {'id': 53, 'name': 'Thriller'}]",,11954,tt0089489,en,Lifeforce,A space shuttle mission investigating Halley's Comet brings back a malevolent race of space vampires who transform most of London's population into zombies. The only survivor of the expedition and British authorities attempt to capture a mysterious but beautiful alien woman who appears responsible.,13.561368,/l9R0w3CzF2YCTZTlAZt1E3k2qNy.jpg,"[{'name': 'TriStar Pictures', 'id': 559}, {'name': 'Golan-Globus', 'id': 1445}, {'name': 'Easedram', 'id': 21896}]","[{'iso_3166_1': 'GB', 'name': 'United Kingdom'}]",1985-06-20,0.0,116.0,"[{'iso_639_1': 'en', 'name': 'English'}, {'iso_639_1': 'es', 'name': 'Español'}]",Released,"In the blink of an eye, the terror begins.",Lifeforce,False,6.2,136.0
False,"{'id': 9338, 'name': 'Police Academy Collection', 'poster_path': '/1VRdXVy2FYlX4EtllnLKWK6kYDJ.jpg', 'backdrop_path': '/RhpI828r9EKPV4x0pyHiqCDZDQ.jpg'}",4500000,"[{'id': 35, 'name': 'Comedy'}, {'id': 80, 'name': 'Crime'}]",,9336,tt0087928,en,Police Academy,"New rules enforced by the Lady Mayoress mean that sex, weight, height and intelligence need no longer be a factor for joining the Police Force. This opens the floodgates for all and sundry to enter the Police Academy, much to the chagrin of the instructors. Not everyone is there through choice, though. Social misfit Mahoney has been forced to sign up as the only alternative to a jail sentence and it doesn't take long before he falls foul of the boorish Lieutenant Harris. But before long, Mahoney realises that he is enjoying being a police cadet and decides he wants to stay... while Harris decides he wants Mahoney out!",8.354488,/ApsenIoTzEScNe4HIRSKlmFQQhC.jpg,"[{'name': 'Warner Bros.', 'id': 6194}, {'name': 'The Ladd Company', 'id': 7965}]","[{'iso_3166_1': 'US', 'name': 'United States of America'}]",1984-03-22,146198896.0,96.0,"[{'iso_639_1': 'en', 'name': 'English'}]",Released,What an Institution!,Police Academy,False,6.5,614.0
False,"{'id': 9338, 'name': 'Police Academy Collection', 'poster_path': '/1VRdXVy2FYlX4EtllnLKWK6kYDJ.jpg', 'backdrop_path': '/RhpI828r9EKPV4x0pyHiqCDZDQ.jpg'}",0,"[{'id': 35, 'name': 'Comedy'}, {'id': 80, 'name': 'Crime'}]",,10157,tt0089822,en,Police Academy 2: Their First Assignment,"Officer Carey Mahoney and his cohorts have finally graduated from the Police Academy and are about to hit the streets on their first assignment. Question is, are they ready to do battle with a band of graffiti-tagging terrorists? Time will tell, but don't sell short this cheerful band of doltish boys in blue.",9.021668,/iNlm1BBGCwfP207QzuUk2Ei13sG.jpg,"[{'name': 'Warner Bros.', 'id': 6194}, {'name': 'The Ladd Company', 'id': 7965}]","[{'iso_3166_1': 'US', 'name': 'United States of America'}]",1985-03-28,55600000.0,87.0,"[{'iso_639_1': 'en', 'name': 'English'}]",Released,"To protect, to serve... and make you laugh. America's funniest crimebusters are back!",Police Academy 2: Their First Assignment,False,5.6,349.0
False,"{'id': 9338, 'name': 'Police Academy Collection', 'poster_path': '/1VRdXVy2FYlX4EtllnLKWK6kYDJ.jpg', 'backdrop_path': '/RhpI828r9EKPV4x0pyHiqCDZDQ.jpg'}",0,"[{'id': 35, 'name': 'Comedy'}, {'id': 80, 'name': 'Crime'}]",,12118,tt0091777,en,Police Academy 3: Back in Training,"When police funding is cut, the Governor announces he must close one of the academies. To make it fair, the two police academies must compete against each other to stay in operation. Mauser persuades two officers in Lassard's academy to better his odds, but things don't quite turn out as expected...",7.10005,/A0WHx049ty1RJ57XeQwweRxhHbW.jpg,"[{'name': 'Warner Bros.', 'id': 6194}, {'name': 'Police Academy Productions', 'id': 69583}]","[{'iso_3166_1': 'US', 'name': 'United States of America'}]",1986-03-20,43579163.0,83.0,"[{'iso_639_1': 'en', 'name': 'English'}]",Released,Run for cover!,Police Academy 3: Back in Training,False,5.5,259.0
False,"{'id': 9338, 'name': 'Police Academy Collection', 'poster_path': '/1VRdXVy2FYlX4EtllnLKWK6kYDJ.jpg', 'backdrop_path': '/RhpI828r9EKPV4x0pyHiqCDZDQ.jpg'}",0,"[{'id': 35, 'name': 'Comedy'}, {'id': 80, 'name': 'Crime'}]",,10587,tt0093756,en,Police Academy 4: Citizens on Patrol,"A new batch of recruits arrives at Police Academy, this time a group of civilian volunteers who have joined Commandant Lassard's new Citizens on Patrol program. Although the community relations project has strong governmental support, a disgusted Captain Harris is determined to see it fail.",5.952392,/qSEeqtYySGdWRzU0GKLuoFOTt1Q.jpg,"[{'name': 'Warner Bros.', 'id': 6194}]","[{'iso_3166_1': 'US', 'name': 'United States of America'}]",1987-04-02,28061343.0,88.0,"[{'iso_639_1': 'en', 'name': 'English'}]",Released,"On land, on sea, or in the air, no place is safe from them!",Police Academy 4: Citizens on Patrol,False,4.9,261.0
False,"{'id': 9338, 'name': 'Police Academy Collection', 'poster_path': '/1VRdXVy2FYlX4EtllnLKWK6kYDJ.jpg', 'backdrop_path': '/RhpI828r9EKPV4x0pyHiqCDZDQ.jpg'}",0,"[{'id': 35, 'name': 'Comedy'}, {'id': 80, 'name': 'Crime'}]",,11825,tt0095882,en,Police Academy 5: Assignment Miami Beach,"The Police Academy misfits travel to Miami, Florida for their academy's commanding officer, Lassard, to receive a prestigious lifetime award pending his retirement, which takes a turn involving a group of jewel thieves after their stolen loot that Lassard unknowingly has in his possession.",10.278957,/iwYu3FsGSNAaDgRC9i9Z7l1iVFm.jpg,"[{'name': 'Warner Bros.', 'id': 6194}]","[{'iso_3166_1': 'US', 'name': 'United States of America'}]",1988-03-17,19510371.0,90.0,"[{'iso_639_1': 'en', 'name': 'English'}]",Released,Hold everything! The cadets are dropping in on Miami Beach for an all new adventure.,Police Academy 5: Assignment Miami Beach,False,4.7,195.0
False,"{'id': 9338, 'name': 'Police Academy Collection', 'poster_path': '/1VRdXVy2FYlX4EtllnLKWK6kYDJ.jpg', 'backdrop_path': '/RhpI828r9EKPV4x0pyHiqCDZDQ.jpg'}",0,"[{'id': 35, 'name': 'Comedy'}, {'id': 80, 'name': 'Crime'}]",,11895,tt0098105,en,Police Academy 6: City Under Siege,"Our favourite police men are called together to deal with a gang who rob banks and jewelers. Using their various talents as well as their extraordinary luck, the crooks stand no chance against our men and women wearing blue..",5.612379,/9mW8fM0PkXvSSmLODTb2OAYEQTY.jpg,"[{'name': 'Warner Bros.', 'id': 6194}]","[{'iso_3166_1': 'US', 'name': 'United States of America'}]",1989-03-09,11567217.0,84.0,"[{'iso_639_1': 'en', 'name': 'English'}]",Released,The Grads are going undercover in the city to unmask the mastermind of crime.,Police Academy 6: City Under Siege,False,4.7,183.0
False,"{'id': 9435, 'name': 'Babe Collection', 'poster_path': '/jgnah0k4AumfcZE4HHMJywYHvG6.jpg', 'backdrop_path': '/zRWuGdIlkWqXMQcs1t3sPy1XQ6x.jpg'}",90000000,"[{'id': 12, 'name': 'Adventure'}, {'id': 35, 'name': 'Comedy'}, {'id': 18, 'name': 'Drama'}, {'id': 10751, 'name': 'Family'}, {'id': 14, 'name': 'Fantasy'}]",,9447,tt0120595,en,Babe: Pig in the City,"Babe, fresh from his victory in the sheepherding contest, returns to Farmer Hoggett's farm, but after Farmer Hoggett is injured and unable to work, Babe has to go to the big city to save the farm.",6.229629,/yjZ3d2mKC94Lz0XGJYGRbAOrA4Q.jpg,"[{'name': 'Kennedy Miller Productions', 'id': 2537}]","[{'iso_3166_1': 'AU', 'name': 'Australia'}]",1998-11-25,69131860.0,92.0,"[{'iso_639_1': 'en', 'name': 'English'}]",Released,This little pig went to the city...,Babe: Pig in the City,False,5.3,312.0
False,,15000000,"[{'id': 18, 'name': 'Drama'}, {'id': 35, 'name': 'Comedy'}, {'id': 10749, 'name': 'Romance'}]",,12257,tt0119304,en,Home Fries,"Dorian and Angus chase down their womanizing stepfather with a helicopter, frightening him to death. In his effort to cover their tracks, Dorian begins investigating his stepfather's mistress, Sally. She works at a fast-food drive-through, she's pregnant and Dorian quickly falls in love with her. Unfortunately, his scheming mother wants Sally dead. And Sally isn't sure she wants Dorian to be her child's father and also his brother.",2.312844,/canLYYy0QvAFQLSwvIB75zcuLVk.jpg,"[{'name': 'Warner Bros.', 'id': 6194}, {'name': 'Baltimore Pictures', 'id': 11407}, {'name': 'Kasdan Pictures', 'id': 13040}]","[{'iso_3166_1': 'US', 'name': 'United States of America'}]",1998-11-25,10443316.0,93.0,"[{'iso_639_1': 'en', 'name': 'English'}]",Released,A long shot romance in a short order world.,Home Fries,False,4.8,32.0
False,,3500000,"[{'id': 35, 'name': 'Comedy'}]",,37536,tt0165494,en,Ringmaster,"Jerry Springer stars as more or less himself, the host of a raunchy, controversial and popular Los Angeles talk show which features everyday people with problems and who frequently vent thrir problems on the air.",0.556435,/gbLOUw9pmCF6cC0QbQHHACywAqg.jpg,"[{'name': 'Artisan Entertainment', 'id': 2188}]","[{'iso_3166_1': 'US', 'name': 'United States of America'}]",1998-11-25,9247881.0,90.0,"[{'iso_639_1': 'en', 'name': 'English'}]",Released,,Ringmaster,False,3.8,13.0
False,,30000000,"[{'id': 35, 'name': 'Comedy'}, {'id': 80, 'name': 'Crime'}, {'id': 53, 'name': 'Thriller'}]",,10029,tt0124198,en,Very Bad Things,"Kyle Fisher has one last night to celebrate life as a single man before marrying Laura, so he sets out to Vegas with four of his best buddies. But a drug and alcohol filled night on the town with a stripper who goes all the way, turns into a cold night in the desert with shovels when the stripper goes all the way into a body bag after dying in their bathroom. And that's just the first of the bodies to pile up before Kyle can walk down the aisle...",10.432293,/rGZ4bR7dNcAWntnVY5R8kge2IVq.jpg,"[{'name': 'Initial Entertainment Group (IEG)', 'id': 7380}, {'name': 'Interscope Communications', 'id': 10201}, {'name': 'VBT Productions', 'id': 38085}, {'name': 'Ballpark Productions Partnership', 'id': 38086}]","[{'iso_3166_1': 'US', 'name': 'United States of America'}]",1998-09-11,9898412.0,100.0,"[{'iso_639_1': 'en', 'name': 'English'}]",Released,They've been bad. Very bad.,Very Bad Things,False,6.2,182.0
False,,0,"[{'id': 18, 'name': 'Drama'}]",,27104,tt0119248,it,Hamam,Francesco and Marta run a husband-and-wife design company in Rome. When Francesco's aunt dies in Instanbul he travels there to sort out the hamam turkish steam bath that she left him. He finds a love and warmth in his realtives' Instanbul home that is missing from his life in Italy.,1.74817,/7djUV6eFo4Vgl4ODakrUnyqxXh1.jpg,[],"[{'iso_3166_1': 'ES', 'name': 'Spain'}, {'iso_3166_1': 'IT', 'name': 'Italy'}, {'iso_3166_1': 'TR', 'name': 'Turkey'}]",1997-10-24,0.0,94.0,"[{'iso_639_1': 'it', 'name': 'Italiano'}, {'iso_639_1': 'tr', 'name': 'Türkçe'}]",Released,What he inherited was a sexual awakening...,Steam: The Turkish Bath,False,6.4,24.0
False,,60000000,"[{'id': 27, 'name': 'Horror'}, {'id': 9648, 'name': 'Mystery'}, {'id': 53, 'name': 'Thriller'}]",,11252,tt0155975,en,Psycho,"Criminal on the run, Marion Crane takes refuge at the motel operated by Norman Bates - a troubled man whose victims encounter a grisly fate at the hands of his ""mother."" Marion soon becomes the next victim and her disappearance prompts inquiries from her sister and a private investigator. They both soon discover the morbid bond linking Norman to his mysterious ""mother"" at the Bates Motel.",6.715898,/5emaTTGS8rnLgZrBS98zqv1XWqE.jpg,"[{'name': 'Imagine Entertainment', 'id': 23}, {'name': 'Universal Pictures', 'id': 33}]","[{'iso_3166_1': 'US', 'name': 'United States of America'}]",1998-12-04,37141130.0,105.0,"[{'iso_639_1': 'en', 'name': 'English'}]",Released,A new vision of a classic nightmare.,Psycho,False,4.8,233.0
False,,0,"[{'id': 35, 'name': 'Comedy'}, {'id': 18, 'name': 'Drama'}]",,8545,tt0147004,en,Little Voice,"After the death of her father, Little Voice or LV becomes a virtual recluse, never going out and hardly ever saying a word. She just sits in her bedroom listening to her father's collection of old records of Shirley Bassey, Marilyn Monroe and various other famous female singers. But at night time, LV sings, imitating these great singers with surprising accuracy. One night she is overheard by one of her mother's boyfriends, who happens to be a talent agent. He manages to convince her that her talent is special and arranges for her to perform at the local night club, but several problems arise.",7.214017,/yWVzmBbRpfvDkvdKfPC70PpSVEN.jpg,"[{'name': 'Miramax Films', 'id': 14}]","[{'iso_3166_1': 'GB', 'name': 'United Kingdom'}]",1998-11-05,0.0,97.0,"[{'iso_639_1': 'en', 'name': 'English'}]",Released,Finding your own voice can be magic.,Little Voice,False,6.6,62.0
False,,0,"[{'id': 18, 'name': 'Drama'}, {'id': 80, 'name': 'Crime'}, {'id': 53, 'name': 'Thriller'}]",,10223,tt0120324,en,A Simple Plan,"Captivated by the lure of sudden wealth, the quiet rural lives of two brothers erupt into conflicts of greed, paranoia and distrust when over $4 million in cash is discovered at the remote site of a downed small airplane. Their simple plan to retain the money while avoiding detection opens a Pandora's box when the fear of getting caught triggers panicked behavior and leads to virulent consequences",5.765416,/n8vVfHfkYzMjRJ6yXXnE9ZuHjlB.jpg,"[{'name': 'Paramount Pictures', 'id': 4}]","[{'iso_3166_1': 'US', 'name': 'United States of America'}]",1998-12-11,0.0,121.0,"[{'iso_639_1': 'en', 'name': 'English'}]",Released,Sometimes good people do evil things.,A Simple Plan,False,6.9,191.0
False,,27000000,"[{'id': 35, 'name': 'Comedy'}, {'id': 10751, 'name': 'Family'}, {'id': 18, 'name': 'Drama'}, {'id': 14, 'name': 'Fantasy'}]",,9745,tt0141109,en,Jack Frost,"A father, who can't keep his promises, dies in a car accident. One year later, he returns as a snowman, who has the final chance to put things right with his son before he is gone forever.",7.372419,/cPmO5VZhqN4ocrgxjGaFmLeMREv.jpg,"[{'name': 'Warner Bros.', 'id': 6194}, {'name': 'Azoff Entertainment', 'id': 10619}, {'name': 'The Canton Company', 'id': 22351}]","[{'iso_3166_1': 'US', 'name': 'United States of America'}]",1998-12-10,0.0,101.0,"[{'iso_639_1': 'en', 'name': 'English'}]",Released,Jack Frost is getting a second chance to be the world's coolest dad... if he doesn't melt first.,Jack Frost,False,5.5,254.0
False,"{'id': 115570, 'name': 'Star Trek: The Next Generation Collection', 'poster_path': '/sddV6vaUC6x37icJS3opIXTXB07.jpg', 'backdrop_path': '/r7MMQenUURHhAVHFymtOb8AX4Bm.jpg'}",70000000,"[{'id': 878, 'name': 'Science Fiction'}, {'id': 28, 'name': 'Action'}, {'id': 12, 'name': 'Adventure'}, {'id': 53, 'name': 'Thriller'}]",,200,tt0120844,en,Star Trek: Insurrection,"When an alien race and factions within Starfleet attempt to take over a planet that has ""regenerative"" properties, it falls upon Captain Picard and the crew of the Enterprise to defend the planet's people as well as the very ideals upon which the Federation itself was founded.",9.538877,/sQdiBAMZ8mq9Eb9fQX1Z7HZHUVs.jpg,"[{'name': 'Paramount Pictures', 'id': 4}]","[{'iso_3166_1': 'US', 'name': 'United States of America'}]",1998-12-10,118000000.0,103.0,"[{'iso_639_1': 'en', 'name': 'English'}]",Released,The battle for paradise has begun.,Star Trek: Insurrection,False,6.3,402.0
False,,70000000,"[{'id': 12, 'name': 'Adventure'}, {'id': 16, 'name': 'Animation'}, {'id': 18, 'name': 'Drama'}, {'id': 10751, 'name': 'Family'}, {'id': 10402, 'name': 'Music'}]",,9837,tt0120794,en,The Prince of Egypt,"This is the extraordinary tale of two brothers named Moses and Ramses, one born of royal blood, and one an orphan with a secret past. Growing up the best of friends, they share a strong bond of free-spirited youth and good-natured rivalry. But the truth will ultimately set them at odds, as one becomes the ruler of the most powerful empire on earth, and the other the chosen leader of his people! Their final confrontation will forever change their lives and the world.",11.898185,/wD34ls2faCrj8YvFViEaPfBtBEe.jpg,"[{'name': 'DreamWorks SKG', 'id': 27}, {'name': 'DreamWorks Animation', 'id': 521}]","[{'iso_3166_1': 'US', 'name': 'United States of America'}]",1998-12-15,218613188.0,99.0,"[{'iso_639_1': 'he', 'name': 'עִבְרִית'}, {'iso_639_1': 'en', 'name': 'English'}]",Released,The Power Is Real.,The Prince of Egypt,False,6.9,847.0
False,,9000000,"[{'id': 35, 'name': 'Comedy'}, {'id': 18, 'name': 'Drama'}]",,11545,tt0128445,en,Rushmore,"When a beautiful first-grade teacher arrives at a prep school, she soon attracts the attention of an ambitious teenager named Max, who quickly falls in love with her. Max turns to the father of two of his schoolmates for advice on how to woo the teacher. However, the situation soon gets complicated when Max's new friend becomes involved with her, setting the two pals against one another in a war for her attention.",5.997054,/q3ov1BFTCRWoR9Q6udaRbmgfWwg.jpg,"[{'name': 'Touchstone Pictures', 'id': 9195}]","[{'iso_3166_1': 'US', 'name': 'United States of America'}]",1998-09-17,17096053.0,93.0,"[{'iso_639_1': 'fr', 'name': 'Français'}, {'iso_639_1': 'en', 'name': 'English'}, {'iso_639_1': 'la', 'name': 'Latin'}, {'iso_639_1': 'es', 'name': 'Español'}]",Released,Love. Expulsion. Revolution.,Rushmore,False,7.5,688.0
False,,25000000,"[{'id': 10749, 'name': 'Romance'}, {'id': 36, 'name': 'History'}]",,1934,tt0138097,en,Shakespeare in Love,"Young Shakespeare is forced to stage his latest comedy, ""Romeo and Ethel, the Pirate's Daughter,"" before it's even written. When a lovely noblewoman auditions for a role, they fall into forbidden love -- and his play finds a new life (and title). As their relationship progresses, Shakespeare's comedy soon transforms into tragedy.",13.813155,/sAN5jedynbs3pa3ww0UXQ1k0lRF.jpg,"[{'name': 'Miramax Films', 'id': 14}, {'name': 'Universal Pictures', 'id': 33}, {'name': 'Bedford Falls Productions', 'id': 348}]","[{'iso_3166_1': 'US', 'name': 'United States of America'}]",1998-12-11,289317794.0,122.0,"[{'iso_639_1': 'en', 'name': 'English'}]",Released,Love is the only inspiration.,Shakespeare in Love,False,6.8,831.0
False,,0,"[{'id': 18, 'name': 'Drama'}]",,110643,tt0087688,en,Mass Appeal,A young seminarian rattles the established order at a Catholic parish run by an older pastor. (TCM.com),0.582317,/yyCXkzmi8jChDD6qSmhD2QVs1E.jpg,[],[],1984-12-14,0.0,99.0,"[{'iso_639_1': 'en', 'name': 'English'}]",Released,,Mass Appeal,False,7.5,3.0
False,,0,"[{'id': 18, 'name': 'Drama'}, {'id': 10751, 'name': 'Family'}]",,11881,tt0039628,en,Miracle on 34th Street,"Kris Kringle, seemingly the embodiment of Santa Claus, is asked to portray the jolly old fellow at Macy's following his performance in the Thanksgiving Day parade. His portrayal is so complete many begin to question if he truly is Santa Claus while others question his sanity.",5.114032,/h8kkqroLwxvAHxWGIStEZaNd4wr.jpg,"[{'name': 'Twentieth Century Fox Film Corporation', 'id': 306}]","[{'iso_3166_1': 'US', 'name': 'United States of America'}]",1947-05-02,0.0,96.0,"[{'iso_639_1': 'en', 'name': 'English'}]",Released,Capture the spirit of Christmas with this timeless classic!,Miracle on 34th Street,False,7.4,139.0
False,,50000000,"[{'id': 10751, 'name': 'Family'}, {'id': 14, 'name': 'Fantasy'}, {'id': 12, 'name': 'Adventure'}, {'id': 878, 'name': 'Science Fiction'}, {'id': 35, 'name': 'Comedy'}]",,13764,tt0089961,en,Santa Claus: The Movie,"The first half of this film, set hundreds of years ago, shows how the old man who eventually became Santa Claus was given immortality and chosen to deliver toys to all the children of the world. The second half moves into the modern era, in which Patch, the head elf, strikes out on his own and falls in with an evil toy manufacturer who wants to corner the market and eliminate Santa Claus.",11.690532,/eYQ4c6NhU59YGRsH6kp1oKZHhNt.jpg,"[{'name': 'TriStar Pictures', 'id': 559}, {'name': 'Calash Corporation', 'id': 12958}]","[{'iso_3166_1': 'US', 'name': 'United States of America'}]",1985-10-29,23717291.0,108.0,"[{'iso_639_1': 'en', 'name': 'English'}]",Released,Guess Who's Coming To Town!,Santa Claus: The Movie,False,6.1,58.0
False,,0,"[{'id': 18, 'name': 'Drama'}, {'id': 10751, 'name': 'Family'}, {'id': 14, 'name': 'Fantasy'}]",,24951,tt0098115,fr,Prancer,"Jessica, the daughter of an impoverished apple farmer, still believes in Santa Claus. So when she comes across a reindeer with an injured leg, it makes perfect sense to her to assume that it is Prancer, who had fallen from a Christmas display in town. She hides the reindeer in her barn and feeds it cookies, until she can return it to Santa. Her father finds the reindeer an decides to sell it to the butcher, not for venison chops, but as an advertising display.",1.912324,/fMB3NytsHZrbb2ylntRFQtFhPPx.jpg,"[{'name': 'Orion Pictures', 'id': 41}]","[{'iso_3166_1': 'CA', 'name': 'Canada'}, {'iso_3166_1': 'US', 'name': 'United States of America'}]",1989-11-17,0.0,99.0,"[{'iso_639_1': 'fr', 'name': 'Français'}]",Released,They lost the true spirit of Christmas...And found it locked in the heart of one little girl.,Prancer,False,5.7,17.0
False,,0,"[{'id': 10749, 'name': 'Romance'}, {'id': 37, 'name': 'Western'}]",,8879,tt0089767,en,Pale Rider,A small gold mining camp is terrorised by a ruthless land owner wanting to take their land. Clint Eastwood arrives riding a pale horse just as a young girl is praying to God to help the miners. He is revealed to be a preacher with mysterious and possible otherworldly origins who teams up with the miners to defeat the land owner and the corrupt sheriff.,9.385078,/kpAN5WnDEVWYzMDPkXHTbrDQuak.jpg,"[{'name': 'Warner Bros.', 'id': 6194}, {'name': 'Malpaso Company', 'id': 15298}]","[{'iso_3166_1': 'US', 'name': 'United States of America'}]",1985-06-28,41410568.0,115.0,"[{'iso_639_1': 'en', 'name': 'English'}]",Released,... and hell followed with him.,Pale Rider,False,7.0,255.0
False,"{'id': 5039, 'name': 'Rambo Collection', 'poster_path': '/feGOEOVrOLyjtEnVa88rQLgD3XY.jpg', 'backdrop_path': '/Yt2ZxbJv2HM842B6FNMr59Vhyb.jpg'}",44000000,"[{'id': 28, 'name': 'Action'}, {'id': 12, 'name': 'Adventure'}, {'id': 53, 'name': 'Thriller'}, {'id': 10752, 'name': 'War'}]",,1369,tt0089880,en,Rambo: First Blood Part II,John Rambo is released from prison by the government for a top-secret covert mission to the last place on Earth he'd want to return - the jungles of Vietnam.,11.924462,/l6zUaYqaQ5TFokesv3BPzBvSN0.jpg,"[{'name': 'TriStar Pictures', 'id': 559}, {'name': 'Carolco Pictures', 'id': 14723}]","[{'iso_3166_1': 'US', 'name': 'United States of America'}]",1985-05-21,300400432.0,96.0,"[{'iso_639_1': 'en', 'name': 'English'}, {'iso_639_1': 'vi', 'name': 'Tiếng Việt'}]",Released,"What most people call hell, he calls home.",Rambo: First Blood Part II,False,6.3,884.0
False,"{'id': 5039, 'name': 'Rambo Collection', 'poster_path': '/feGOEOVrOLyjtEnVa88rQLgD3XY.jpg', 'backdrop_path': '/Yt2ZxbJv2HM842B6FNMr59Vhyb.jpg'}",15000000,"[{'id': 28, 'name': 'Action'}, {'id': 12, 'name': 'Adventure'}, {'id': 53, 'name': 'Thriller'}, {'id': 10752, 'name': 'War'}]",,1368,tt0083944,en,First Blood,"When former Green Beret John Rambo is harassed by local law enforcement and arrested for vagrancy, the Vietnam vet snaps, runs for the hills and rat-a-tat-tats his way into the action-movie hall of fame. Hounded by a relentless sheriff, Rambo employs heavy-handed guerilla tactics to shake the cops off his tail.",14.778884,/bbYNNEGLXrV3lJpHDg7CKaPscCb.jpg,"[{'name': 'Orion Pictures', 'id': 41}]","[{'iso_3166_1': 'US', 'name': 'United States of America'}]",1982-10-22,125212904.0,93.0,"[{'iso_639_1': 'en', 'name': 'English'}]",Released,This time he's fighting for his life.,First Blood,False,7.2,1523.0
False,"{'id': 5039, 'name': 'Rambo Collection', 'poster_path': '/feGOEOVrOLyjtEnVa88rQLgD3XY.jpg', 'backdrop_path': '/Yt2ZxbJv2HM842B6FNMr59Vhyb.jpg'}",63000000,"[{'id': 28, 'name': 'Action'}, {'id': 12, 'name': 'Adventure'}, {'id': 53, 'name': 'Thriller'}, {'id': 10752, 'name': 'War'}]",,1370,tt0095956,en,Rambo III,"Combat has taken its toll on Rambo, but he's finally begun to find inner peace in a monastery. When Rambo's friend and mentor Col. Trautman asks for his help on a top secret mission to Afghanistan, Rambo declines but must reconsider when Trautman is captured.",11.624866,/oCD41FfUs1OMCdPaf5EcJ6dxxMW.jpg,"[{'name': 'TriStar Pictures', 'id': 559}, {'name': 'Carolco Pictures', 'id': 14723}]","[{'iso_3166_1': 'US', 'name': 'United States of America'}]",1988-05-24,189015611.0,102.0,"[{'iso_639_1': 'en', 'name': 'English'}, {'iso_639_1': 'ru', 'name': 'Pусский'}]",Released,The first was for himself. The second for his country. This time it's to save his friend.,Rambo III,False,5.7,703.0
False,"{'id': 89264, 'name': 'Romancing the Stone Collection', 'poster_path': '/mHJHMng2y2jLHgz2S8AoACVgJMi.jpg', 'backdrop_path': '/kwgTcDfbrvVTqMOczKfFqJa3d7p.jpg'}",25000000,"[{'id': 28, 'name': 'Action'}, {'id': 12, 'name': 'Adventure'}, {'id': 35, 'name': 'Comedy'}, {'id': 10749, 'name': 'Romance'}]",,10303,tt0089370,en,The Jewel of the Nile,"Joan Wilder is thrust back into a world of murder, chases, foreign intrigue... and love. This time out she's duped by a duplicitous Arab dignitary who brings her to the Middle East, ostensibly to write a book about his life. Of course he's up to no good, and Joan is just another pawn in his wicked game. But Jack Colton and his sidekick Ralph show up to help our intrepid heroine save the day.",10.571841,/6VjsIhnIcrz2XdQVHdsMj5DdSa1.jpg,"[{'name': 'Twentieth Century Fox Film Corporation', 'id': 306}, {'name': 'SLM Production Group', 'id': 396}, {'name': 'Stone Group Pictures', 'id': 3470}]","[{'iso_3166_1': 'US', 'name': 'United States of America'}]",1985-12-04,96773200.0,106.0,"[{'iso_639_1': 'ar', 'name': 'العربية'}, {'iso_639_1': 'en', 'name': 'English'}]",Released,"When the going gets tough, the tough get going.",The Jewel of the Nile,False,6.0,289.0
False,"{'id': 89264, 'name': 'Romancing the Stone Collection', 'poster_path': '/mHJHMng2y2jLHgz2S8AoACVgJMi.jpg', 'backdrop_path': '/kwgTcDfbrvVTqMOczKfFqJa3d7p.jpg'}",10000000,"[{'id': 28, 'name': 'Action'}, {'id': 12, 'name': 'Adventure'}, {'id': 35, 'name': 'Comedy'}, {'id': 10749, 'name': 'Romance'}]",,9326,tt0088011,en,Romancing the Stone,"Though she can spin wild tales of passionate romance, novelist Joan Wilder has no life of her own. Then one day adventure comes her way in the form of a mysterious package. It turns out that the parcel is the ransom she'll need to free her abducted sister, so Joan flies to South America to hand it over. But she gets on the wrong bus and winds up hopelessly stranded in the jungle...",6.827193,/3TqpkTYiltYsxYatdug6WDgdRKL.jpg,"[{'name': 'Twentieth Century Fox Film Corporation', 'id': 306}, {'name': 'SLM Production Group', 'id': 396}, {'name': 'Nina Saxon Film Design', 'id': 1693}, {'name': 'El Corazon Producciones S.A.', 'id': 81127}]","[{'iso_3166_1': 'MX', 'name': 'Mexico'}, {'iso_3166_1': 'US', 'name': 'United States of America'}]",1984-03-30,86572238.0,106.0,"[{'iso_639_1': 'fr', 'name': 'Français'}, {'iso_639_1': 'en', 'name': 'English'}, {'iso_639_1': 'es', 'name': 'Español'}]",Released,"She's a girl from the big city. He's a reckless soldier of fortune. For a fabulous treasure, they share an adventure no one could imagine... or survive.",Romancing the Stone,False,6.6,477.0
False,"{'id': 86307, 'name': 'Cocoon Collection', 'poster_path': '/qKtNXCcY3DMJ8T7cs47yDwpU5fT.jpg', 'backdrop_path': '/o32F4wuQJPBnP5FVkOGP9DxGYJI.jpg'}",0,"[{'id': 35, 'name': 'Comedy'}, {'id': 18, 'name': 'Drama'}, {'id': 878, 'name': 'Science Fiction'}]",,10328,tt0088933,en,Cocoon,"A group of aliens return to earth to take back some cocoons of their people they left behind from an earlier trip. They kept the recovered cocoons in the swimming pool of a house they rented in a small Florida town. Their mission is hampered by a number of old people from an elderly home nearby, who have been secretly using the pool and discovering the unusual power of these cocoons.",5.773277,/foIhEPQoqDctfwsHmmYwbNz5A2g.jpg,"[{'name': 'Twentieth Century Fox Film Corporation', 'id': 306}, {'name': 'SLM Production Group', 'id': 396}, {'name': 'Zanuck/Brown Productions', 'id': 1865}]","[{'iso_3166_1': 'US', 'name': 'United States of America'}]",1985-06-21,85313124.0,117.0,"[{'iso_639_1': 'en', 'name': 'English'}]",Released,"Beyond the innocence of youth, and the wisdom of age, lies the wonder of... Cocoon",Cocoon,False,6.5,329.0
False,"{'id': 86307, 'name': 'Cocoon Collection', 'poster_path': '/qKtNXCcY3DMJ8T7cs47yDwpU5fT.jpg', 'backdrop_path': '/o32F4wuQJPBnP5FVkOGP9DxGYJI.jpg'}",17500000,"[{'id': 35, 'name': 'Comedy'}, {'id': 18, 'name': 'Drama'}, {'id': 878, 'name': 'Science Fiction'}]",,11285,tt0094890,en,Cocoon: The Return,"The old age pensioners that left at the end of the first film come back to earth to visit their relatives. Will they all decide to go back to the planet where no-one grows old, or will they be tempted to stay back on earth, or will they?",12.167265,/AkPcfRIZ1ZynIB2nnOOOWzHPOT9.jpg,"[{'name': 'Twentieth Century Fox Film Corporation', 'id': 306}, {'name': 'Zanuck/Brown Productions', 'id': 1865}]","[{'iso_3166_1': 'US', 'name': 'United States of America'}]",1988-09-13,25024919.0,116.0,"[{'iso_639_1': 'en', 'name': 'English'}]",Released,"This holiday season, journey to the most wonderful place in the universe... home.",Cocoon: The Return,False,5.4,103.0
False,"{'id': 1575, 'name': 'Rocky Collection', 'poster_path': '/mCY5dMkSSFQufGCViI6jNUU6pXq.jpg', 'backdrop_path': '/w4h6gjdWPvmu5R9H6zeGDPo1ZuV.jpg'}",7000000,"[{'id': 18, 'name': 'Drama'}]",,1367,tt0079817,en,Rocky II,"After Rocky goes the distance with champ Apollo Creed, both try to put the fight behind them and move on. Rocky settles down with Adrian but can't put his life together outside the ring, while Creed seeks a rematch to restore his reputation. Soon enough, the ""Master of Disaster"" and the ""Italian Stallion"" are set on a collision course for a climactic battle that is brutal and unforgettable.",11.789813,/fqJH7mI4dFANRay8qdJoGa7fK1k.jpg,"[{'name': 'United Artists', 'id': 60}]","[{'iso_3166_1': 'US', 'name': 'United States of America'}]",1979-06-15,200182160.0,119.0,"[{'iso_639_1': 'en', 'name': 'English'}]",Released,Once he fought for a dream. Now he's fighting for love!,Rocky II,False,6.9,948.0
False,"{'id': 1575, 'name': 'Rocky Collection', 'poster_path': '/mCY5dMkSSFQufGCViI6jNUU6pXq.jpg', 'backdrop_path': '/w4h6gjdWPvmu5R9H6zeGDPo1ZuV.jpg'}",17000000,"[{'id': 18, 'name': 'Drama'}]",,1371,tt0084602,en,Rocky III,"Now the world champion, Rocky Balboa is living in luxury and only fighting opponents who pose no threat to him in the ring. His lifestyle of wealth and idleness is shaken when a powerful young fighter known as Clubber Lang challenges him to a bout. After taking a pounding from Lang, the humbled champ turns to former bitter rival Apollo Creed to help him regain his form for a rematch with Lang.",11.673366,/ns55NGqTDEEjcI9z2a9htA2cFtG.jpg,"[{'name': 'United Artists', 'id': 60}]","[{'iso_3166_1': 'US', 'name': 'United States of America'}]",1982-05-28,270000000.0,99.0,"[{'iso_639_1': 'en', 'name': 'English'}]",Released,The greatest challenge.,Rocky III,False,6.6,894.0
False,"{'id': 1575, 'name': 'Rocky Collection', 'poster_path': '/mCY5dMkSSFQufGCViI6jNUU6pXq.jpg', 'backdrop_path': '/w4h6gjdWPvmu5R9H6zeGDPo1ZuV.jpg'}",31000000,"[{'id': 18, 'name': 'Drama'}]",,1374,tt0089927,en,Rocky IV,"Rocky must come out of retirement to battle a gargantuan Soviet fighter named Drago, who brutally punished Rocky's friend and former rival, Apollo Creed. Seeking revenge in the name of his fallen comrade and his country, Rocky agrees to fight Drago in Moscow on Christmas, and the bout changes both fighters -- and the world.",10.25721,/q2nkVddOshjhJ19oQYmViQHxyjj.jpg,"[{'name': 'United Artists', 'id': 60}]","[{'iso_3166_1': 'US', 'name': 'United States of America'}]",1985-11-21,300473716.0,91.0,"[{'iso_639_1': 'en', 'name': 'English'}]",Released,He's facing the ultimate challenge. And fighting for his life.,Rocky IV,False,6.6,984.0
False,"{'id': 1575, 'name': 'Rocky Collection', 'poster_path': '/mCY5dMkSSFQufGCViI6jNUU6pXq.jpg', 'backdrop_path': '/w4h6gjdWPvmu5R9H6zeGDPo1ZuV.jpg'}",42000000,"[{'id': 18, 'name': 'Drama'}]",,1375,tt0100507,en,Rocky V,"A lifetime of taking shots has ended Rocky's career, and a crooked accountant has left him broke. Inspired by the memory of his trainer, however, Rocky finds glory in training and takes on an up-and-coming boxer.",14.007329,/5P2RiuLt31mWyb6duww8qlAhs6G.jpg,"[{'name': 'United Artists', 'id': 60}]","[{'iso_3166_1': 'US', 'name': 'United States of America'}]",1990-10-18,119946358.0,104.0,"[{'iso_639_1': 'en', 'name': 'English'}]",Released,Go for it!,Rocky V,False,5.3,688.0
False,,15000000,"[{'id': 35, 'name': 'Comedy'}, {'id': 53, 'name': 'Thriller'}, {'id': 80, 'name': 'Crime'}, {'id': 9648, 'name': 'Mystery'}]",,15196,tt0088930,en,Clue,"Clue finds six colorful dinner guests gathered at the mansion of their host, Mr. Boddy -- who turns up dead after his secret is exposed: He was blackmailing all of them. With the killer among them, the guests and Boddy's chatty butler must suss out the culprit before the body count rises.",7.720009,/suzDcrxpuNPDnBwOOy8vBLsygwp.jpg,"[{'name': 'Paramount Pictures', 'id': 4}, {'name': 'Debra Hill Productions', 'id': 498}, {'name': 'PolyGram Filmed Entertainment', 'id': 1382}, {'name': 'The Guber-Peters Company', 'id': 4357}]","[{'iso_3166_1': 'US', 'name': 'United States of America'}]",1985-12-13,14643997.0,94.0,"[{'iso_639_1': 'fr', 'name': 'Français'}, {'iso_639_1': 'en', 'name': 'English'}]",Released,"Seven Suspects, Six Weapons, Five Bodies and Three Endings.",Clue,False,7.1,377.0
False,,18000000,"[{'id': 28, 'name': 'Action'}, {'id': 12, 'name': 'Adventure'}, {'id': 80, 'name': 'Crime'}, {'id': 18, 'name': 'Drama'}, {'id': 10751, 'name': 'Family'}, {'id': 9648, 'name': 'Mystery'}, {'id': 53, 'name': 'Thriller'}]",,11904,tt0090357,en,Young Sherlock Holmes,"Sherlock Holmes and Dr. Watson meet as boys in an English Boarding school. Holmes is known for his deductive ability even as a youth, amazing his classmates with his abilities. When they discover a plot to murder a series of British business men by an Egyptian cult, they move to stop it.",5.203452,/wtf58Ld4C23zQFidUfH4lN2aR1f.jpg,"[{'name': 'Paramount Pictures', 'id': 4}, {'name': 'Amblin Entertainment', 'id': 56}]","[{'iso_3166_1': 'US', 'name': 'United States of America'}]",1985-12-04,0.0,109.0,"[{'iso_639_1': 'en', 'name': 'English'}]",Released,"Before a lifetime of adventure, they lived the adventure of a lifetime.",Young Sherlock Holmes,False,6.7,172.0
False,,0,[],,215875,tt0092173,en,Violets Are Blue,"After fifteen years of traveling around the world Gussie (Spacek), a famous photographer, returns to the Maryland coastal resort where she grew up",0.896878,/jEBkaGu3HaEvFzpjfdE2xvRWUNT.jpg,[],[],1986-04-04,0.0,88.0,"[{'iso_639_1': 'en', 'name': 'English'}]",Released,,Violets Are Blue,False,2.5,2.0
False,,0,"[{'id': 35, 'name': 'Comedy'}]",,15596,tt0090685,en,Back to School,"Self-made millionaire Thornton Melon decides to get a better education and enrolls at his son Jason's college. While Jason tries to fit in with his fellow students, Thornton struggles to gain his son's respect, giving way to hilarious antics.",6.669879,/8k0qfMvpHPttsyt8MqZJR8IOaRN.jpg,"[{'name': 'Orion Pictures', 'id': 41}, {'name': 'Paper Clip Productions', 'id': 3089}]","[{'iso_3166_1': 'US', 'name': 'United States of America'}]",1986-06-13,91258000.0,96.0,"[{'iso_639_1': 'en', 'name': 'English'}, {'iso_639_1': 'pt', 'name': 'Português'}]",Released,"Registration starts Friday, June 13, at theaters everywhere.",Back to School,False,6.4,113.0
False,,0,"[{'id': 35, 'name': 'Comedy'}, {'id': 18, 'name': 'Drama'}, {'id': 10749, 'name': 'Romance'}]",,13818,tt0091188,en,Heartburn,"Rachel is a food writer at a New York magazine who meets Washington columnist Mark at a wedding and ends up falling in love with him despite her reservations about marriage. They buy a house, have a daughter, and Rachel thinks they are living happily ever after until she discovers that Mark is having an affair while she is waddling around with a second pregnancy.",16.071191,/2lEISs6Kj1Gs4svXNWAcYcmXlNA.jpg,"[{'name': 'Paramount Pictures', 'id': 4}]","[{'iso_3166_1': 'US', 'name': 'United States of America'}]",1986-07-25,0.0,108.0,"[{'iso_639_1': 'en', 'name': 'English'}]",Released,,Heartburn,False,5.9,48.0
False,,0,"[{'id': 18, 'name': 'Drama'}, {'id': 35, 'name': 'Comedy'}, {'id': 10749, 'name': 'Romance'}]",,29968,tt0091653,en,Nothing in Common,"On his way up the corporate ladder, David Basner confronts his greatest challenge: his father.",8.750517,/elsvXioKqCglA3ACcP3cysDE8uF.jpg,"[{'name': 'TriStar Pictures', 'id': 559}]","[{'iso_3166_1': 'US', 'name': 'United States of America'}]",1986-07-29,0.0,118.0,"[{'iso_639_1': 'en', 'name': 'English'}]",Released,It's a comedy. And a drama. Just like life.,Nothing in Common,False,6.1,30.0
False,,0,"[{'id': 18, 'name': 'Drama'}, {'id': 53, 'name': 'Thriller'}]",,44326,tt0091024,en,Extremities,"A woman escapes from the man who is about to rape her, but leaves her purse behind. Afraid that her attacker might come after her, she goes to the police, but with no proof of the incident, they can do nothing. In fact, the man does use the information in her bag and comes to her apartment with the intent of rape, but she sprays him in the face with insect repellent, and then holds him captive. She is then faced with deciding whether to go to the police who might not believe her and release him, or to kill him.",10.273979,/pMN14kaump5CrzbSl1C0a2E0M4f.jpg,"[{'name': 'Atlantic Entertainment Group', 'id': 3267}]","[{'iso_3166_1': 'US', 'name': 'United States of America'}]",1986-08-22,13418091.0,89.0,"[{'iso_639_1': 'en', 'name': 'English'}]",Rumored,"When fear made her a victim, she turned fear into a weapon.",Extremities,False,6.0,13.0
False,"{'id': 8580, 'name': 'The Karate Kid Collection', 'poster_path': '/o6h2F0C5eZOy50Q76fNYzc9mvvw.jpg', 'backdrop_path': '/1ok5JGCsDt4Sh3CkFeXh2F2KB7F.jpg'}",8000000,"[{'id': 18, 'name': 'Drama'}]",,1885,tt0087538,en,The Karate Kid,"Hassled by the school bullies, Daniel LaRusso has his share of adolescent woes. Luckily, his apartment building houses a resident martial arts master: Kesuke Miyagi, who agrees to train Daniel ... and ends up teaching him much more than self-defense. Armed with newfound confidence, skill and wisdom, Daniel ultimately faces off against his tormentors in this hugely popular classic underdog tale.",7.64499,/5kKor5pZ3ov08CAstSyk7FGDKVN.jpg,"[{'name': 'Columbia Pictures Corporation', 'id': 441}, {'name': 'Jerry Weintraub Productions', 'id': 2596}, {'name': 'Delphi Films', 'id': 4267}]","[{'iso_3166_1': 'US', 'name': 'United States of America'}]",1984-06-22,90815558.0,126.0,"[{'iso_639_1': 'en', 'name': 'English'}]",Released,Only the 'Old One' could teach him the secrets of the masters.,The Karate Kid,False,6.9,913.0
False,"{'id': 8580, 'name': 'The Karate Kid Collection', 'poster_path': '/o6h2F0C5eZOy50Q76fNYzc9mvvw.jpg', 'backdrop_path': '/1ok5JGCsDt4Sh3CkFeXh2F2KB7F.jpg'}",113,"[{'id': 12, 'name': 'Adventure'}, {'id': 18, 'name': 'Drama'}, {'id': 28, 'name': 'Action'}, {'id': 10749, 'name': 'Romance'}, {'id': 10751, 'name': 'Family'}]",,8856,tt0091326,en,"The Karate Kid, Part II","Mr. Miyagi and Daniel take a trip to Okinawa to visit Mr. Miyagi's dying father. After arriving Mr. Miyagi finds he still has feelings for an old love. This stirs up trouble with an old rival who he originally left Okinawa to avoid. In the mean time, Daniel encounters a new love and also makes some enemies.",9.231318,/4zmEPGKrD3sgjHZUs99tknEBaJy.jpg,"[{'name': 'Columbia Pictures Corporation', 'id': 441}, {'name': 'Delphi V Productions', 'id': 1174}]","[{'iso_3166_1': 'US', 'name': 'United States of America'}]",1986-06-18,115103979.0,113.0,"[{'iso_639_1': 'en', 'name': 'English'}]",Released,"This time, the combat is real.","The Karate Kid, Part II",False,5.9,457.0
False,"{'id': 8580, 'name': 'The Karate Kid Collection', 'poster_path': '/o6h2F0C5eZOy50Q76fNYzc9mvvw.jpg', 'backdrop_path': '/1ok5JGCsDt4Sh3CkFeXh2F2KB7F.jpg'}",0,"[{'id': 10751, 'name': 'Family'}, {'id': 12, 'name': 'Adventure'}]",,10495,tt0097647,en,"The Karate Kid, Part III","Kreese, his life in tatters after his karate school was defeated by Daniel and Mr. Miyagi, visits Terry, a friend from Vietnam. Terry is a ruthless business man and a martial arts expert, and he vows to help Kreese take revenge on Daniel and Mr. Miyagi.",6.441664,/2Z0EJl11kOSPMMvHqZ4r5Csh7Ph.jpg,"[{'name': 'Columbia Pictures Corporation', 'id': 441}, {'name': 'Weintraub International Group', 'id': 57092}]","[{'iso_3166_1': 'US', 'name': 'United States of America'}]",1989-06-29,38956288.0,112.0,"[{'iso_639_1': 'en', 'name': 'English'}]",Released,"First it was teacher to student. Then it was father to son. Now, it's man to man.","The Karate Kid, Part III",False,5.5,311.0
False,"{'id': 108693, 'name': ""National Lampoon's Vacation Collection"", 'poster_path': '/zvEUkLpDO7xlgabBEA9CCc0cvAt.jpg', 'backdrop_path': '/pBmhj6KkEjlzc3e7jAPkIHgGIrE.jpg'}",27000000,"[{'id': 35, 'name': 'Comedy'}]",,5825,tt0097958,en,National Lampoon's Christmas Vacation,"It's Christmas time and the Griswolds are preparing for a family seasonal celebration, but things never run smoothly for Clark, his wife Ellen and their two kids. Clark's continual bad luck is worsened by his obnoxious family guests, but he manages to keep going knowing that his Christmas bonus is due soon.",9.802574,/uh2sQFjRXCwexWcBtV7OEnL1c5G.jpg,"[{'name': 'Hughes Entertainment', 'id': 477}, {'name': 'Warner Bros.', 'id': 6194}]","[{'iso_3166_1': 'US', 'name': 'United States of America'}]",1989-12-01,71320000.0,97.0,"[{'iso_639_1': 'en', 'name': 'English'}]",Released,Yule crack up.,National Lampoon's Christmas Vacation,False,7.1,668.0
False,,65000000,"[{'id': 35, 'name': 'Comedy'}, {'id': 10749, 'name': 'Romance'}]",http://youvegotmail.warnerbros.com,9489,tt0128853,en,You've Got Mail,"Book superstore magnate, Joe Fox and independent book shop owner, Kathleen Kelly fall in love in the anonymity of the Internet – both blissfully unaware that he's putting her out of business.",10.237996,/2XIsqnCwEE3Uf5TlP9H68STgtk6.jpg,"[{'name': 'Warner Bros.', 'id': 6194}]","[{'iso_3166_1': 'US', 'name': 'United States of America'}]",1998-12-17,250821495.0,119.0,"[{'iso_639_1': 'en', 'name': 'English'}]",Released,Someone you pass on the street may already be the love of your life.,You've Got Mail,False,6.3,859.0
False,,0,"[{'id': 18, 'name': 'Drama'}, {'id': 28, 'name': 'Action'}, {'id': 80, 'name': 'Crime'}]",,16885,tt0120706,en,The General,"In a twenty-year career marked by obsessive secrecy, brutality and meticulous planning, Cahill netted over £40 million. He was untouchable - until a bullet from an IRA hitman ended it all.",2.21138,/hAPqcsMhvn0gfQRAbm2UrmDzloj.jpg,"[{'name': 'Merlin Films', 'id': 3201}, {'name': 'J & M', 'id': 3230}, {'name': 'Irish Film Board', 'id': 5267}]","[{'iso_3166_1': 'IE', 'name': 'Ireland'}, {'iso_3166_1': 'GB', 'name': 'United Kingdom'}]",1998-05-01,1214198.0,124.0,"[{'iso_639_1': 'en', 'name': 'English'}]",Released,"The extraordinary true story of the rise and fall of the gangster, Martin Cahill.",The General,False,6.5,24.0
False,,0,"[{'id': 18, 'name': 'Drama'}]",,76857,tt0120861,en,The Theory of Flight,"A dreamer who aspires to human flight is assigned public service after one of his attempts off a public building. This leads him to meeting a young woman, who is dying of motor neuron disease. The strong-willed woman admits her wish to be de-flowered before her death. The man, struggling to maintain his relationship with his girl friend, declines but offers to help pay for a gigolo to do the deed. The following events play off the inherent comedy and drama of the circumstances.",0.836911,/ajFRGmaUtT1dItVsE0gZJvEZPEz.jpg,"[{'name': 'BBC Films', 'id': 288}, {'name': 'Distant Horizons', 'id': 1066}]","[{'iso_3166_1': 'GB', 'name': 'United Kingdom'}]",1999-01-22,0.0,101.0,"[{'iso_639_1': 'en', 'name': 'English'}]",Released,,The Theory of Flight,False,6.0,7.0
False,,52000000,"[{'id': 18, 'name': 'Drama'}, {'id': 36, 'name': 'History'}, {'id': 10752, 'name': 'War'}]",,8741,tt0120863,en,The Thin Red Line,"Based on the graphic novel by James Jones, The Thin Red Line tells the story of a group of men, an Army Rifle company called C-for-Charlie, who change, suffer, and ultimately make essential discoveries about themselves during the fierce World War II battle of Guadalcanal. It follows their journey, from the surprise of an unopposed landing, through the bloody and exhausting battles that follow, to the ultimate departure of those who survived. A powerful frontline cast - including Sean Penn, Nick Nolte, Woody Harrelson and George Clooney - explodes into action in this hauntingly realistic view of military and moral chaos in the Pacific during World War II.",9.783966,/jGDK6eM6vb8VEUmR0ZoaghcCG8f.jpg,"[{'name': 'Fox 2000 Pictures', 'id': 711}, {'name': 'Phoenix Pictures', 'id': 11317}, {'name': 'Geisler-Roberdeau', 'id': 23660}]","[{'iso_3166_1': 'CA', 'name': 'Canada'}, {'iso_3166_1': 'US', 'name': 'United States of America'}]",1998-12-25,98126565.0,170.0,"[{'iso_639_1': 'en', 'name': 'English'}, {'iso_639_1': 'ru', 'name': 'Pусский'}]",Released,Every man fights his own war.,The Thin Red Line,False,7.2,793.0
False,,15000000,"[{'id': 27, 'name': 'Horror'}, {'id': 9648, 'name': 'Mystery'}, {'id': 878, 'name': 'Science Fiction'}]",,9276,tt0133751,en,The Faculty,"When some very creepy things start happening around school, the kids at Herrington High make a chilling discovery that confirms their worst suspicions: their teachers really are from another planet! As mind-controlling parasites rapidly begin spreading from the faculty to the students' bodies, it's ultimately up to the few who are left – an unlikely collection of loners, leaders, nerds and jocks – to save the world from alien domination.",13.462253,/6L1SgKyzDy5x2oEskUyfMcdVed2.jpg,"[{'name': 'Dimension Films', 'id': 7405}, {'name': 'Los Hooligans Productions', 'id': 11705}]","[{'iso_3166_1': 'US', 'name': 'United States of America'}]",1998-12-25,40283321.0,104.0,"[{'iso_639_1': 'en', 'name': 'English'}]",Released,Take me to your teacher.,The Faculty,False,6.2,500.0
False,,90000000,"[{'id': 28, 'name': 'Action'}, {'id': 12, 'name': 'Adventure'}, {'id': 10751, 'name': 'Family'}, {'id': 14, 'name': 'Fantasy'}]",,9822,tt0120751,en,Mighty Joe Young,"As a child living in Africa, Jill Young saw her mother killed while protecting wild gorillas from poachers led by Andrei Strasser. Now an adult, Jill cares for an orphaned gorilla named Joe -- who, due to a genetic anomaly, is 15 feet tall. When Gregg O'Hara arrives from California and sees the animal, he convinces Jill that Joe would be safest at his wildlife refuge. But Strasser follows them to the U.S., intent on capturing Joe for himself.",6.939576,/7ZqKvQwc3xUMBbadqzroMOnWwKc.jpg,"[{'name': 'Walt Disney Pictures', 'id': 2}, {'name': 'RKO Pictures', 'id': 4361}]","[{'iso_3166_1': 'US', 'name': 'United States of America'}]",1998-12-25,0.0,114.0,"[{'iso_639_1': 'sw', 'name': 'Kiswahili'}, {'iso_639_1': 'en', 'name': 'English'}]",Released,Survival is an instinct.,Mighty Joe Young,False,5.9,208.0
False,,94,"[{'id': 12, 'name': 'Adventure'}, {'id': 14, 'name': 'Fantasy'}, {'id': 18, 'name': 'Drama'}, {'id': 28, 'name': 'Action'}, {'id': 878, 'name': 'Science Fiction'}]",,39314,tt0041650,en,Mighty Joe Young,"After being taken from his home in Africa, Gorilla ""Joe"" is an instant hit in a Hollywood nightclub. This fun and wonderfully entertaining slant on ""King Kong"" is much better than Kong's 1934 sequel, ""Son of Kong"". This all ages adventure has superb special effects from Willis O'Brien and his protege, Ray Harryhausen.",2.812461,/hOqS7kauoEYQ09XkiMu8QOgNoBU.jpg,"[{'name': 'RKO Radio Pictures', 'id': 6}, {'name': 'Argosy Pictures', 'id': 1281}]","[{'iso_3166_1': 'US', 'name': 'United States of America'}]",1949-07-27,0.0,94.0,"[{'iso_639_1': 'en', 'name': 'English'}, {'iso_639_1': 'sw', 'name': 'Kiswahili'}]",Released,Merian Cooper's amazing adventure in the unusual!,Mighty Joe Young,False,6.7,25.0
False,,50000000,"[{'id': 35, 'name': 'Comedy'}, {'id': 18, 'name': 'Drama'}]",,10312,tt0129290,en,Patch Adams,"Meet Patch Adams, a doctor who doesn't look, act or think like any doctor you've met before. For Patch, humor is the best medicine, and he's willing to do just anything to make his patients laugh - even if it means risking his own career.",12.52181,/2T0Mj8gkTXgciedz8W5nsnjCHig.jpg,"[{'name': 'Universal Pictures', 'id': 33}, {'name': 'Bungalow 78 Productions', 'id': 369}, {'name': 'Blue Wolf', 'id': 10230}, {'name': 'Farrell/Minoff', 'id': 10231}]","[{'iso_3166_1': 'US', 'name': 'United States of America'}]",1998-12-25,202292902.0,115.0,"[{'iso_639_1': 'en', 'name': 'English'}]",Released,Laughter is contagious,Patch Adams,False,7.0,863.0
False,,0,"[{'id': 18, 'name': 'Drama'}, {'id': 10749, 'name': 'Romance'}]",,9441,tt0120686,en,Stepmom,"Jackie is a divorced mother of two. Isabel is the career minded girlfriend of Jackie’s ex-husband Luke, forced into the role of unwelcome stepmother to their children. But when Jackie discovers she is ill, both women realise they must put aside their differences to find a common ground and celebrate life to the fullest, while they have the chance.",7.17892,/57TqKdh9rnXgxqiuF2U97HNaOh2.jpg,"[{'name': 'Columbia Pictures', 'id': 5}, {'name': '1492 Pictures', 'id': 436}]","[{'iso_3166_1': 'US', 'name': 'United States of America'}]",1998-12-25,0.0,124.0,"[{'iso_639_1': 'en', 'name': 'English'}]",Released,Be there for the joy. Be there for the tears. Be there for each other.,Stepmom,False,6.9,286.0
False,,70000000,"[{'id': 18, 'name': 'Drama'}]",,9422,tt0120633,pt,A Civil Action,"Jan Schlickmann is a cynical lawyer who goes out to ""get rid of"" a case, only to find out it is potentially worth millions. The case becomes his obsession, to the extent that he is willing to give up everything - including his career and his clients' goals, in order to continue the case against all odds.",9.353499,/81TGgmcObcfL6jcjPsU1n4n9THI.jpg,"[{'name': 'Paramount Pictures', 'id': 4}, {'name': 'Wildwood Enterprises', 'id': 316}, {'name': 'Touchstone Pictures', 'id': 9195}]","[{'iso_3166_1': 'US', 'name': 'United States of America'}]",1998-03-05,56702901.0,115.0,"[{'iso_639_1': 'en', 'name': 'English'}]",Released,Justice has its price.,A Civil Action,False,6.1,113.0
False,,0,"[{'id': 18, 'name': 'Drama'}]",,125582,tt0142231,en,Down in the Delta,"Rosa Lynn sends her druggie daughter Loretta and her children Thomas and Tracy away from the big city to live with their uncle Earl in the ancestral home in rural Mississippi. Earl puts Loretta to work in his restaurant, Just Chicken, while also telling them about the generations of their family, the Sinclairs, dating back to their time in slavery before the the Civil War.",0.670559,/7m4uRpJWPvngxLm8B3x9bSSa5Vw.jpg,[],[],1998-12-25,0.0,112.0,"[{'iso_639_1': 'en', 'name': 'English'}]",Released,"Sometimes, the last place you expected to be is the one place you've always belonged...",Down in the Delta,False,6.4,5.0
False,,0,"[{'id': 35, 'name': 'Comedy'}, {'id': 18, 'name': 'Drama'}]",,24525,tt0119336,en,Hurlyburly,"Based on a play by David Rabe, Hurlyburly is about the intersecting lives of several Hollywood players and wannabes, whose dysfunctional personal lives are more interesting than anything they're peddling to the studios.",7.352493,/zPIYrJX7yTtFGxrlorSX3FTYseo.jpg,"[{'name': 'Fine Line Features', 'id': 8}, {'name': 'FilmColony', 'id': 1811}]","[{'iso_3166_1': 'US', 'name': 'United States of America'}]",1998-12-25,0.0,122.0,"[{'iso_639_1': 'en', 'name': 'English'}]",Released,,Hurlyburly,False,5.6,22.0
False,,12000000,"[{'id': 35, 'name': 'Comedy'}, {'id': 18, 'name': 'Drama'}, {'id': 10752, 'name': 'War'}]",,10368,tt0120857,en,Tea with Mussolini,"Semi-autobiographical film directed by Franco Zeffirelli, telling the story of young Italian boy Luca's upbringing by a circle of English and American women, before and during World War II.",3.094893,/zdjO9Ji3Yqn6ZDe7VwtdQ4F9G8f.jpg,"[{'name': 'Medusa Produzione', 'id': 1702}, {'name': 'Cattleya', 'id': 10102}, {'name': 'Cineritmo', 'id': 10378}, {'name': 'Film and General Productions', 'id': 10379}]","[{'iso_3166_1': 'GB', 'name': 'United Kingdom'}, {'iso_3166_1': 'IT', 'name': 'Italy'}]",1999-03-25,21001563.0,117.0,"[{'iso_639_1': 'en', 'name': 'English'}, {'iso_639_1': 'it', 'name': 'Italiano'}, {'iso_639_1': 'ru', 'name': 'Pусский'}]",Released,,Tea with Mussolini,False,5.8,32.0
False,,0,"[{'id': 18, 'name': 'Drama'}, {'id': 36, 'name': 'History'}]",http://www.oscarwilde.com/,11365,tt0120514,en,Wilde,"The story of Oscar Wilde, genius, poet, playwright and the First Modern Man. The self-realisation of his homosexuality caused Wilde enormous torment as he juggled marriage, fatherhood and responsibility with his obsessive love for Lord Alfred Douglas.",3.895735,/kHz267QPNMtKJnVkZ9DGkDRWv7G.jpg,"[{'name': 'British Broadcasting Corporation (BBC)', 'id': 3324}, {'name': 'capitol international', 'id': 23708}, {'name': 'Dove International', 'id': 93549}]","[{'iso_3166_1': 'DE', 'name': 'Germany'}, {'iso_3166_1': 'JP', 'name': 'Japan'}, {'iso_3166_1': 'GB', 'name': 'United Kingdom'}]",1997-09-01,0.0,118.0,"[{'iso_639_1': 'en', 'name': 'English'}]",Released,Loved for being unique. Hated for being different.,Wilde,False,6.7,62.0
False,,0,"[{'id': 53, 'name': 'Thriller'}, {'id': 35, 'name': 'Comedy'}, {'id': 18, 'name': 'Drama'}, {'id': 10749, 'name': 'Romance'}]",,140897,tt0144546,en,Outside Ozona,A drama revolving around a group of strangers brought together by a common occurrence as well as listening to the same radio station.,1.28977,/rY9x2IuUyiup1o1sQXrIkEu76l0.jpg,"[{'name': 'Nu Image Films', 'id': 925}, {'name': 'Columbia TriStar Home Entertainment', 'id': 10202}, {'name': 'Millennium Films', 'id': 10254}]","[{'iso_3166_1': 'US', 'name': 'United States of America'}]",1998-12-18,0.0,100.0,"[{'iso_639_1': 'en', 'name': 'English'}]",Released,Somewhere down the road is the end of the line.,Outside Ozona,False,6.0,2.0
False,,6000000,"[{'id': 18, 'name': 'Drama'}]",,31662,tt0118564,en,Affliction,A small town policeman must investigate a suspicious hunting accident. The investigation and other events result in his slowly disintegrating mentally.,4.40959,/xsdsTbD2yZO8obl5Z8sRnMhjsX1.jpg,"[{'name': 'Lions Gate Films', 'id': 35}]","[{'iso_3166_1': 'US', 'name': 'United States of America'}]",1997-08-28,6330054.0,114.0,"[{'iso_639_1': 'en', 'name': 'English'}]",Released,,Affliction,False,5.8,56.0
False,,0,"[{'id': 53, 'name': 'Thriller'}, {'id': 80, 'name': 'Crime'}, {'id': 18, 'name': 'Drama'}]",,36136,tt0127722,en,Another Day in Paradise,"A vending machine robbery by small time thief and drug addict Bobbie (Vincent Kartheiser) goes badly awry, and his friends contact street-wise thief and part-time druggie Mel (James Woods) to patch him up.Recognizing a kindred spirit, Mel befriends Bobbie and his girlfriend Rosie (Natasha Gregson Wagner), inviting them to join him and his long-suffering girlfriend Sid (Melanie Griffith) on a drug robbery which should set them up for life. The seemingly simple robbery is a great success, but the sale of the drugs afterward fails badly, and Mel and Bobbie are shot.The four take refuge with the Reverend, who charges them half of their haul from the robbery to care for them. In a desperate attempt to recover their losses, Mel involves the crew in a disastrous, ill-advised jewellery robbery, and they become caught up in a web of violence that rapidly spirals out of control.",2.58581,/hDv9bepgQGSWoyhRUgegSzPL7tL.jpg,"[{'name': 'Chinese Bookie Pictures', 'id': 40336}]","[{'iso_3166_1': 'US', 'name': 'United States of America'}]",1998-12-30,0.0,101.0,"[{'iso_639_1': 'en', 'name': 'English'}]",Released,We live at the abyss.,Another Day in Paradise,False,6.4,38.0
False,,0,"[{'id': 18, 'name': 'Drama'}, {'id': 28, 'name': 'Action'}, {'id': 37, 'name': 'Western'}, {'id': 10749, 'name': 'Romance'}]",,1363,tt0120699,en,The Hi-Lo Country,"An intimate story of the enduring bond of friendship between two hard-living men, set against a sweeping backdrop: the American West, post-World War II, in its twilight. Pete and Big Boy are masters of the prairie, but ultimately face trickier terrain: the human heart.",6.971268,/dRV0aqhalPHVRwHKHTsj36QVhTR.jpg,"[{'name': 'Gramercy Pictures', 'id': 37}, {'name': 'Cappa Productions', 'id': 691}, {'name': 'PolyGram Filmed Entertainment', 'id': 1382}, {'name': 'Working Title Films', 'id': 10163}]","[{'iso_3166_1': 'US', 'name': 'United States of America'}]",1998-12-30,0.0,114.0,"[{'iso_639_1': 'en', 'name': 'English'}]",Released,A woman like Mona can drive men to extremes.,The Hi-Lo Country,False,4.7,9.0
False,,0,"[{'id': 10402, 'name': 'Music'}, {'id': 18, 'name': 'Drama'}]",,46992,tt0150915,en,Hilary and Jackie,"The tragic story of world-renowned cellist Jacqueline du Pré, as told from the point of view of her sister, flautist Hilary du Pré-Finzi.",6.387602,/2a3ZmHS7IrOGG46hrbSS3qJJk6d.jpg,"[{'name': 'Channel Four Films', 'id': 181}, {'name': 'Arts Council of England', 'id': 718}, {'name': 'British Screen Productions', 'id': 20777}]","[{'iso_3166_1': 'GB', 'name': 'United Kingdom'}]",1998-12-30,0.0,121.0,"[{'iso_639_1': 'en', 'name': 'English'}]",Released,Two sisters. Two lives. One Love...,Hilary and Jackie,False,6.5,23.0
False,,20000000,"[{'id': 18, 'name': 'Drama'}]",,825,tt0145734,en,Playing by Heart,"Eleven articulate people work through affairs of the heart in L.A. Paul produces Hannah's TV cooking show. Mark is dying of AIDS. Men have scalded Meredith so she rebuffs Trent's charm, but he persists. The trendy, prolix Joan tries to pull the solitary Keenan into her orbit. An adulterous couple meet at hotels for evening sex. Hugh tells tall tales, usually tragic, to women in bars.",3.010088,/2j4ABlRueaSI7fWBcl9vAiFPHQD.jpg,"[{'name': 'Morpheus', 'id': 532}, {'name': 'Intermedia Films', 'id': 763}, {'name': 'Hyperion Pictures', 'id': 7339}, {'name': 'Miramax', 'id': 53009}]","[{'iso_3166_1': 'US', 'name': 'United States of America'}]",1998-12-30,3970078.0,121.0,"[{'iso_639_1': 'en', 'name': 'English'}]",Released,"If romance is a mystery, there's only one way to figure it out.",Playing by Heart,False,6.6,49.0
False,,0,"[{'id': 35, 'name': 'Comedy'}, {'id': 18, 'name': 'Drama'}, {'id': 10749, 'name': 'Romance'}]",,22913,tt0120391,en,24 7: Twenty Four Seven,"In a typical English working-class town, the juveniles have nothing more to do than hang around in gangs. One day, Alan Darcy, a highly motivated man with the same kind of youth experience, starts trying to get the young people off the street and into doing something they can believe in: Boxing. Darcy opens a boxing club, aiming to bring the rival gangs together.",0.477356,/bRaQtgsKSXAL0ea8MZ26bIyJs1T.jpg,"[{'name': 'Scala Films', 'id': 4189}]","[{'iso_3166_1': 'GB', 'name': 'United Kingdom'}]",1997-08-31,0.0,96.0,"[{'iso_639_1': 'en', 'name': 'English'}]",Released,,24 7: Twenty Four Seven,False,6.3,10.0
False,,0,"[{'id': 18, 'name': 'Drama'}, {'id': 10749, 'name': 'Romance'}]",,15556,tt0132512,en,At First Sight,A blind man has an operation to regain his sight at the urging of his girlfriend and must deal with the changes to his life.,7.638813,/3noBOQroTjMWAYhlku95Y06v5C5.jpg,"[{'name': 'Metro-Goldwyn-Mayer (MGM)', 'id': 8411}]","[{'iso_3166_1': 'US', 'name': 'United States of America'}]",1999-01-15,0.0,128.0,"[{'iso_639_1': 'en', 'name': 'English'}]",Released,Science gave him sight. She gave him vision.,At First Sight,False,5.9,49.0
False,,0,"[{'id': 18, 'name': 'Drama'}, {'id': 53, 'name': 'Thriller'}]",,28902,tt0120710,en,In Dreams,"Claire Cooper dreams strange things from time to time. One night, she dreams about a little girl being taken away by a stranger...",6.028168,/sNTZu5YTyDn75TOX7Y8qMG7mqcs.jpg,"[{'name': 'DreamWorks SKG', 'id': 27}, {'name': 'Amblin Entertainment', 'id': 56}]","[{'iso_3166_1': 'US', 'name': 'United States of America'}]",1999-01-15,0.0,100.0,"[{'iso_639_1': 'en', 'name': 'English'}]",Released,You don't have to sleep to dream,In Dreams,False,5.4,45.0
False,,0,"[{'id': 35, 'name': 'Comedy'}, {'id': 18, 'name': 'Drama'}, {'id': 10749, 'name': 'Romance'}]",,14709,tt0139699,en,Varsity Blues,"In small-town Texas, high school football is a religion, 17-year-old schoolboys carry the hopes of an entire community onto the gridiron every Friday night. When star quarterback Lance Harbor suffers an injury, the Coyotes are forced to regroup under the questionable leadership of John Moxon, a second-string quarterback with a slightly irreverent approach to the game.",9.162643,/nnVA3Nmry9furen0NDmJa0QTn2F.jpg,"[{'name': 'Paramount Pictures', 'id': 4}, {'name': 'MTV Films', 'id': 746}]","[{'iso_3166_1': 'US', 'name': 'United States of America'}]",1999-01-15,0.0,106.0,"[{'iso_639_1': 'en', 'name': 'English'}]",Released,It takes a hero to know what's worth winning.,Varsity Blues,False,6.0,126.0
False,,75000000,"[{'id': 27, 'name': 'Horror'}, {'id': 28, 'name': 'Action'}, {'id': 878, 'name': 'Science Fiction'}]",,9423,tt0120458,en,Virus,"When the crew of an American tugboat boards an abandoned Russian research vessel, the alien life form aboard regards them as a virus which must be destroyed.",7.116537,/5Np88iigCfnXvMlMKmCcbPVIbYQ.jpg,"[{'name': 'Universal Pictures', 'id': 33}, {'name': 'BBC Films', 'id': 288}, {'name': 'Dark Horse Entertainment', 'id': 552}, {'name': 'Toho-Towa', 'id': 657}, {'name': 'Mutual Film Company', 'id': 762}, {'name': 'Marubeni', 'id': 4650}, {'name': 'Tele München Fernseh Produktionsgesellschaft (TMG)', 'id': 7237}, {'name': 'Valhalla Motion Pictures', 'id': 11533}, {'name': 'UGC PH', 'id': 23932}]","[{'iso_3166_1': 'US', 'name': 'United States of America'}, {'iso_3166_1': 'GB', 'name': 'United Kingdom'}, {'iso_3166_1': 'DE', 'name': 'Germany'}, {'iso_3166_1': 'JP', 'name': 'Japan'}, {'iso_3166_1': 'FR', 'name': 'France'}]",1999-01-14,14010690.0,99.0,"[{'iso_639_1': 'en', 'name': 'English'}, {'iso_639_1': 'ru', 'name': 'Pусский'}]",Released,Life on earth is in for a shock.,Virus,False,5.0,151.0
False,,0,"[{'id': 12, 'name': 'Adventure'}, {'id': 878, 'name': 'Science Fiction'}, {'id': 35, 'name': 'Comedy'}]",,14443,tt0093072,en,The Garbage Pail Kids Movie,Seven disgusting kids but nevertheless of interesting personality are being made of the green mud coming out of garbage can. Once alive their master gives them rules to obey although they think that life is funnier without following stupid regulations like no television or no candy. Naturally this will cause some conflicts.,3.47192,/xMgUWvNclNqUmedJyMHboZKIaUw.jpg,"[{'name': 'Topps Chewing Gum', 'id': 53493}]","[{'iso_3166_1': 'US', 'name': 'United States of America'}]",1987-08-22,0.0,100.0,"[{'iso_639_1': 'en', 'name': 'English'}]",Released,It doesn't get any grosser than this!,The Garbage Pail Kids Movie,False,3.0,20.0
False,,37000000,"[{'id': 35, 'name': 'Comedy'}, {'id': 14, 'name': 'Fantasy'}, {'id': 878, 'name': 'Science Fiction'}]",,10658,tt0091225,en,Howard the Duck,A scientific experiment unknowingly brings extraterrestrial life forms to the Earth through a laser beam. First is the cigar smoking drake Howard from the duck's planet. A few kids try to keep him from the greedy scientists and help him back to his planet. But then a much less friendly being arrives through the beam...,10.722672,/f2pj3SSj1GdFSrS5bUojT56umL6.jpg,"[{'name': 'Lucasfilm', 'id': 1}, {'name': 'Universal Pictures', 'id': 33}]","[{'iso_3166_1': 'US', 'name': 'United States of America'}]",1986-08-01,37962774.0,110.0,"[{'iso_639_1': 'en', 'name': 'English'}, {'iso_639_1': 'pt', 'name': 'Português'}]",Released,You will believe that a duck can talk.,Howard the Duck,False,5.1,227.0
False,"{'id': 340623, 'name': 'The Gate Collection', 'poster_path': '/89oZitdH02NTV7VxKLOmFh427pT.jpg', 'backdrop_path': '/qqE3mix2IqkZivHf2MyfjpCajrD.jpg'}",2500000,"[{'id': 27, 'name': 'Horror'}, {'id': 14, 'name': 'Fantasy'}]",,6917,tt0093075,en,The Gate,"Three young children accidentally release a horde of nasty, pint-sized demons from a hole in a suburban backyard. What follows is a classic battle between good and evil as the three kids struggle to overcome a nightmarish hell that is literally taking over the Earth.",4.742709,/AqNA6BMyf4jBDcGPLZf2PTmhSFc.jpg,"[{'name': 'Vista Organization', 'id': 4535}, {'name': 'New Century Entertainment Corporation', 'id': 10165}, {'name': 'Alliance Entertainment', 'id': 10166}]","[{'iso_3166_1': 'CA', 'name': 'Canada'}, {'iso_3166_1': 'US', 'name': 'United States of America'}]",1987-04-21,0.0,85.0,"[{'iso_639_1': 'en', 'name': 'English'}]",Released,Pray it's not too late.,The Gate,False,5.9,107.0
False,"{'id': 340623, 'name': 'The Gate Collection', 'poster_path': '/89oZitdH02NTV7VxKLOmFh427pT.jpg', 'backdrop_path': '/qqE3mix2IqkZivHf2MyfjpCajrD.jpg'}",0,"[{'id': 27, 'name': 'Horror'}]",,40729,tt0099636,en,The Gate II: Trespassers,It's been five years since Terry's friend Glen discovered The Gate to hell in his backyard. Glen has now moved away and Terry begins practicing rituals in Glen's old house and eventually bringing back demons through The Gate and leading to demoniac possession and near world domination.,1.214091,/yuuq5cL4bzGS20kokvCL4HEcEx.jpg,"[{'name': 'Epic Productions', 'id': 1988}, {'name': 'Vision PDG', 'id': 4109}, {'name': 'Alliance Entertainment', 'id': 10166}]","[{'iso_3166_1': 'CA', 'name': 'Canada'}, {'iso_3166_1': 'US', 'name': 'United States of America'}]",1990-05-24,0.0,93.0,"[{'iso_639_1': 'en', 'name': 'English'}]",Released,There's only one thing more terrifying than the first visit. The second.,The Gate II: Trespassers,False,5.3,16.0
False,,0,"[{'id': 18, 'name': 'Drama'}, {'id': 10751, 'name': 'Family'}, {'id': 14, 'name': 'Fantasy'}, {'id': 878, 'name': 'Science Fiction'}]",,24086,tt0090768,en,The Boy Who Could Fly,"Milly and Louis, and their recently-widowed mom, Charlene, move to a new neighborhood. Once there, they all deal with a variety of personal problems, but Milly finds a friend in Eric, her autistic next door neighbor. Eric has a fascination with flight, and as the story progresses, he exerts an enthralling force of change on all those around him.",3.791972,/3oso2pYofHjVvPYeQ6JOJmoXQSM.jpg,"[{'name': 'Lorimar Motion Pictures', 'id': 1887}]",[],1986-08-15,7177431.0,114.0,"[{'iso_639_1': 'en', 'name': 'English'}]",Released,A very special love. And a very special magic. But is it real magic or just an illusion?,The Boy Who Could Fly,False,6.0,36.0
False,"{'id': 123213, 'name': 'The Fly (1958 series)', 'poster_path': '/if9PkF46yCeMp9WTYhUOjxnytAt.jpg', 'backdrop_path': '/1MMTGpmm0E9yXRTNyW0YebAs66S.jpg'}",700000,"[{'id': 18, 'name': 'Drama'}, {'id': 27, 'name': 'Horror'}, {'id': 878, 'name': 'Science Fiction'}]",,11815,tt0051622,en,The Fly,"In Montreal, the industrial François Delambre is called late night by his sister-in-law Helene Delambre. She tells him that she has just killed her beloved husband Andre Delambre, using the press of their plant to press his head and left hand. François calls his acquaintance, Inspector Charas, and later the reluctant Helene is convinced to tell them what happened. She explains that Andre had invented a matter transportation apparatus, and while experimenting with himself, a fly entered the chamber, exchanging one hand and the head with him after the transference.",8.407369,/jA6GYQDuR0RV99sWcjCzz8gcbHB.jpg,"[{'name': 'Twentieth Century Fox Film Corporation', 'id': 306}]","[{'iso_3166_1': 'US', 'name': 'United States of America'}]",1958-07-16,3000000.0,94.0,"[{'iso_639_1': 'en', 'name': 'English'}, {'iso_639_1': 'fr', 'name': 'Français'}]",Released,If she looked upon the horror her husband had become... she would scream for the rest of her life!,The Fly,False,6.9,129.0
False,"{'id': 109609, 'name': 'The Fly Collection', 'poster_path': '/r6mRcDV2MIbDQ79JpeGls5DnDfr.jpg', 'backdrop_path': '/6nU5cC8qaVO3hzSMDMJp4HCFwDA.jpg'}",15000000,"[{'id': 27, 'name': 'Horror'}, {'id': 878, 'name': 'Science Fiction'}]",,9426,tt0091064,en,The Fly,"When Seth Brundle makes a huge scientific and technological breakthrough in teleportation, he decides to test it on himself. Unbeknownst to him, a common housefly manages to get inside the device and the two become one.",13.534589,/q49tjSe3O152t9QVwaradePGu7W.jpg,"[{'name': 'SLM Production Group', 'id': 396}, {'name': 'Brooksfilms', 'id': 5612}]","[{'iso_3166_1': 'CA', 'name': 'Canada'}, {'iso_3166_1': 'GB', 'name': 'United Kingdom'}, {'iso_3166_1': 'US', 'name': 'United States of America'}]",1986-08-15,60629159.0,96.0,"[{'iso_639_1': 'en', 'name': 'English'}]",Released,Be afraid. Be very afraid.,The Fly,False,7.1,1038.0
False,"{'id': 109609, 'name': 'The Fly Collection', 'poster_path': '/r6mRcDV2MIbDQ79JpeGls5DnDfr.jpg', 'backdrop_path': '/6nU5cC8qaVO3hzSMDMJp4HCFwDA.jpg'}",0,"[{'id': 27, 'name': 'Horror'}, {'id': 878, 'name': 'Science Fiction'}, {'id': 53, 'name': 'Thriller'}]",,10344,tt0097368,en,The Fly II,"Martin Brundle, born of the human/fly, is adopted by his father's place of employment (Bartok Inc.) while the employees simply wait for his mutant chromosomes to come out of their dormant state.",9.207436,/zoIWGWVMCbkmsVieP99br9ZC8yY.jpg,"[{'name': 'Brooksfilms', 'id': 5612}]","[{'iso_3166_1': 'CA', 'name': 'Canada'}, {'iso_3166_1': 'US', 'name': 'United States of America'}]",1989-02-10,38903179.0,105.0,"[{'iso_639_1': 'en', 'name': 'English'}, {'iso_639_1': 'pl', 'name': 'Polski'}]",Released,Like Father Like Son,The Fly II,False,5.2,159.0
False,,0,"[{'id': 53, 'name': 'Thriller'}, {'id': 28, 'name': 'Action'}, {'id': 35, 'name': 'Comedy'}, {'id': 80, 'name': 'Crime'}]",,15698,tt0091875,en,Running Scared,Two street-wise Chicago cops have to shake off some rust after returning from a Key West vacation to pursue a drug dealer that nearly killed them in the past.,4.819467,/2LoovCuL3mP7deokeMlqtZRMq1v.jpg,"[{'name': 'David Foster Productions', 'id': 496}, {'name': 'Turman-Foster Company', 'id': 662}, {'name': 'Metro-Goldwyn-Mayer (MGM)', 'id': 8411}]","[{'iso_3166_1': 'US', 'name': 'United States of America'}]",1986-06-27,0.0,107.0,"[{'iso_639_1': 'en', 'name': 'English'}]",Released,Two of Chicago's Finest?,Running Scared,False,6.4,58.0
False,,12000000,"[{'id': 28, 'name': 'Action'}, {'id': 35, 'name': 'Comedy'}, {'id': 80, 'name': 'Crime'}]",,2620,tt0090660,en,Armed and Dangerous,"Dooley, a cop wrongly sacked for corruption, teams up with a useless defence lawyer in their new careers... as security guards. When the two are made fall guys for a robbery at a location they are guarding, the pair begin to investigate corruption within the company and their union. They soon make enemies of everyone, but can the unlikely duo save the day?",5.037671,/5pO6QI7zKYDbic1ULYQkZ7VLV18.jpg,"[{'name': 'Columbia Pictures', 'id': 5}, {'name': 'Delphi V Productions', 'id': 1174}, {'name': 'Frostbacks', 'id': 1175}]","[{'iso_3166_1': 'US', 'name': 'United States of America'}]",1986-08-15,15945534.0,88.0,"[{'iso_639_1': 'en', 'name': 'English'}]",Released,Undercover. Overdressed. And keeping you safe from the scum of the earth,Armed and Dangerous,False,5.3,46.0
False,"{'id': 111751, 'name': 'Texas Chainsaw Massacre Collection', 'poster_path': '/lxYgt4gS4CEvfC2ZCa83IiOsOiu.jpg', 'backdrop_path': '/1zIwt7gUyxKhOKYXN5XNGdGxwHg.jpg'}",85000,"[{'id': 27, 'name': 'Horror'}]",,30497,tt0072271,en,The Texas Chain Saw Massacre,Five friends visiting their grandfather's house in the country are hunted and terrorized by a chain-saw wielding killer and his family of grave-robbing cannibals.,15.526413,/hXF5nuEvUIlMXv4fOCIhA8KWaN2.jpg,"[{'name': 'New Line Cinema', 'id': 12}, {'name': 'Vortex', 'id': 1197}]","[{'iso_3166_1': 'US', 'name': 'United States of America'}]",1974-10-01,30859000.0,83.0,"[{'iso_639_1': 'en', 'name': 'English'}]",Released,Who will survive and what will be left of them?,The Texas Chain Saw Massacre,False,7.1,617.0
False,"{'id': 111751, 'name': 'Texas Chainsaw Massacre Collection', 'poster_path': '/lxYgt4gS4CEvfC2ZCa83IiOsOiu.jpg', 'backdrop_path': '/1zIwt7gUyxKhOKYXN5XNGdGxwHg.jpg'}",4700000,"[{'id': 27, 'name': 'Horror'}]",,16337,tt0092076,en,The Texas Chainsaw Massacre 2,A radio host is victimized by the cannibal family as a former Texas Marshall hunts them.,9.501011,/1EI0Qs6AhtxdamRBsFC4zm2I6sj.jpg,"[{'name': 'Cannon Films', 'id': 4110}]","[{'iso_3166_1': 'US', 'name': 'United States of America'}]",1986-08-22,8025872.0,101.0,"[{'iso_639_1': 'en', 'name': 'English'}]",Released,After a decade of silence... The buzzz is back!,The Texas Chainsaw Massacre 2,False,5.8,142.0
False,"{'id': 111751, 'name': 'Texas Chainsaw Massacre Collection', 'poster_path': '/lxYgt4gS4CEvfC2ZCa83IiOsOiu.jpg', 'backdrop_path': '/1zIwt7gUyxKhOKYXN5XNGdGxwHg.jpg'}",0,"[{'id': 27, 'name': 'Horror'}, {'id': 53, 'name': 'Thriller'}]",,25018,tt0099994,en,Leatherface: Texas Chainsaw Massacre III,"A couple encounters a perverted gas station attendant who threatens them with a shotgun. They take a deserted path in Texas to seek help, but only meet up with a cannibalistic clan interested in helping themselves to fresh meat.",5.79907,/6NmMY1e7P9bkb0I1srDuV6fjIzt.jpg,"[{'name': 'Nicolas Entertainment', 'id': 33306}]","[{'iso_3166_1': 'US', 'name': 'United States of America'}]",1990-01-12,5765562.0,81.0,"[{'iso_639_1': 'en', 'name': 'English'}]",Released,He puts the teeth in terror.,Leatherface: Texas Chainsaw Massacre III,False,5.1,75.0
False,"{'id': 111751, 'name': 'Texas Chainsaw Massacre Collection', 'poster_path': '/lxYgt4gS4CEvfC2ZCa83IiOsOiu.jpg', 'backdrop_path': '/1zIwt7gUyxKhOKYXN5XNGdGxwHg.jpg'}",600000,"[{'id': 27, 'name': 'Horror'}, {'id': 35, 'name': 'Comedy'}, {'id': 53, 'name': 'Thriller'}]",,16780,tt0110978,en,Texas Chainsaw Massacre: The Next Generation,"Everyone's favorite chainsaw-wielding psychopath, Leatherface, is back for more prom-night gore, and this time he's joined by his bloodthirsty family. Four stranded yet carefree teens are taken in by a backwoods family, clueless of their host family's grisly habits. The terrified youths, including sweet Jenny, try to escape from Leatherface and his crazed clan, including the bionic Vilmer.",6.854576,/eSg1yVW3R2iIj5WqMvua5MQeJsF.jpg,"[{'name': 'Ultra Muchos Productions', 'id': 17479}]","[{'iso_3166_1': 'US', 'name': 'United States of America'}]",1994-01-01,185898.0,95.0,"[{'iso_639_1': 'en', 'name': 'English'}]",Released,"If looks could kill, he wouldn't need a chainsaw.",Texas Chainsaw Massacre: The Next Generation,False,3.9,96.0
False,,0,"[{'id': 35, 'name': 'Comedy'}]",,12151,tt0091877,en,Ruthless People,"A couple, cheated by a vile businessman, kidnap his wife in retaliation, without knowing that their enemy is delighted they did.",7.427491,/nH0nq1Nk7jTlZv1aj7SnspMJyQy.jpg,"[{'name': 'Touchstone Pictures', 'id': 9195}]","[{'iso_3166_1': 'US', 'name': 'United States of America'}]",1986-06-26,71624879.0,93.0,"[{'iso_639_1': 'en', 'name': 'English'}]",Released,Sam Stone's wife has just been kidnapped... And he doesn't want her back!,Ruthless People,False,6.7,104.0
False,,0,"[{'id': 27, 'name': 'Horror'}, {'id': 10402, 'name': 'Music'}]",,25438,tt0092112,en,Trick or Treat,"Eddie is your average 80's metal head teen. Now he's obsessed with his heavy-metal superstar idol, Sammi Curr who is killed in a hotel fire. Eddie becomes the recipient of the only copy of Curr's unreleased album, which when played backwards brings Sammi back to life. As Halloween approaches, Eddie begins to realize that this isn't only rock 'n roll... it's life and death.",2.612214,/21ouEk4YP3kwmghiIjplbyayK3l.jpg,"[{'name': 'De Laurentiis Entertainment Group (DEG)', 'id': 484}]","[{'iso_3166_1': 'US', 'name': 'United States of America'}]",1986-10-24,6797218.0,98.0,"[{'iso_639_1': 'en', 'name': 'English'}]",Released,What are you afraid of? It's only rock and roll...,Trick or Treat,False,5.6,40.0
False,,0,"[{'id': 27, 'name': 'Horror'}, {'id': 878, 'name': 'Science Fiction'}]",,33278,tt0090917,en,Deadly Friend,"Paul is a new kid in town with a robot named ""BB"". He befriends Samantha and the three of them have a lot of good times together. That is, until Samantha's abusive father throws her down some stairs and kills her. In an effort to save her life, Paul implants BB's computer brain into Samantha's human brain.",5.012318,/cLuIQDB0SjvptANfLTpNxs9tXcP.jpg,"[{'name': 'Warner Bros.', 'id': 6194}, {'name': 'Pan Arts', 'id': 8792}, {'name': 'Layton', 'id': 43687}]","[{'iso_3166_1': 'US', 'name': 'United States of America'}]",1986-10-10,8988731.0,91.0,"[{'iso_639_1': 'en', 'name': 'English'}, {'iso_639_1': 'it', 'name': 'Italiano'}]",Released,There's no one alive who'll play with the girl next door.,Deadly Friend,False,5.9,57.0
False,,0,"[{'id': 10749, 'name': 'Romance'}, {'id': 18, 'name': 'Drama'}, {'id': 36, 'name': 'History'}]",,274253,tt0090710,en,Belizaire the Cajun,"In 19th-century Louisiana's Cajun country, Belizaire (Armand Assante) is the informal spokesman for his citizens, who don't see eye to eye with local racists who wish to eradicate all Cajuns. Complicating matters is the fact that Belizaire's former flame (Gail Youngs) is now married to his biggest rival (Will Patton), an affluent landowner's son. Before he knows it, Belizaire is caught up in a web of murder, lies and prejudice.",0.063442,/6Nm19lP4RfS8vmhaaqaBfqqicN8.jpg,"[{'name': 'Cote Blanche Productions', 'id': 22490}]","[{'iso_3166_1': 'US', 'name': 'United States of America'}]",1986-06-13,1.0,103.0,"[{'iso_639_1': 'en', 'name': 'English'}]",Released,,Belizaire the Cajun,False,5.0,1.0
False,,20000000,"[{'id': 18, 'name': 'Drama'}, {'id': 53, 'name': 'Thriller'}, {'id': 9648, 'name': 'Mystery'}]",,192,tt0091605,en,The Name of the Rose,"14th-century Franciscan monk William of Baskerville and his young novice arrive at a conference to find that several monks have been murdered under mysterious circumstances. To solve the crimes, William must rise up against the Church's authority and fight the shadowy conspiracy of monastery monks using only his intelligence – which is considerable.",11.469751,/dk3Vmp86t4lacnI3sQuU9ihOCUh.jpg,"[{'name': 'Zweites Deutsches Fernsehen (ZDF)', 'id': 4606}, {'name': 'Les Films Ariane', 'id': 7110}, {'name': 'RAI Radiotelevisione Italiana', 'id': 20091}, {'name': 'Cristaldifilm', 'id': 45693}]","[{'iso_3166_1': 'FR', 'name': 'France'}, {'iso_3166_1': 'IT', 'name': 'Italy'}, {'iso_3166_1': 'DE', 'name': 'Germany'}]",1986-09-24,77200000.0,130.0,"[{'iso_639_1': 'en', 'name': 'English'}, {'iso_639_1': 'la', 'name': 'Latin'}]",Released,"Who, in the name of God, is getting away with murder?",The Name of the Rose,False,7.2,739.0
False,,0,"[{'id': 10749, 'name': 'Romance'}, {'id': 35, 'name': 'Comedy'}, {'id': 53, 'name': 'Thriller'}]",,10945,tt0091306,en,Jumpin' Jack Flash,"Terry works for a bank, and uses computers to communicate with clients all over the world. One day she gets a strange message from an unknown source. The message is coded. After decoding the message, Terry becomes embroiled in an espionage ring. People are killed, and Terry is chased. Throughout she remains in contact with this unknown person, who needs Terry to help save his life.",4.477284,/nZcBdD3HRA6PPvfDY9UL0PWS5hi.jpg,"[{'name': 'Twentieth Century Fox Film Corporation', 'id': 306}, {'name': 'Lawrence Gordon Productions', 'id': 840}, {'name': 'Silver Pictures', 'id': 1885}]","[{'iso_3166_1': 'US', 'name': 'United States of America'}]",1986-10-09,0.0,100.0,"[{'iso_639_1': 'en', 'name': 'English'}]",Released,An Adventure In Comedy,Jumpin' Jack Flash,False,5.9,86.0
False,,18000000,"[{'id': 35, 'name': 'Comedy'}, {'id': 18, 'name': 'Drama'}, {'id': 14, 'name': 'Fantasy'}, {'id': 10749, 'name': 'Romance'}]",,10013,tt0091738,en,Peggy Sue Got Married,"Peggy Sue faints at a Highschool reunion. When she wakes up she finds herself in her own past, just before she finished school.",7.471655,/hr3IcU519Ha5ADGuRLfhHlOi937.jpg,"[{'name': 'American Zoetrope', 'id': 70}, {'name': 'TriStar Pictures', 'id': 559}]","[{'iso_3166_1': 'US', 'name': 'United States of America'}]",1986-10-05,41382841.0,103.0,"[{'iso_639_1': 'en', 'name': 'English'}]",Released,"Knowing what you know now, what would you do differently?",Peggy Sue Got Married,False,5.9,138.0
False,"{'id': 9332, 'name': 'Crocodile Dundee Collection', 'poster_path': '/uFYcjCVfr5lsDnWliBWuHgWXgw.jpg', 'backdrop_path': '/pI2EqYQCzCRnrpiFHl8rrGp1qW9.jpg'}",5000000,"[{'id': 12, 'name': 'Adventure'}, {'id': 35, 'name': 'Comedy'}]",,9671,tt0090555,en,Crocodile Dundee,"When a New York reporter plucks crocodile hunter Dundee from the Australian Outback for a visit to the Big Apple, it's a clash of cultures and a recipe for good-natured comedy as naïve Dundee negotiates the concrete jungle. Dundee proves that his instincts are quite useful in the city and adeptly handles everything from wily muggers to high-society snoots without breaking a sweat.",7.791212,/uQyFHP0BBQcOVAbfpmiTnj5rKDm.jpg,"[{'name': 'Paramount Pictures', 'id': 4}, {'name': 'Rimfire Films', 'id': 15081}]","[{'iso_3166_1': 'AU', 'name': 'Australia'}]",1986-09-26,328203506.0,97.0,"[{'iso_639_1': 'en', 'name': 'English'}]",Released,There's a little of him in all of us.,Crocodile Dundee,False,6.3,512.0
False,"{'id': 9332, 'name': 'Crocodile Dundee Collection', 'poster_path': '/uFYcjCVfr5lsDnWliBWuHgWXgw.jpg', 'backdrop_path': '/pI2EqYQCzCRnrpiFHl8rrGp1qW9.jpg'}",0,"[{'id': 12, 'name': 'Adventure'}, {'id': 35, 'name': 'Comedy'}]",,9396,tt0092493,en,Crocodile Dundee II,Australian outback expert protects his New York love from gangsters who've followed her down under.,8.948565,/m8DRsyNMD1pzWIgOb7X6XN7R3y0.jpg,"[{'name': 'Paramount Pictures', 'id': 4}]","[{'iso_3166_1': 'AU', 'name': 'Australia'}, {'iso_3166_1': 'US', 'name': 'United States of America'}]",1988-05-19,239606210.0,110.0,"[{'iso_639_1': 'en', 'name': 'English'}]",Released,The world's favourite adventurer is back for more! much more!,Crocodile Dundee II,False,5.5,310.0
False,,0,"[{'id': 35, 'name': 'Comedy'}, {'id': 80, 'name': 'Crime'}]",,11038,tt0092105,en,Tough Guys,"Harry Doyle (Lancaster) and Archie Lang (Douglas) are two old-time train robbers, who held up a train in 1956 and have been incarcerated for thirty years. After serving their time, they are released from jail and have to adjust to a new life of freedom. Harry and Archie realize that they still have the pizzazz when, picking up their prison checks at a bank, they foil a robbery attempt. Archie, who spent his prison time pumping himself up, easily picks up a 20-year-old aerobics instructor. Harry, on the other hand, has to waste away his days in a nursing home. They both have festering resentments -- Archie for having to endure a humiliating job as a busboy; Harry for having to endure patronizing attitudes toward senior citizens. The two old pals finally go back to what they know best. After successfully robbing an armored car, they decide to rob the same train that they robbed thirty years ago.",2.86084,/zAXFmIRTSPkQbyTVSZa1GUtCQD9.jpg,"[{'name': 'Touchstone Pictures', 'id': 9195}]","[{'iso_3166_1': 'US', 'name': 'United States of America'}]",1986-10-03,0.0,104.0,"[{'iso_639_1': 'en', 'name': 'English'}]",Released,They're Out To Teach A New World Some Old Tricks.,Tough Guys,False,5.7,41.0
False,,0,"[{'id': 35, 'name': 'Comedy'}]",,12278,tt0091991,en,Soul Man,"Soul Man is a comedy film made in 1986 about a man who undergoes racial transformation with pills to qualify for an African-American-only scholarship at Harvard Law School. It stars C. Thomas Howell, Rae Dawn Chong, Arye Gross, James Earl Jones, Leslie Nielsen, and Julia Louis-Dreyfus.",3.589199,/gf8FmcNSKLXHxhsgSRnlRpPpnHj.jpg,[],"[{'iso_3166_1': 'US', 'name': 'United States of America'}]",1986-10-24,0.0,104.0,"[{'iso_639_1': 'en', 'name': 'English'}]",Released,A comedy with heart and soul,Soul Man,False,5.4,42.0
False,"{'id': 387219, 'name': 'The Hustler Collection', 'poster_path': '/8kBQvshMpK76aET1hLfAxnDle5W.jpg', 'backdrop_path': None}",13800000,"[{'id': 18, 'name': 'Drama'}]",,11873,tt0090863,en,The Color of Money,"Former pool hustler ""Fast Eddie"" Felson decides he wants to return to the game by taking a pupil. He meets talented but green Vincent Lauria and proposes a partnership. As they tour pool halls, Eddie teaches Vincent the tricks of scamming, but he eventually grows frustrated with Vincent's showboat antics, leading to an argument and a falling-out. Eddie takes up playing again and soon crosses paths with Vincent as an opponent.",11.613655,/xBFzAIDqlvyDIy5Zf5ASVz3kHwN.jpg,"[{'name': 'Silver Screen Partners', 'id': 514}, {'name': 'Touchstone Pictures', 'id': 9195}]","[{'iso_3166_1': 'US', 'name': 'United States of America'}]",1986-10-07,52293982.0,119.0,"[{'iso_639_1': 'en', 'name': 'English'}, {'iso_639_1': 'es', 'name': 'Español'}]",Released,The Hustler isn't what he used to be. But he has the next best thing. A kid who is.,The Color of Money,False,6.7,297.0
False,,0,"[{'id': 80, 'name': 'Crime'}, {'id': 18, 'name': 'Drama'}, {'id': 53, 'name': 'Thriller'}]",,18588,tt0090567,en,52 Pick-Up,"Harry Mitchell is a successful Los Angeles manufacturer whose wife is running for city council. His life is turned upside down when three blackmailers confront him with a video tape of him with his young mistress and demand $100,000. Fearing that the story will hurt his wife's political campaign if he goes to the police, Harry pretends that he will pay the men, but does not follow through.",15.921964,/vNSp1QB0mJtBVCDtcb4UY0mNYAB.jpg,"[{'name': 'Cannon Group', 'id': 1444}]","[{'iso_3166_1': 'US', 'name': 'United States of America'}]",1986-11-07,5186646.0,110.0,"[{'iso_639_1': 'en', 'name': 'English'}]",Released,They shouldn't have blackmailed Harry Mitchell. He made them pay - in blood...,52 Pick-Up,False,5.8,23.0
False,,15000000,"[{'id': 28, 'name': 'Action'}, {'id': 35, 'name': 'Comedy'}, {'id': 18, 'name': 'Drama'}, {'id': 10752, 'name': 'War'}]",,10015,tt0091187,en,Heartbreak Ridge,"A hard-nosed, hard-living Marine gunnery sergeant clashes with his superiors and his ex-wife as he takes command of a spoiled recon platoon with a bad attitude.",7.390012,/hbKkfRpjtoCYabxEmhklM6MhF7g.jpg,"[{'name': 'Malpaso Productions', 'id': 171}, {'name': 'Jay Weston Productions', 'id': 11742}]","[{'iso_3166_1': 'US', 'name': 'United States of America'}]",1986-12-15,42724017.0,130.0,"[{'iso_639_1': 'es', 'name': 'Español'}, {'iso_639_1': 'en', 'name': 'English'}]",Released,...the scars run deep.,Heartbreak Ridge,False,6.5,270.0
False,,0,"[{'id': 28, 'name': 'Action'}, {'id': 12, 'name': 'Adventure'}, {'id': 35, 'name': 'Comedy'}]",,12715,tt0091055,en,Firewalker,A pair of adventurers try to track down an ancient Aztec/Mayan/Egyptian/Apache horde of gold.,3.150899,/v8DC9qUY6KNF4tqYq7agbwFqR78.jpg,"[{'name': 'Cannon Group', 'id': 1444}, {'name': 'Golan-Globus Productions', 'id': 13549}]","[{'iso_3166_1': 'US', 'name': 'United States of America'}]",1986-11-21,11949484.0,104.0,"[{'iso_639_1': 'hu', 'name': 'Magyar'}, {'iso_639_1': 'en', 'name': 'English'}]",Released,A pair of down-and-out fortune hunters cash in on high adventure!,Firewalker,False,5.0,48.0
False,,25000000,"[{'id': 35, 'name': 'Comedy'}, {'id': 37, 'name': 'Western'}]",,8388,tt0092086,en,¡Three Amigos!,"Three unemployed actors accept an invitation to a Mexican village to replay their bandit fighter roles, unaware that it is the real thing.",6.377624,/zuTwahw966MoFwD7B2SFujaT5yp.jpg,"[{'name': 'L.A. Films', 'id': 960}, {'name': 'Home Box Office (HBO)', 'id': 3268}]","[{'iso_3166_1': 'US', 'name': 'United States of America'}]",1986-12-12,0.0,102.0,"[{'iso_639_1': 'en', 'name': 'English'}, {'iso_639_1': 'de', 'name': 'Deutsch'}, {'iso_639_1': 'es', 'name': 'Español'}]",Released,"They're Down On Their Luck And Up To Their Necks In Senoritas, Margaritas, Banditos And Bullets!",¡Three Amigos!,False,6.3,287.0
False,,30000000,"[{'id': 18, 'name': 'Drama'}, {'id': 28, 'name': 'Action'}, {'id': 53, 'name': 'Thriller'}, {'id': 80, 'name': 'Crime'}]",,45712,tt0120683,en,Gloria,"Sharon Stone plays a street-wise, middle-aged moll standing up against the mobs, all of which is complicated by a 6 year old urchin with a will of his own who she reluctantly takes under her wing after his family has been gunned down.",1.807605,/j7aJcmRm9bkSFhRHN0mIOleixOn.jpg,"[{'name': 'Columbia Pictures', 'id': 5}, {'name': 'Mandalay Entertainment', 'id': 1236}]","[{'iso_3166_1': 'US', 'name': 'United States of America'}]",1999-01-22,0.0,108.0,"[{'iso_639_1': 'en', 'name': 'English'}]",Released,Gloria. Big mouth. Big attitude. But who knew she had a big heart.,Gloria,False,5.5,13.0
False,,0,"[{'id': 18, 'name': 'Drama'}]",,6187,tt0119773,fr,Nettoyage à sec,A bored couple takes in a young man who turns their lives inside out,1.018341,/p8ZrvtzqboeA7I5PZOyG7EdiCHV.jpg,[],"[{'iso_3166_1': 'FR', 'name': 'France'}]",1997-09-24,0.0,97.0,"[{'iso_639_1': 'fr', 'name': 'Français'}]",Released,,Dry Cleaning,False,4.7,5.0
False,,0,"[{'id': 18, 'name': 'Drama'}, {'id': 10749, 'name': 'Romance'}]",,8129,tt0151691,en,My Name Is Joe,"Two thirtysomethings, unemployed former alcoholic Joe and community health worker Sarah, start a romantic relationship in the one of the toughest Glasgow neighbourhoods.",1.878973,/2sVJSEZRczNiz9YIbnE5OVIkaHo.jpg,"[{'name': 'Channel Four Films', 'id': 181}, {'name': 'Arte', 'id': 201}, {'name': 'Diaphana Films', 'id': 744}, {'name': 'The Glasgow Film Fund', 'id': 980}, {'name': 'Parallax Pictures', 'id': 983}, {'name': 'Degeto Film', 'id': 986}, {'name': 'Westdeutscher Rundfunk (WDR)', 'id': 7025}, {'name': 'Tornasol Films', 'id': 7680}, {'name': 'Alta Films', 'id': 8369}, {'name': 'La Sept Cinéma', 'id': 16366}, {'name': 'Road Movies Vierte Produktionen', 'id': 27013}, {'name': 'Scottish Arts Council Lottery Fund', 'id': 27014}]","[{'iso_3166_1': 'DE', 'name': 'Germany'}, {'iso_3166_1': 'GB', 'name': 'United Kingdom'}, {'iso_3166_1': 'ES', 'name': 'Spain'}, {'iso_3166_1': 'IT', 'name': 'Italy'}, {'iso_3166_1': 'FR', 'name': 'France'}]",1998-05-15,0.0,105.0,"[{'iso_639_1': 'en', 'name': 'English'}]",Released,,My Name Is Joe,False,7.1,29.0
False,,0,"[{'id': 35, 'name': 'Comedy'}, {'id': 10402, 'name': 'Music'}]",,1618,tt0149151,en,Still Crazy,"In the seventies Strange Fruit were it. They lived the rock lifestyle to the max, groupies, drugs, internal tension and an ex front man dead from an overdose. Even their demise was glamorous; when lightning struck the stage during an outdoor festival. 20 years on and these former rock gods they have now sunk deep into obscurity when the idea of a reunion tour is lodged in the head of Tony, former keyboard player of the Fruits. Tony sets out to find his former bandmates with the help of former manager Karen to see if they can recapture the magic and give themselves a second chance.",11.089962,/xCIPFFTSr84SxiU8BaEmpVxDCNZ.jpg,"[{'name': 'Columbia Pictures Corporation', 'id': 441}, {'name': 'The Greenlight Fund', 'id': 821}, {'name': 'Marmot Tandy Productions', 'id': 1045}]","[{'iso_3166_1': 'GB', 'name': 'United Kingdom'}]",1998-10-30,0.0,92.0,"[{'iso_639_1': 'en', 'name': 'English'}, {'iso_639_1': 'hu', 'name': 'Magyar'}]",Released,"They were ""Strange Fruit"". Some called them the greatest rock band of the '70s. They haven't played together for 20 years. No wonder they're worried about their performance.",Still Crazy,False,7.1,35.0
False,,0,"[{'id': 28, 'name': 'Action'}, {'id': 35, 'name': 'Comedy'}, {'id': 27, 'name': 'Horror'}, {'id': 80, 'name': 'Crime'}]",,10722,tt0112922,es,El día de la bestia,"The story revolves around a Basque Roman Catholic priest dedicated to committing as many sins as possible (Angulo), a death metal salesman from Carabanchel (Segura), and the Italian host of a TV show on the occult (De Razza). These go on a literal ""trip"" through Christmas-time Madrid to hunt for and prevent the reincarnation of the Antichrist.",5.759423,/jZLvcv73dNd4WjiY86hRo7p1wCW.jpg,"[{'name': 'Canal+ España', 'id': 9335}, {'name': 'Sociedad General de Televisión (Sogetel)', 'id': 20295}, {'name': 'Iberoamericana Films Produccion', 'id': 28040}]","[{'iso_3166_1': 'IT', 'name': 'Italy'}, {'iso_3166_1': 'ES', 'name': 'Spain'}]",1995-10-20,4367497.0,103.0,"[{'iso_639_1': 'it', 'name': 'Italiano'}, {'iso_639_1': 'es', 'name': 'Español'}]",Released,A devilishly dark comedy,The Day of the Beast,False,6.9,106.0
False,,0,[],,296543,tt0120095,en,Tinseltown,"In Hollywood it's all about who you know, and the only person two friends know is a serial killer.",0.036471,,[],[],1997-01-01,0.0,0.0,[],Released,,Tinseltown,False,5.0,1.0
False,,10000000,"[{'id': 35, 'name': 'Comedy'}, {'id': 10749, 'name': 'Romance'}]",,10314,tt0160862,en,She's All That,"High school hotshot Zach Siler is the envy of his peers. But his popularity declines sharply when his cheerleader girlfriend, Taylor, leaves him for sleazy reality-television star Brock Hudson. Desperate to revive his fading reputation, Siler agrees to a seemingly impossible challenge. He has six weeks to gain the trust of nerdy outcast Laney Boggs -- and help her to become the school's next prom queen.",7.064982,/2kWpjQ3O6DZywdIoPlvXCk3T91P.jpg,"[{'name': 'Miramax Films', 'id': 14}, {'name': 'Tapestry Films', 'id': 870}, {'name': 'FilmColony', 'id': 1811}]","[{'iso_3166_1': 'US', 'name': 'United States of America'}]",1999-01-29,103166989.0,95.0,"[{'iso_639_1': 'en', 'name': 'English'}]",Released,These two opposites attract... but EVERYONE'S trying to keep them apart!,She's All That,False,5.7,425.0
False,,0,"[{'id': 35, 'name': 'Comedy'}, {'id': 10749, 'name': 'Romance'}]",,125548,tt0138279,en,The 24 Hour Woman,Grace tries to be the perfect mother and TV producer but finds trouble in juggling both.,1.403627,/AmUR4UDDuY2t1EhENw5iB46JaNg.jpg,"[{'name': 'Redeemable Features', 'id': 1483}, {'name': 'Dirt Road Productions', 'id': 40966}, {'name': 'King City', 'id': 40967}, {'name': 'Exile Films', 'id': 40968}]","[{'iso_3166_1': 'US', 'name': 'United States of America'}]",1999-01-29,0.0,93.0,"[{'iso_639_1': 'en', 'name': 'English'}]",Released,A story about getting everything you want and what comes next,The 24 Hour Woman,False,2.0,1.0
False,,7300,"[{'id': 28, 'name': 'Action'}, {'id': 35, 'name': 'Comedy'}, {'id': 53, 'name': 'Thriller'}]",,47139,tt0163984,en,"Blood, Guts, Bullets and Octane","A Cherry Pontiac Lemans Convertible...Two Days...Two-Hundred &amp; Fifty Grand. When your lemon lot hits the skids you glom the gig no matter what the smell. For Bob and Sid, two slicked-back burnouts, bum luck runs in spades. With a goose-egg for cash flow and a fore-closure falling fast, they take the gig. The Upside: Fat Cash...The Flipside...Every Thug, Crook, Punk and Mercenary on the planet looking to get rich.",0.137676,/gyIyZOKJ1y80p74GjZuqpfhFy93.jpg,[],"[{'iso_3166_1': 'US', 'name': 'United States of America'}]",1998-10-16,13674.0,87.0,"[{'iso_639_1': 'en', 'name': 'English'}]",Released,,"Blood, Guts, Bullets and Octane",False,6.0,3.0
False,,150000,"[{'id': 27, 'name': 'Horror'}, {'id': 53, 'name': 'Thriller'}]",,11167,tt0054167,en,Peeping Tom,"Loner Mark Lewis works at a film studio during the day and, at night, takes racy photographs of women. Also he's making a documentary on fear, which involves recording the reactions of victims as he murders them. He befriends Helen, the daughter of the family living in the apartment below his, and he tells her vaguely about the movie he is making. She sneaks into Mark's apartment to watch it and is horrified by what she sees -- especially when Mark catches her.",7.229587,/tJyGgOLDLDhJkUEI4wSoD4eO7n4.jpg,"[{'name': 'National Film Finance Corporation (NFFC)', 'id': 11493}, {'name': 'Anglo-Amalgamated Productions', 'id': 47818}]","[{'iso_3166_1': 'GB', 'name': 'United Kingdom'}]",1960-04-06,83957.0,101.0,"[{'iso_639_1': 'en', 'name': 'English'}]",Released,What made this the most diabolical murder weapon ever used?,Peeping Tom,False,7.6,148.0
False,,0,[],,170187,tt0152548,en,Spanish Fly,"A woman journalist, Zoe, knows better than to go into a story with her mind already made up. But that's exactly what she does when she heads off to Spain to write about its men and their macho take (as she sees it) on relationships. As she tries to prove her thesis, she soon realizes that she doesn't know as much about the male sex as she thought.  She also finds herself involved in relationships with the wrong men.",0.12732,/boDTUyMS6lIMsXimpY5BOx4kxjM.jpg,[],[],1998-09-10,0.0,0.0,[],Released,,Spanish Fly,False,0.0,0.0
False,,90000000,"[{'id': 18, 'name': 'Drama'}, {'id': 28, 'name': 'Action'}, {'id': 53, 'name': 'Thriller'}, {'id': 80, 'name': 'Crime'}]",,2112,tt0120784,en,Payback,"With friends like these, who needs enemies? That's the question bad guy Porter is left asking after his wife and partner steal his heist money and leave him for dead -- or so they think. Five months and an endless reservoir of bitterness later, Porter's partners and the crooked cops on his tail learn how bad payback can be.",9.112008,/6wvtqAKsMso4oKTCmAlKtV2W0Zy.jpg,"[{'name': 'Paramount Pictures', 'id': 4}, {'name': 'Icon Entertainment International', 'id': 4564}]","[{'iso_3166_1': 'US', 'name': 'United States of America'}]",1999-02-05,161626121.0,100.0,"[{'iso_639_1': 'en', 'name': 'English'}]",Released,No More Mr. Nice Guy.,Payback,False,6.7,557.0
False,,6000000,"[{'id': 35, 'name': 'Comedy'}]",,16172,tt0145893,en,Simply Irresistible,"After her mother's death, mediocre chef Amanda Shelton is having trouble attracting customers to her family's restaurant. While shopping for ingredients, she is given a magical crab by mysterious Gene O'Reilly. Afterward, Amanda's dishes suddenly become excellent, inducing strong emotional reactions in everyone who eats them. Tom Bartlett, who is preparing to open his own eatery, tries her cooking and falls in love.",6.053045,/mBPCJOotTzUBVdQzC4yFpchCzwS.jpg,"[{'name': 'New Regency Pictures', 'id': 10104}, {'name': 'Taurus Film', 'id': 20555}, {'name': 'Polar Entertainment Corporation', 'id': 62072}]","[{'iso_3166_1': 'US', 'name': 'United States of America'}]",1999-02-05,4398989.0,95.0,"[{'iso_639_1': 'fr', 'name': 'Français'}, {'iso_639_1': 'en', 'name': 'English'}]",Released,Magic opened up their hearts... Love did the rest.,Simply Irresistible,False,5.5,52.0
False,,0,"[{'id': 10749, 'name': 'Romance'}, {'id': 35, 'name': 'Comedy'}]",,111794,tt0138987,en,20 Dates,"Myles is divorced in L.A. He wants a love life and a film career. So he decides to go on 20 dates and find true love in front of a camera, making his first feature. His patient agent, Richard, finds a $60,000 investor, the shadowy Elie. Myles starts his search, sometimes telling his date she's being filmed, sometimes not. Elie wants sex and titillation, Myles wants it ""real."" Myles regularly talks with his old film teacher, Robert McKee, who wonders if love is possible in modern life. Half-way through the 20 dates, Myles meets Elisabeth; she's everything he desires and she likes him. Can he finish the 20 dates, satisfy Elie, and complete his film without losing Elisabeth?",0.759793,/9VpMRZCUtfdCg47I2uI8EgYorLg.jpg,"[{'name': 'Fox Searchlight Pictures', 'id': 43}, {'name': 'Twentieth Century Fox Film Corporation', 'id': 306}, {'name': 'Phoenician Films', 'id': 3901}]","[{'iso_3166_1': 'US', 'name': 'United States of America'}]",1998-01-01,0.0,87.0,"[{'iso_639_1': 'en', 'name': 'English'}]",Released,A comedy so real you'll think it's fiction.,20 Dates,False,3.7,3.0
False,,0,"[{'id': 10402, 'name': 'Music'}, {'id': 18, 'name': 'Drama'}]",,9524,tt0128133,de,Comedian Harmonists,"Comedian Harmonists tells the story of a famous, German male sextet, five vocals and piano, the ""Comedian Harmonists"", from the day they meet first in 1927 to the day in 1934, when they become banned by the upcoming Nazis, because three of them are Jewish.",0.799079,/2NgC92vmBbf7BXIB0ZRUHywZV0v.jpg,"[{'name': 'Beta Film', 'id': 1080}]","[{'iso_3166_1': 'AT', 'name': 'Austria'}, {'iso_3166_1': 'DE', 'name': 'Germany'}]",1997-12-25,0.0,126.0,"[{'iso_639_1': 'en', 'name': 'English'}, {'iso_639_1': 'de', 'name': 'Deutsch'}]",Released,,Comedian Harmonists,False,6.7,13.0
False,,0,"[{'id': 99, 'name': 'Documentary'}, {'id': 18, 'name': 'Drama'}, {'id': 36, 'name': 'History'}, {'id': 10752, 'name': 'War'}]",,20595,tt0174852,en,The Last Days,"Five Jewish Hungarians, now U.S. citizens, tell their stories: before March, 1944, when Nazis began to exterminate Hungarian Jews, months in concentration camps, and visiting childhood homes more than 50 years later. An historian, a Sonderkommando, a doctor who experimented on Auschwitz prisoners, and US soldiers who were part of the liberation in April, 1945.",1.380947,/yAjtrBR42qz6QmSCoPa7TKEId8o.jpg,"[{'name': 'Ken Lipper/June Beallor Production', 'id': 3805}, {'name': 'Shoah Foundation', 'id': 3806}, {'name': 'Survivors of the Shoah Visual History Foundation', 'id': 3807}]","[{'iso_3166_1': 'US', 'name': 'United States of America'}]",1998-10-23,0.0,87.0,"[{'iso_639_1': 'en', 'name': 'English'}, {'iso_639_1': 'de', 'name': 'Deutsch'}, {'iso_639_1': 'hu', 'name': 'Magyar'}]",Released,Everything you're about to see is true.,The Last Days,False,7.7,10.0
False,,0,"[{'id': 16, 'name': 'Animation'}, {'id': 14, 'name': 'Fantasy'}, {'id': 878, 'name': 'Science Fiction'}]",,16306,tt0070544,fr,La planète sauvage,"Fantastic Planet tells the story of “Oms”, human-like creatures, kept as domesticated pets by an alien race of blue giants called “Draags”. The story takes place on the Draags’ planet Ygam, where we follow our narrator, an Om called Terr, from infancy to adulthood. He manages to escape enslavement from a Draag learning device used to educate the savage Oms — and begins to organise an Om revolt.",6.305008,/8nVG28GNX5kEJUaUKpMBCCTHc2p.jpg,"[{'name': 'Krátký Film Praha', 'id': 2329}, {'name': 'Ceskoslovenský Filmexport', 'id': 2330}, {'name': 'Argos Films', 'id': 6116}, {'name': ""Institut National de l'Audiovisuel (INA)"", 'id': 8171}, {'name': 'Les Films Armorial', 'id': 25960}]","[{'iso_3166_1': 'CZ', 'name': 'Czech Republic'}, {'iso_3166_1': 'FR', 'name': 'France'}]",1973-05-01,0.0,72.0,"[{'iso_639_1': 'fr', 'name': 'Français'}]",Released,A Sublime Trip to a Fine New World,Fantastic Planet,False,7.6,140.0
False,,35000000,"[{'id': 35, 'name': 'Comedy'}, {'id': 10749, 'name': 'Romance'}]",,11622,tt0124298,en,Blast from the Past,"Following a bomb scare in the 1960s that locked the Webers into their bomb shelter for 35 years, Adam now ventures forth into Los Angeles to obtain food and supplies for his family, and a non-mutant wife for himself.",8.355977,/chljpiLSV7XAuKjYTQl3a7w39p8.jpg,"[{'name': 'New Line Cinema', 'id': 12}, {'name': 'Forge', 'id': 2980}, {'name': 'Midnight Sun Pictures', 'id': 17887}]","[{'iso_3166_1': 'US', 'name': 'United States of America'}]",1999-02-12,40263020.0,112.0,"[{'iso_639_1': 'la', 'name': 'Latin'}, {'iso_639_1': 'en', 'name': 'English'}, {'iso_639_1': 'fr', 'name': 'Français'}, {'iso_639_1': 'de', 'name': 'Deutsch'}]",Released,She'd never met anyone like him. He's never met anyone... Period.,Blast from the Past,False,6.3,247.0
False,,80000000,"[{'id': 10749, 'name': 'Romance'}, {'id': 18, 'name': 'Drama'}]",,10207,tt0139462,en,Message in a Bottle,"A woman finds a romantic letter in a bottle washed ashore and tracks down the author, a widowed shipbuilder whose wife died tragically early. As a deep and mutual attraction blossoms, the man struggles to make peace with his past so that he can move on and find happiness.",5.101392,/majQar87QNbrC47qYMcmK1oCohZ.jpg,"[{'name': 'Bel Air Entertainment', 'id': 788}, {'name': 'DiNovi Pictures', 'id': 813}, {'name': 'Tiger Productions', 'id': 18093}]","[{'iso_3166_1': 'US', 'name': 'United States of America'}]",1999-02-22,118880016.0,131.0,"[{'iso_639_1': 'en', 'name': 'English'}]",Released,A story of love lost and found.,Message in a Bottle,False,5.9,198.0
False,,65000000,"[{'id': 35, 'name': 'Comedy'}, {'id': 18, 'name': 'Drama'}, {'id': 10751, 'name': 'Family'}, {'id': 878, 'name': 'Science Fiction'}]",,9849,tt0120764,en,My Favorite Martian,"News producer, Tim O'Hara gets himself fired for unwillingly compromising his bosses' daughter during a live transmission. A little later, he witnesses the crashing of a small Martian spacecraft, realizing his one-time chance of delivering a story that will rock the earth. Since Tim took the original but scaled-down spaceship with him, the Martian follows him to retrieve it.",12.65102,/k1wWEHxXLTHXjiBghhPqDYRBuDn.jpg,"[{'name': 'Walt Disney Pictures', 'id': 2}]","[{'iso_3166_1': 'US', 'name': 'United States of America'}]",1999-02-11,36850101.0,94.0,"[{'iso_639_1': 'en', 'name': 'English'}, {'iso_639_1': 'it', 'name': 'Italiano'}]",Released,The martian has landed. There goes the neighborhood.,My Favorite Martian,False,5.1,81.0
False,,0,"[{'id': 35, 'name': 'Comedy'}]",,82865,tt0119207,en,"God Said, 'Ha!'",Julia Sweeney tells the viewers the monologue about the hard time in her life when her brother fought with cancer and she was also diagnosed with a rare form of cancer.,0.054592,/nEcwFwKCsABvsvF2dOwNBs9IS1F.jpg,[],[],1998-05-14,0.0,85.0,[],Released,,"God Said, 'Ha!'",False,8.0,1.0
False,,3000000,"[{'id': 35, 'name': 'Comedy'}]",,18892,tt0155776,en,Jawbreaker,"3 of Reagan High School's most popular girls pretend to kidnap their friend by shoving a jawbreaker into the victim's mouth to keep her from screaming. Their plan goes awry when the girl swallows the jawbreaker, choking to death. Now the leader of the pack will do anything to keep the accident a secret.",7.434797,/pjgsvVxxMR2DjjCyeHMoMJLzXds.jpg,"[{'name': 'TriStar Pictures', 'id': 559}, {'name': 'Crossroads Films', 'id': 3058}, {'name': 'Kramer-Tornell Productions', 'id': 67035}]","[{'iso_3166_1': 'US', 'name': 'United States of America'}]",1999-01-30,3076820.0,87.0,"[{'iso_639_1': 'en', 'name': 'English'}]",Released,Suck it and see...,Jawbreaker,False,5.9,93.0
False,,0,"[{'id': 18, 'name': 'Drama'}, {'id': 10751, 'name': 'Family'}]",,13466,tt0132477,en,October Sky,"Based on the true story of Homer Hickam, a coal miner's son who was inspired by the first Sputnik launch to take up rocketry against his father's wishes, and eventually became a NASA scientist.",6.652528,/oeFdjM0P3DMIKOloApLAn96GHiM.jpg,"[{'name': 'Universal Pictures', 'id': 33}]","[{'iso_3166_1': 'US', 'name': 'United States of America'}]",1999-02-19,0.0,108.0,"[{'iso_639_1': 'en', 'name': 'English'}]",Released,Sometimes one dream is enough to light up the whole sky.,October Sky,False,7.4,259.0
False,,10000000,"[{'id': 35, 'name': 'Comedy'}, {'id': 80, 'name': 'Crime'}]",,1542,tt0151804,en,Office Space,Three office workers strike back at their evil employers by hatching a hapless attempt to embezzle money.,12.329066,/iO9aZzrfmMvm3IqkFiQyuuUMLh2.jpg,"[{'name': 'Twentieth Century Fox Film Corporation', 'id': 306}, {'name': 'Cubicle Inc.', 'id': 7458}]","[{'iso_3166_1': 'US', 'name': 'United States of America'}]",1999-02-19,12827813.0,89.0,"[{'iso_639_1': 'en', 'name': 'English'}]",Released,Work sucks.,Office Space,False,7.4,1068.0
False,,0,"[{'id': 18, 'name': 'Drama'}]",,43978,tt0156901,fa,سیب,"After twelve years of imprisonment by their own parents, two sisters are finally released by social workers to face the outside world for the first time.",0.561987,/5QC5xzyWIkGK2NcnpZUXThZYK66.jpg,[],"[{'iso_3166_1': 'IR', 'name': 'Iran'}, {'iso_3166_1': 'FR', 'name': 'France'}]",1998-01-01,0.0,86.0,"[{'iso_639_1': 'fa', 'name': 'فارسی'}]",Released,,The Apple,False,7.3,14.0
False,,6000000,"[{'id': 35, 'name': 'Comedy'}, {'id': 18, 'name': 'Drama'}, {'id': 10749, 'name': 'Romance'}]",,15256,tt0137338,en,200 Cigarettes,"A collection of twentysomethings try to cope with relationships, loneliness, desire and their individual neuroses.",3.227046,/dQoRvGDAFYrmzc9gwNJ7gXlL5Xw.jpg,"[{'name': 'Paramount Pictures', 'id': 4}]","[{'iso_3166_1': 'US', 'name': 'United States of America'}]",1999-02-26,6852450.0,101.0,"[{'iso_639_1': 'en', 'name': 'English'}]",Released,It's 11:59 on New Years Eve... do you know where your date is?,200 Cigarettes,False,6.1,44.0
False,"{'id': 387618, 'name': '8MM Collection', 'poster_path': '/8Scc8lBpS2lQs7KPOuxzlm2Z0iP.jpg', 'backdrop_path': '/jgq6X9da6KnEzKNqqb3dYR8bWKy.jpg'}",40000000,"[{'id': 53, 'name': 'Thriller'}, {'id': 80, 'name': 'Crime'}, {'id': 9648, 'name': 'Mystery'}]",,8224,tt0134273,en,8MM,"A small, seemingly innocuous plastic reel of film leads surveillance specialist Tom Welles down an increasingly dark and frightening path. With the help of the streetwise Max, he relentlessly follows a bizarre trail of evidence to determine the fate of a complete stranger. As his work turns into obsession, he drifts farther and farther away from his wife, family and simple life as a small-town PI.",7.473718,/oEgBIcIJb1Z5sperKxE8Pb4tTr0.jpg,"[{'name': 'Columbia Pictures Corporation', 'id': 441}, {'name': 'Hofflund/Polone', 'id': 1685}, {'name': 'Global Entertainment Productions GmbH & Company Medien KG', 'id': 9269}]","[{'iso_3166_1': 'US', 'name': 'United States of America'}]",1999-02-26,96618699.0,123.0,"[{'iso_639_1': 'en', 'name': 'English'}]",Released,You can't prepare for where the truth will take you.,8MM,False,6.1,479.0
False,,35000000,"[{'id': 35, 'name': 'Comedy'}, {'id': 18, 'name': 'Drama'}, {'id': 10749, 'name': 'Romance'}]",,18417,tt0123209,en,The Other Sister,"A mentally challenged girl proves herself to be every bit as capable as her ""perfect"" sister when she moves into an apartment and begins going to college.",3.816491,/bIqYI0DrUhtbWv7SI1KSP6bk8q5.jpg,"[{'name': 'Touchstone Pictures', 'id': 9195}]","[{'iso_3166_1': 'US', 'name': 'United States of America'}]",1999-02-26,0.0,130.0,"[{'iso_639_1': 'en', 'name': 'English'}]",Released,A love story for the romantically challenged.,The Other Sister,False,6.0,35.0
False,,12000000,"[{'id': 35, 'name': 'Comedy'}]",,12479,tt0120618,en,Breakfast of Champions,A portrait of a fictional town in the mid west that is home to a group of idiosyncratic and slightly neurotic characters. Dwayne Hoover is a wealthy car dealer-ship owner that's on the brink of suicide and is losing touch with reality.,2.421573,/oOEkGtAcysCV1pJAB3qFlOG76hj.jpg,"[{'name': 'Hollywood Pictures', 'id': 915}]","[{'iso_3166_1': 'US', 'name': 'United States of America'}]",1999-02-13,0.0,110.0,"[{'iso_639_1': 'cs', 'name': 'Český'}, {'iso_639_1': 'en', 'name': 'English'}, {'iso_639_1': 'fr', 'name': 'Français'}]",Released,,Breakfast of Champions,False,5.2,28.0
False,,0,"[{'id': 35, 'name': 'Comedy'}]",,15031,tt0181322,en,The Breaks,"Derrick, a racially-confused Irishman raised in the hood by a black family is having the worst day ever. Determined to prove to his fed-up mother and would-be girlfriend that he's not a screw-up, he sets out to do one thing right (get some milk) and even that proves to be a challenge! Hilarious encounters with racist red-neck cops, local gangsters and 'flamboyant' pawn shop owners ensue, and along the way Derek shows that he can actually do things for others and maybe even get his own life together.",0.167229,/cgouTGUxzF7mKJng7apEpDOEyXR.jpg,[],[],1999-02-26,0.0,86.0,"[{'iso_639_1': 'en', 'name': 'English'}]",Released,,The Breaks,False,5.2,3.0
False,,0,"[{'id': 35, 'name': 'Comedy'}, {'id': 18, 'name': 'Drama'}, {'id': 10749, 'name': 'Romance'}]",,15209,tt0119054,en,Eight Days a Week,"Peter loves his next door neighbour Erica and, on the advice of his grandfather, decides to camp out on her front lawn for the entire summer, or until she agrees to go out with him. His father is none too happy about the idea and refuses to let his son back in the house, even to get a change of clothes.",4.515523,/jMK6jJB8eoY0OsH2M75X32ZlxRi.jpg,"[{'name': 'Underdog Productions', 'id': 44460}]","[{'iso_3166_1': 'US', 'name': 'United States of America'}]",1997-01-17,9090.0,92.0,"[{'iso_639_1': 'en', 'name': 'English'}]",Released,He Came. He Sat. He Conquered.,Eight Days a Week,False,6.0,11.0
False,,12000000,"[{'id': 35, 'name': 'Comedy'}, {'id': 10749, 'name': 'Romance'}]",,26425,tt0123221,en,Just the Ticket,"Gary Starke is one of the best ticket scalpers in New York City. His girlfriend, Linda, doesn't approve of his criminal lifestyle, though, and dumps him when she gets the opportunity to study cooking in Paris. Gary realizes that he has to give up scalping if he has any chance of winning her back. But before he does, he wants to cash out on one last big score. He gets his chance when the pope announces he'll be performing Easter Mass at Yankee Stadium.",1.165752,/bjIhtZCJL7prIQeUSNxYpS3Tn8L.jpg,"[{'name': 'Canal+', 'id': 5358}, {'name': 'CineSon Entertainment', 'id': 16647}]","[{'iso_3166_1': 'FR', 'name': 'France'}, {'iso_3166_1': 'US', 'name': 'United States of America'}]",1999-02-26,0.0,115.0,"[{'iso_639_1': 'en', 'name': 'English'}]",Released,"Irresponsible, Unreliable, Unpredictable and totally Irresistible.",Just the Ticket,False,5.8,8.0
False,,0,"[{'id': 53, 'name': 'Thriller'}, {'id': 80, 'name': 'Crime'}, {'id': 18, 'name': 'Drama'}, {'id': 9648, 'name': 'Mystery'}]",,1847,tt0070334,en,The Long Goodbye,Detective Philip Marlowe tries to help a friend who is accused of murdering his wife.,7.204017,/gPOuGW8hIMhs7JvyxcZiSHuvy3C.jpg,"[{'name': 'Lions Gate Films', 'id': 35}, {'name': 'E-K-Corporation', 'id': 18339}]","[{'iso_3166_1': 'US', 'name': 'United States of America'}]",1973-03-07,0.0,113.0,"[{'iso_639_1': 'en', 'name': 'English'}]",Released,Nothing says goodbye like a bullet...,The Long Goodbye,False,7.3,112.0
False,,0,"[{'id': 18, 'name': 'Drama'}]",,42113,tt0084390,ja,楢山節考,In a small village in a valley everyone who reaches the age of 70 must leave the village and go to a certain mountain top to die. If anyone should refuse he/she would disgrace their family. Old Orin is 69. This winter it is her turn to go to the mountain. But first she must make sure that her eldest son Tatsuhei finds a wife.,1.925839,/ewYZmeoqzE5XsL0Jlcorlu9iwGe.jpg,"[{'name': 'Toei Company', 'id': 9255}]","[{'iso_3166_1': 'JP', 'name': 'Japan'}]",1983-04-09,0.0,130.0,"[{'iso_639_1': 'ja', 'name': '日本語'}]",Released,Only Time Could Change the Cruelty of Tradition… Only Their Love Could Survive It…,The Ballad of Narayama,False,7.1,32.0
False,"{'id': 10789, 'name': 'Pet Sematary Collection', 'poster_path': '/iySOPKFg4DgtjY9ySsJZoccMcIB.jpg', 'backdrop_path': '/vK18Xz065I4BvRB8r9IrH98ebVp.jpg'}",11500000,"[{'id': 18, 'name': 'Drama'}, {'id': 27, 'name': 'Horror'}]",,8913,tt0098084,en,Pet Sematary,"Dr. Louis Creed's family moves into the country house of their dreams and discover a pet cemetery at the back of their property. The cursed burial ground deep in the woods brings the dead back to life -- with ""minor"" problems. At first, only the family's cat makes the return trip, but an accident forces a heartbroken father to contemplate the unthinkable.",8.365761,/9zUax4pjRgoPIJla9CQejqNJofB.jpg,"[{'name': 'Paramount Pictures', 'id': 4}]","[{'iso_3166_1': 'US', 'name': 'United States of America'}]",1989-04-21,57469467.0,103.0,"[{'iso_639_1': 'en', 'name': 'English'}]",Released,Sometimes dead is better.,Pet Sematary,False,6.4,417.0
False,"{'id': 10789, 'name': 'Pet Sematary Collection', 'poster_path': '/iySOPKFg4DgtjY9ySsJZoccMcIB.jpg', 'backdrop_path': '/vK18Xz065I4BvRB8r9IrH98ebVp.jpg'}",8000000,"[{'id': 27, 'name': 'Horror'}]",,10906,tt0105128,en,Pet Sematary II,"The ""sematary"" is up to its old zombie-raising tricks again. This time, the protagonists are Jeff Matthews, whose mother died in a Hollywood stage accident, and Drew Gilbert, a boy coping with an abusive stepfather.",6.823445,/iaWnUo0RNDMg3uGSVrFtvlxH7EB.jpg,"[{'name': 'Paramount Pictures', 'id': 4}, {'name': 'Columbus Circle Films', 'id': 3264}]","[{'iso_3166_1': 'US', 'name': 'United States of America'}]",1992-08-28,17092453.0,100.0,"[{'iso_639_1': 'en', 'name': 'English'}]",Released,Raise Some Hell.,Pet Sematary II,False,5.0,107.0
False,"{'id': 115225, 'name': 'Children of the Corn Collection', 'poster_path': '/v6auJblMcNxUmZx23mQXMHmzyY3.jpg', 'backdrop_path': '/g4aK8Up5zSegesJdMYbxDcndn20.jpg'}",900000,"[{'id': 27, 'name': 'Horror'}]",,25748,tt0106557,en,Children of the Corn II: The Final Sacrifice,"Arriving in Gatlin, Nebraska, a news-reporter and his son get wind of a story about the youth in the town murdering their parents finds that a series of brutal murders are revealed to be worshipers of the corn-stalks and try to stop them before they carry out their plans.",8.357875,/lqFb8Mnx9tFPUevnfbz9o2adLFw.jpg,"[{'name': 'Corn Cobb Productions', 'id': 4415}, {'name': 'Dimension Films', 'id': 7405}, {'name': 'Fifth Avenue Entertainment', 'id': 15342}]","[{'iso_3166_1': 'US', 'name': 'United States of America'}]",1993-01-29,6980986.0,92.0,"[{'iso_639_1': 'en', 'name': 'English'}]",Released,These children are home alone too. But their parents are never coming back.,Children of the Corn II: The Final Sacrifice,False,4.5,50.0
False,"{'id': 115225, 'name': 'Children of the Corn Collection', 'poster_path': '/v6auJblMcNxUmZx23mQXMHmzyY3.jpg', 'backdrop_path': '/g4aK8Up5zSegesJdMYbxDcndn20.jpg'}",0,"[{'id': 53, 'name': 'Thriller'}, {'id': 27, 'name': 'Horror'}]",,25749,tt0109415,en,Children of the Corn III: Urban Harvest,"Two young Gatlin residents are orphaned after the younger brother kills their father. The terror of Gatlin goes urban when the two boys are placed in the custody of two foster parents in the city. The younger brother takes some corn seeds along for the road and plants them in the courtyard of an abandoned warehouse, bringing ""He Who Walks Behind the Rows"" to the city.",4.411511,/Ajp5lVNAW0Kfi3uUlCCpIri28B8.jpg,"[{'name': 'Park Avenue Productions', 'id': 4416}, {'name': 'Trans Atlantic Entertainment', 'id': 15343}]","[{'iso_3166_1': 'US', 'name': 'United States of America'}]",1995-09-12,0.0,92.0,"[{'iso_639_1': 'en', 'name': 'English'}]",Released,An Adult Nightmare is about to show its face in the heart of a city!,Children of the Corn III: Urban Harvest,False,4.7,50.0
False,,0,"[{'id': 27, 'name': 'Horror'}]",http://www.theofficialjohncarpenter.com/christine/,8769,tt0085333,en,Christine,"Geeky student Arnie Cunningham falls for Christine, a rusty 1958 Plymouth Fury, and becomes obsessed with restoring the classic automobile to her former glory. As the car changes, so does Arnie, whose newfound confidence turns to arrogance behind the wheel of his exotic beauty. Arnie's girlfriend Leigh and best friend Dennis reach out to him, only to be met by a Fury like no other.",7.106757,/eIFakrk7xLwiNNoiottTBN5EIwy.jpg,"[{'name': 'Columbia Pictures', 'id': 5}]","[{'iso_3166_1': 'US', 'name': 'United States of America'}]",1983-12-08,21200000.0,110.0,"[{'iso_639_1': 'en', 'name': 'English'}]",Released,How do you kill something that can't possibly be alive?,Christine,False,6.5,392.0
False,,0,"[{'id': 35, 'name': 'Comedy'}]",,14742,tt0084412,en,Night Shift,"A nebbish of a morgue attendant gets shunted back to the night shift where he is shackled with an obnoxious neophyte partner who dreams of the ""one great idea"" for success. His life takes a bizarre turn when a prostitute neighbour complains about the loss of her pimp. His partner, upon hearing the situation, suggests that they fill that opening themselves using the morgue at night .",4.535207,/qLijlmE6AJjpCU8f2L7wshoR8HE.jpg,"[{'name': 'Warner Bros.', 'id': 6194}, {'name': 'The Ladd Company', 'id': 7965}]","[{'iso_3166_1': 'US', 'name': 'United States of America'}]",1982-07-30,21095683.0,106.0,"[{'iso_639_1': 'en', 'name': 'English'}]",Released,"Ever since two enterprising young men turned the City Morgue into a swinging business, people have been dying to get in.",Night Shift,False,5.9,46.0
False,,200000,"[{'id': 18, 'name': 'Drama'}, {'id': 27, 'name': 'Horror'}, {'id': 53, 'name': 'Thriller'}]",,15856,tt0051744,en,House on Haunted Hill,"Frederick Loren has invited five strangers to a party of a lifetime. He is offering each of them $10,000 if they can stay the night in a house. But the house is no ordinary house. This house has a reputation for murder. Frederick offers them each a gun for protection. They all arrived in a hearse and will either leave in it $10,000 richer or leave in it dead!",5.738218,/fnlPkYlVXrWUkQsVa8Y2tkFoPQq.jpg,"[{'name': 'William Castle Productions', 'id': 10324}]","[{'iso_3166_1': 'US', 'name': 'United States of America'}]",1959-02-17,0.0,75.0,"[{'iso_639_1': 'en', 'name': 'English'}]",Released,Consult your doctor! Bring your seat belts!,House on Haunted Hill,False,6.9,102.0
False,"{'id': 33938, 'name': 'Airport Collection', 'poster_path': '/yDnEIOmCgPZJ55d8WeRjlgqgi78.jpg', 'backdrop_path': '/aahejNK1UOMWT2FNGOjgQDvczE.jpg'}",10000000,"[{'id': 28, 'name': 'Action'}, {'id': 18, 'name': 'Drama'}, {'id': 53, 'name': 'Thriller'}]",,10671,tt0065377,en,Airport,"Melodrama about a bomber on board an airplane, an airport almost closed by snow, and various personal problems of the people involved.",7.873018,/lKRsOCB1FlZYD7tYPHValBAqmwm.jpg,"[{'name': 'Universal Pictures', 'id': 33}, {'name': 'Ross Hunter Productions Inc.', 'id': 1830}]","[{'iso_3166_1': 'US', 'name': 'United States of America'}]",1970-03-05,100489151.0,137.0,"[{'iso_639_1': 'it', 'name': 'Italiano'}, {'iso_639_1': 'en', 'name': 'English'}]",Released,The #1 novel of the year - now a motion picture!,Airport,False,6.2,89.0
False,"{'id': 33938, 'name': 'Airport Collection', 'poster_path': '/yDnEIOmCgPZJ55d8WeRjlgqgi78.jpg', 'backdrop_path': '/aahejNK1UOMWT2FNGOjgQDvczE.jpg'}",3000000,"[{'id': 28, 'name': 'Action'}, {'id': 12, 'name': 'Adventure'}, {'id': 18, 'name': 'Drama'}, {'id': 53, 'name': 'Thriller'}]",,27932,tt0071110,en,Airport 1975,"""Something hit us...the crew is dead...help us, please, please help us!"" With these terrifying words, 22 of Hollywood's greatest stars find themselves aboard a pilotless jumbo jet headed on a collision course with destruction in the nerve chilling sequel to the greatest disaster movie ever made.",8.480501,/53M89n1LDl20ZCAhqEadjTVc0Ml.jpg,"[{'name': 'Universal Pictures', 'id': 33}]","[{'iso_3166_1': 'US', 'name': 'United States of America'}]",1974-10-18,47000000.0,107.0,"[{'iso_639_1': 'en', 'name': 'English'}, {'iso_639_1': 'hu', 'name': 'Magyar'}]",Released,"Something hit us... The crew is dead... Help us, please, please help us!",Airport 1975,False,5.5,79.0
False,"{'id': 33938, 'name': 'Airport Collection', 'poster_path': '/yDnEIOmCgPZJ55d8WeRjlgqgi78.jpg', 'backdrop_path': '/aahejNK1UOMWT2FNGOjgQDvczE.jpg'}",6000000,"[{'id': 28, 'name': 'Action'}, {'id': 12, 'name': 'Adventure'}, {'id': 18, 'name': 'Drama'}, {'id': 53, 'name': 'Thriller'}]",,7227,tt0075648,en,Airport '77,Flight 23 has crashed in the Bermuda Triangle while taking VIPs and valuable art to Philip Stevens new museum. But when hijackers take off the plane and knock everyone out with sleeping gas the plane crashes in the sea. The passengers survive but a small hole at the front is flooding the plane and 2 daring rescues must be put into action because everyone is trapped 200 feet underwater.,9.394776,/n1fD62w5v1v698LfAkbVSrwSqYJ.jpg,"[{'name': 'Universal Pictures', 'id': 33}]","[{'iso_3166_1': 'US', 'name': 'United States of America'}]",1977-03-11,30000000.0,114.0,"[{'iso_639_1': 'en', 'name': 'English'}, {'iso_639_1': 'hu', 'name': 'Magyar'}]",Released,"Flight 23 has crashed in the Bermuda Triangle... passengers still alive, trapped underwater...",Airport '77,False,5.8,69.0
False,,0,"[{'id': 28, 'name': 'Action'}, {'id': 53, 'name': 'Thriller'}]",,10670,tt0076636,en,Rollercoaster,The plot is about a guile young terrorist who is able to blackmail a series of companies by placing home-made radio controlled bombs within the central attraction of amusement parks; roller coasters. The young man played by Timothy Bottoms gives a hard time to the cops after they give him UV marked money. He then wants revenge and places a bomb in a roller coaster at the most important amusement park event of the year.,3.494417,/vxMbWDWGUeuSWm3KB9pIyDIFVEW.jpg,"[{'name': 'Universal Pictures', 'id': 33}]","[{'iso_3166_1': 'US', 'name': 'United States of America'}]",1977-06-10,0.0,119.0,"[{'iso_639_1': 'en', 'name': 'English'}]",Released,Watch out for the Man watching the Rollercoaster,Rollercoaster,False,5.4,33.0
False,,14000000,"[{'id': 28, 'name': 'Action'}, {'id': 53, 'name': 'Thriller'}]",,5919,tt0072308,en,The Towering Inferno,"At the opening party of a colossal - but poorly constructed - office building, a massive fire breaks out that threatens to destroy the tower and everyone in it.",7.469056,/atGCmFz8L5KmmVmP4kFcrS1vCyd.jpg,"[{'name': 'Twentieth Century Fox Film Corporation', 'id': 306}, {'name': 'Warner Bros.', 'id': 6194}, {'name': 'Irwin Allen Productions', 'id': 14024}, {'name': 'United Films', 'id': 48543}]","[{'iso_3166_1': 'US', 'name': 'United States of America'}]",1974-12-14,116000000.0,159.0,"[{'iso_639_1': 'en', 'name': 'English'}]",Released,The world's tallest building is on fire. You are there on the 135th floor ... no way down ... no way out.,The Towering Inferno,False,7.1,230.0
False,"{'id': 124934, 'name': 'Alligator Collection', 'poster_path': '/5XOOxT9Lt8tIRahE5judKxjUjNE.jpg', 'backdrop_path': None}",1500000,"[{'id': 27, 'name': 'Horror'}, {'id': 878, 'name': 'Science Fiction'}, {'id': 53, 'name': 'Thriller'}]",,33518,tt0080354,en,Alligator,"A baby alligator is flushed down a Chicago toilet and survives by eating discarded lab rats, injected with growth hormones. The now gigantic animal, escapes the city sewers, and goes on a rampage, pursued by a cop and a big-game hunter.",5.500439,/xGdzbwVDnTu3WwOtrFjI8qDfoLU.jpg,"[{'name': 'Alligator Inc', 'id': 5418}]","[{'iso_3166_1': 'US', 'name': 'United States of America'}]",1980-07-02,0.0,91.0,"[{'iso_639_1': 'en', 'name': 'English'}]",Released,"It lives 50 feet beneath the city. It's 36 feet long. It weighs 2,000 pounds...And it's about to break out!",Alligator,False,5.6,63.0
False,,0,"[{'id': 28, 'name': 'Action'}, {'id': 878, 'name': 'Science Fiction'}, {'id': 53, 'name': 'Thriller'}]",,40160,tt0079550,en,Meteor,"After a collision with a comet, a nearly 8km wide piece of the asteroid ""Orpheus"" is heading towards Earth. If it will hit it will cause a incredible catastrophe which will probably extinguish mankind. To stop the meteor NASA wants to use the illegal nuclear weapon satellite ""Hercules"" but discovers soon that it doesn't have enough fire power. Their only chance to save the world is to join forces with the USSR who have also launched such an illegal satellite. But will both governments agree?",4.695793,/bEtEIOtliMJmEijCo4m9wzNK5cD.jpg,"[{'name': 'Palladium Productions', 'id': 2379}, {'name': 'American International Pictures (AIP)', 'id': 9266}, {'name': 'Meteor Joint Venture', 'id': 33304}]","[{'iso_3166_1': 'US', 'name': 'United States of America'}]",1979-10-19,0.0,107.0,"[{'iso_639_1': 'en', 'name': 'English'}, {'iso_639_1': 'fr', 'name': 'Français'}, {'iso_639_1': 'ru', 'name': 'Pусский'}]",Released,There's No Place On Earth To Hide!,Meteor,False,5.1,37.0
False,"{'id': 166698, 'name': 'Westworld Collection', 'poster_path': '/pYL3YYNMwGz18dylTxRM8Ffai4e.jpg', 'backdrop_path': '/3yzaSCXO8cT7Q1tgCsmf8ypSxRI.jpg'}",0,"[{'id': 28, 'name': 'Action'}, {'id': 12, 'name': 'Adventure'}, {'id': 18, 'name': 'Drama'}, {'id': 27, 'name': 'Horror'}, {'id': 878, 'name': 'Science Fiction'}, {'id': 53, 'name': 'Thriller'}, {'id': 37, 'name': 'Western'}]",,2362,tt0070909,en,Westworld,"In a futuristic resort, wealthy patrons can visit recreations of different time periods and experience their wildest fantasies with life-like robots. But when Richard Benjamin opts for the wild west, he gets more than he bargained for when a gunslinger robot goes berserk.",6.529052,/cOJsaT8jEmG9s1MziVIPpHBRpQ7.jpg,"[{'name': 'Metro-Goldwyn-Mayer (MGM)', 'id': 8411}]","[{'iso_3166_1': 'US', 'name': 'United States of America'}]",1973-10-22,0.0,88.0,"[{'iso_639_1': 'en', 'name': 'English'}]",Released,Westworld ...where robot men and women are programmed to serve you for ...Romance ...Violence ...Anything,Westworld,False,6.7,345.0
False,,9000000,"[{'id': 12, 'name': 'Adventure'}, {'id': 28, 'name': 'Action'}, {'id': 10749, 'name': 'Romance'}, {'id': 878, 'name': 'Science Fiction'}]",,10803,tt0074812,en,Logan's Run,"An idyllic sci-fi future has one major drawback: All citizens get a chance of being 'renewed' in a Civic Ceremony at their 30th birthday, unless they run and escape before their time comes.",6.842274,/iBtkwot48QkgYpPfjceCgyK1Rhz.jpg,"[{'name': 'Metro-Goldwyn-Mayer (MGM)', 'id': 8411}]","[{'iso_3166_1': 'US', 'name': 'United States of America'}]",1976-06-23,25000000.0,119.0,"[{'iso_639_1': 'en', 'name': 'English'}]",Released,The only thing you can't have in Logan's world is your 30th birthday. Unless you run away.,Logan's Run,False,6.6,272.0
False,"{'id': 1709, 'name': 'Planet of the Apes Original Collection', 'poster_path': '/r7TBDEcpBAuFoqdtUz7z2nSeFej.jpg', 'backdrop_path': '/eYf3GRnuVCgeFQfEo0qK7ua5rCR.jpg'}",5800000,"[{'id': 878, 'name': 'Science Fiction'}, {'id': 12, 'name': 'Adventure'}, {'id': 18, 'name': 'Drama'}, {'id': 28, 'name': 'Action'}]",http://www.foxmovies.com/movies/planet-of-the-apes,871,tt0063442,en,Planet of the Apes,"An  U.S. Spaceship lands on a desolate planet, stranding astronaut Taylor in a world dominated by apes, 2000 years into the future, who use a primitive race of humans for experimentation and sport. Soon Taylor finds himself among the hunted, his life in the hands of a benevolent chimpanzee scientist.",17.784978,/lj3k2LU4LYpQA3gfJM3uqo7HCf7.jpg,"[{'name': 'Twentieth Century Fox Film Corporation', 'id': 306}, {'name': 'APJAC Productions', 'id': 12943}]","[{'iso_3166_1': 'US', 'name': 'United States of America'}]",1968-02-07,33395426.0,112.0,"[{'iso_639_1': 'en', 'name': 'English'}]",Released,"Somewhere in the Universe, there must be something better than man!",Planet of the Apes,False,7.5,958.0
False,"{'id': 1709, 'name': 'Planet of the Apes Original Collection', 'poster_path': '/r7TBDEcpBAuFoqdtUz7z2nSeFej.jpg', 'backdrop_path': '/eYf3GRnuVCgeFQfEo0qK7ua5rCR.jpg'}",3000000,"[{'id': 12, 'name': 'Adventure'}, {'id': 878, 'name': 'Science Fiction'}, {'id': 9648, 'name': 'Mystery'}]",,1685,tt0065462,en,Beneath the Planet of the Apes,"Astronaut Brent is sent to rescue Taylor but crash lands on the Planet of the Apes, just like Taylor did in the original film. Taylor has disappeared into the Forbidden Zone so Brent and Nova try to follow and find him. He discovers a cult of humans that fear the Apes' latest military movements and finds himself in the middle. Tension mounts to a climactic battle between ape and man deep in the bowels of the planet.",12.325947,/qnJ2trS7tcHxmG4KIUMgAbIM9DG.jpg,"[{'name': 'Twentieth Century Fox Film Corporation', 'id': 306}, {'name': 'APJAC Productions', 'id': 12943}]","[{'iso_3166_1': 'US', 'name': 'United States of America'}]",1970-05-01,18999718.0,95.0,"[{'iso_639_1': 'en', 'name': 'English'}]",Released,An army of civilized apes...A fortress of radiation-crazed super humans...Earth's final battle is about to begin - Beneath the atomic rubble of what was once the city of New York!,Beneath the Planet of the Apes,False,6.2,370.0
False,"{'id': 1709, 'name': 'Planet of the Apes Original Collection', 'poster_path': '/r7TBDEcpBAuFoqdtUz7z2nSeFej.jpg', 'backdrop_path': '/eYf3GRnuVCgeFQfEo0qK7ua5rCR.jpg'}",1700000,"[{'id': 28, 'name': 'Action'}, {'id': 878, 'name': 'Science Fiction'}]",,1705,tt0069768,en,Battle for the Planet of the Apes,"The fifth and final episode in the Planet of the Apes series. After the collapse of human civilization, a community of intelligent apes led by Caesar lives in harmony with a group of humans. Gorilla General Aldo tries to cause an ape civil war and a community of human mutants who live beneath a destroyed city try to conquer those whom they perceive as enemies. All leading to the finale.",11.644764,/jCxeJhN5yGWH7veXCGNrBT93L3R.jpg,"[{'name': 'Twentieth Century Fox Film Corporation', 'id': 306}, {'name': 'Apjac International', 'id': 22542}]","[{'iso_3166_1': 'US', 'name': 'United States of America'}]",1973-06-15,8844595.0,93.0,"[{'iso_639_1': 'en', 'name': 'English'}]",Released,The final chapter in the incredible Apes saga. The most suspenseful showdown ever filmed as two civilizations battle for the right to inherit what's left of the earth!,Battle for the Planet of the Apes,False,5.5,220.0
False,"{'id': 1709, 'name': 'Planet of the Apes Original Collection', 'poster_path': '/r7TBDEcpBAuFoqdtUz7z2nSeFej.jpg', 'backdrop_path': '/eYf3GRnuVCgeFQfEo0qK7ua5rCR.jpg'}",1700000,"[{'id': 28, 'name': 'Action'}, {'id': 878, 'name': 'Science Fiction'}]",,1688,tt0068408,en,Conquest of the Planet of the Apes,"In a futuristic world that has embraced ape slavery, Caesar, the son of the late simians Cornelius and Zira, surfaces after almost twenty years of hiding out from the authorities, and prepares for a slave revolt against humanity.",12.843375,/wxanhJ9ZuZ05P4J2hkC1M1rA0dv.jpg,"[{'name': 'Twentieth Century Fox Film Corporation', 'id': 306}, {'name': 'APJAC Productions', 'id': 12943}]","[{'iso_3166_1': 'US', 'name': 'United States of America'}]",1972-06-29,9700000.0,88.0,"[{'iso_639_1': 'en', 'name': 'English'}]",Released,All new! The revolt of the apes. The most awesome spectacle in the annals of science fiction!,Conquest of the Planet of the Apes,False,6.1,243.0
False,"{'id': 1709, 'name': 'Planet of the Apes Original Collection', 'poster_path': '/r7TBDEcpBAuFoqdtUz7z2nSeFej.jpg', 'backdrop_path': '/eYf3GRnuVCgeFQfEo0qK7ua5rCR.jpg'}",2500000,"[{'id': 28, 'name': 'Action'}, {'id': 878, 'name': 'Science Fiction'}]",,1687,tt0067065,en,Escape from the Planet of the Apes,"The world is shocked by the appearance of two talking chimpanzees, who arrived mysteriously in a U.S. spacecraft. They become the toast of society; but one man believes them to be a threat to the human race.",12.120267,/yOnN43HdxvV5h5U4qsGIfeUL0Zv.jpg,"[{'name': 'Twentieth Century Fox Film Corporation', 'id': 306}, {'name': 'APJAC Productions', 'id': 12943}]","[{'iso_3166_1': 'US', 'name': 'United States of America'}]",1971-05-20,12348905.0,98.0,"[{'iso_639_1': 'en', 'name': 'English'}]",Released,Meet baby Milo who has Washington terrified.,Escape from the Planet of the Apes,False,6.3,270.0
False,,6500000,"[{'id': 28, 'name': 'Action'}, {'id': 12, 'name': 'Adventure'}, {'id': 18, 'name': 'Drama'}]",,166680,tt0077189,en,Avalanche,The vacationers at a winter wonderland struggle to survive after an avalanche of snow crashes into their ski resort. Their holiday then turns into a game of survival.,1.192297,/dnTXKBwUyyeDYGXz5PccaO4zYuL.jpg,"[{'name': 'New World Pictures', 'id': 1950}]","[{'iso_3166_1': 'US', 'name': 'United States of America'}]",1978-09-29,0.0,94.0,"[{'iso_639_1': 'en', 'name': 'English'}]",Released,Six million tons of icy terror!,Avalanche,False,3.2,10.0
False,,7000000,"[{'id': 28, 'name': 'Action'}, {'id': 18, 'name': 'Drama'}, {'id': 53, 'name': 'Thriller'}]",,11123,tt0071455,en,Earthquake,"Earthquake is a 1974 American disaster film that achieved huge box-office success, continuing the disaster film genre of the 1970s where recognizable all-star casts attempt to survive life or death situations. The plot concerns the struggle for survival after a catastrophic earthquake destroys most of the city of Los Angeles, California.",6.657792,/dlMwsiC1jtJ2hRmIJOZCDjr2xRy.jpg,"[{'name': 'Universal Pictures', 'id': 33}, {'name': 'The Filmakers Group', 'id': 12277}]","[{'iso_3166_1': 'US', 'name': 'United States of America'}]",1974-11-15,79666653.0,123.0,"[{'iso_639_1': 'en', 'name': 'English'}]",Released,When the big one finally hits L.A.,Earthquake,False,5.6,76.0
False,"{'id': 33938, 'name': 'Airport Collection', 'poster_path': '/yDnEIOmCgPZJ55d8WeRjlgqgi78.jpg', 'backdrop_path': '/aahejNK1UOMWT2FNGOjgQDvczE.jpg'}",14000000,"[{'id': 28, 'name': 'Action'}, {'id': 18, 'name': 'Drama'}, {'id': 53, 'name': 'Thriller'}]",,29723,tt0078740,en,The Concorde... Airport '79,"The last of the 'Airport' series again stars George Kennedy as aviation disaster-prone Joe Patroni, this time having to contend with nuclear missiles, the French Air Force and the threat of the plane splitting in two over the Alps!",3.514331,/30xbGwjqVsIkIFc1N7ss55RKDZB.jpg,"[{'name': 'Universal Pictures', 'id': 33}]","[{'iso_3166_1': 'US', 'name': 'United States of America'}]",1979-08-17,13015688.0,123.0,"[{'iso_639_1': 'en', 'name': 'English'}, {'iso_639_1': 'fr', 'name': 'Français'}, {'iso_639_1': 'es', 'name': 'Español'}]",Released,"At twice the speed of sound, can the Concorde evade attack?",The Concorde... Airport '79,False,4.7,45.0
False,"{'id': 372257, 'name': 'The Poseidon Adventure Collection', 'poster_path': None, 'backdrop_path': None}",0,"[{'id': 28, 'name': 'Action'}, {'id': 12, 'name': 'Adventure'}, {'id': 18, 'name': 'Drama'}]",,31638,tt0078856,en,Beyond the Poseidon Adventure,"After ""The Poseidon Adventure"", in which the ship got flipped over by a tidal wave, the ship drifts bottom-up in the sea. While the passengers are still on board waiting to be rescued, two rivaling salvage parties enter the ship on search for money, gold and a small amount of plutonium.",3.276763,/tzqtaIk0OuO47eUV2d6xO8kGmm8.jpg,"[{'name': 'Warner Bros.', 'id': 6194}]","[{'iso_3166_1': 'US', 'name': 'United States of America'}]",1979-05-18,0.0,114.0,"[{'iso_639_1': 'en', 'name': 'English'}]",Released,"Before her fate is sealed by the deep, the superliner Poseidon will reveal one last secret.",Beyond the Poseidon Adventure,False,5.3,28.0
False,,0,"[{'id': 99, 'name': 'Documentary'}]",,113286,tt0175550,en,The Dancemaker,"A look at Paul Taylor and his dance company over several months in 1997. Preparation of Taylor's piece, ""Piazzolla Caldera,"" from conception and rehearsals to opening night at City Center, frames the film. The troupe's trip to India falls in the middle. Included are black and white footage of rehearsals, and, in color, interviews with Taylor, his dancers, dance critics and scholars, and those who manage the business side. There is also footage of a younger Taylor dancing and film of the troupe performing a dozen Taylor pieces. His genius, his roots, his method of working with dancers, and his sometimes difficult nature draw the attention of those who comment.",0.042361,/8umbAqOMHZJrXwEwwnLVa2ya2Is.jpg,[],[],1998-12-01,0.0,98.0,[],Released,,The Dancemaker,False,7.0,1.0
False,"{'id': 110127, 'name': 'Analyze Collection', 'poster_path': '/cujx4R1DmJdjIdiCWtQULIvCyix.jpg', 'backdrop_path': '/bNcKGfgqck8SQALVlZcMRcjOwBE.jpg'}",80000000,"[{'id': 35, 'name': 'Comedy'}, {'id': 80, 'name': 'Crime'}]",,9535,tt0122933,en,Analyze This,"Countless wiseguy films are spoofed in this film that centers on the neuroses and angst of a powerful Mafia racketeer who suffers from panic attacks. When Paul Vitti needs help dealing with his role in the ""family,"" unlucky shrink Dr. Ben Sobel is given just days to resolve Vitti's emotional crisis and turn him into a happy, well-adjusted gangster.",7.634017,/eqa4TEgkx63WRhqyD8eTwmL7bUi.jpg,"[{'name': 'Spring Creek Productions', 'id': 705}, {'name': 'Warner Bros.', 'id': 6194}, {'name': 'Tribeca Productions', 'id': 11391}, {'name': 'Baltimore Pictures', 'id': 11407}]","[{'iso_3166_1': 'AU', 'name': 'Australia'}, {'iso_3166_1': 'US', 'name': 'United States of America'}]",1999-03-05,176885658.0,103.0,"[{'iso_639_1': 'en', 'name': 'English'}]",Released,New York's most powerful gangster is about to get in touch with his feelings. YOU try telling him his 50 minutes are up.,Analyze This,False,6.4,512.0
False,,25000000,"[{'id': 28, 'name': 'Action'}, {'id': 80, 'name': 'Crime'}, {'id': 9648, 'name': 'Mystery'}, {'id': 53, 'name': 'Thriller'}]",,9455,tt0142192,en,The Corruptor,"Danny is a young cop partnered with Nick, a seasoned but ethically tainted veteran. As the two try to stop a gang war in Chinatown, Danny relies on Nick but grows increasingly uncomfortable with the way Nick gets things done.",9.208831,/lVUA7xehGn4j0lYHDqOJtJVbWhT.jpg,"[{'name': 'New Line Cinema', 'id': 12}, {'name': 'Illusion Entertainment Group', 'id': 3480}]","[{'iso_3166_1': 'US', 'name': 'United States of America'}]",1999-03-12,15156200.0,110.0,"[{'iso_639_1': 'cn', 'name': '广州话 / 廣州話'}, {'iso_639_1': 'en', 'name': 'English'}, {'iso_639_1': 'zh', 'name': '普通话'}]",Released,You can't play by the rules if there aren't any.,The Corruptor,False,6.1,60.0
False,"{'id': 52789, 'name': 'Cruel Intentions Collection', 'poster_path': '/smlX0WCj2aXFoh4fEUuP1HmDgka.jpg', 'backdrop_path': '/10KZhETCbOGoffxglHDRyStgdc8.jpg'}",10500000,"[{'id': 18, 'name': 'Drama'}, {'id': 10749, 'name': 'Romance'}, {'id': 53, 'name': 'Thriller'}]",,796,tt0139134,en,Cruel Intentions,"Slaking a thirst for dangerous games, Kathryn challenges her stepbrother, Sebastian, to deflower their headmaster's daughter before the summer ends. If he succeeds, the prize is the chance to bed Kathryn. But if he loses, Kathryn will claim his most prized possession.",8.181065,/6RQu0J2u7viDa34Nn98sKaHv5jD.jpg,"[{'name': 'Columbia Pictures', 'id': 5}, {'name': 'Cruel Productions', 'id': 505}, {'name': 'Newmarket Capital Group', 'id': 506}]","[{'iso_3166_1': 'US', 'name': 'United States of America'}]",1999-03-05,75902208.0,97.0,"[{'iso_639_1': 'vi', 'name': 'Tiếng Việt'}, {'iso_639_1': 'en', 'name': 'English'}, {'iso_639_1': 'fr', 'name': 'Français'}]",Released,"In the game of seduction, There is only one rule: Never fall in love.",Cruel Intentions,False,6.6,848.0
False,,1350000,"[{'id': 35, 'name': 'Comedy'}, {'id': 80, 'name': 'Crime'}]",http://www.universalstudiosentertainment.com/lock-stock-and-two-smoking-barrels/,100,tt0120735,en,"Lock, Stock and Two Smoking Barrels",A card sharp and his unwillingly-enlisted friends need to make a lot of cash quick after losing a sketchy poker match. To do this they decide to pull a heist on a small-time gang who happen to be operating out of the flat next door.,4.60786,/qV7QaSf7f7yC2lc985zfyOJIAIN.jpg,"[{'name': 'Handmade Films Ltd.', 'id': 146}, {'name': 'Summit Entertainment', 'id': 491}, {'name': 'PolyGram Filmed Entertainment', 'id': 1382}, {'name': 'SKA Films', 'id': 13419}, {'name': 'The Steve Tisch Company', 'id': 21920}]","[{'iso_3166_1': 'GB', 'name': 'United Kingdom'}]",1998-03-05,3897569.0,105.0,"[{'iso_639_1': 'en', 'name': 'English'}]",Released,A Disgrace to Criminals Everywhere.,"Lock, Stock and Two Smoking Barrels",False,7.5,1671.0
False,,0,"[{'id': 35, 'name': 'Comedy'}]",,47501,tt0127288,en,Six Ways to Sunday,"Norman Reedus stars as Harry Odum, a henpecked, 18-year-old momma's boy in Youngstown, Ohio, who -- with his violent temper -- impresses a local boss of the Jewish Mafia. Soon he's found his calling as a hit man alongside his crack addict partner Arnie Finklestein (Adrien Brody), and he discovers that his rage and complicated psychosis fuel his murderous abilities. Harry also falls for the organization's limping, Hungarian-born maid Iris (Elina Lowensohn), a romance complicated by Harry's Oedipal, sexual relationship with his domineering mother Kate (Deborah Harry).",5.204937,/kjzgBO1WzbfUdzKe2NwQ4gCFyyM.jpg,"[{'name': 'Scout Productions', 'id': 2065}, {'name': 'Prosperity Electric', 'id': 65449}]","[{'iso_3166_1': 'US', 'name': 'United States of America'}]",1997-09-01,0.0,97.0,"[{'iso_639_1': 'en', 'name': 'English'}]",Released,,Six Ways to Sunday,False,6.1,6.0
False,,0,"[{'id': 10749, 'name': 'Romance'}, {'id': 18, 'name': 'Drama'}, {'id': 9648, 'name': 'Mystery'}]",,77936,tt0157208,fr,L'école de la chair,"In Paris, Dominique, a middle-aged fashion professional, solicits the services of the handsome Quentin , a bisexual bartender and prostitute who is 15 years her junior. After they first sleep together, their business transaction becomes transformed into a passionate love affair. However, the couple's romance becomes an ugly power struggle when social class and age distinctions begin to bubble toward the surface.",1.085907,/o8ZxuZLMR5fLOk6dZUWgoJ14AOd.jpg,"[{'name': 'Artémis Productions', 'id': 11773}, {'name': 'La Sept Cinéma', 'id': 16366}, {'name': 'Orsans Productions', 'id': 44821}, {'name': 'Bel Age Distribution', 'id': 44822}]","[{'iso_3166_1': 'BE', 'name': 'Belgium'}, {'iso_3166_1': 'FR', 'name': 'France'}, {'iso_3166_1': 'LU', 'name': 'Luxembourg'}]",1998-11-18,0.0,110.0,"[{'iso_639_1': 'fr', 'name': 'Français'}]",Released,"Lessons in love, sex and betrayal.",The School of Flesh,False,5.7,7.0
False,,0,"[{'id': 35, 'name': 'Comedy'}]",,84586,tt0159696,en,Relax... It's Just Sex,"A mixed group of individuals - lesbian, gays, and heterosexuals who all frequent a local bar struggle to accept each others lifestyles. However when the two gays are attacked and fight back and ultimately rape one of their attackers, the group becomes strongly divided on their actions.",0.407322,/ee89DQPUYbOE2ZNMRzVFuIk6yoj.jpg,"[{'name': 'TLA Releasing', 'id': 328}]",[],1998-06-26,0.0,110.0,[],Released,,Relax... It's Just Sex,False,3.7,3.0
False,,38000000,"[{'id': 18, 'name': 'Drama'}, {'id': 9648, 'name': 'Mystery'}]",,30943,tt0120646,en,The Deep End of the Ocean,"Michelle Pfeiffer is ferocious in the role of a desperate mother whose 3-year-old son disappears during her high school reunion. Nine years later, by chance, he turns up in the town in which the family has just relocated. Based on Jacquelyn Mitchard's best-selling novel (an Oprah book club selection), the movie effectively presents the troubling dynamics that exist between family members who've suffered such an unsettling loss.",5.78468,/iUBMUUqBMPRQ7fCOtCsmBaFBPCB.jpg,"[{'name': 'Columbia Pictures Corporation', 'id': 441}, {'name': 'Mandalay Entertainment', 'id': 1236}]","[{'iso_3166_1': 'US', 'name': 'United States of America'}]",1999-03-12,28121100.0,106.0,"[{'iso_639_1': 'en', 'name': 'English'}]",Released,The search for her son was over. The search for her family was just beginning.,The Deep End of the Ocean,False,6.0,58.0
False,,0,"[{'id': 18, 'name': 'Drama'}]",,107946,tt0125778,en,Harvest,"A DEA agent and a local sheriff have to wrestle with their consciences as they start raids on local farmers, who have started growing marijuana simply to keep their farms operational. Story focuses on a young man, who accidentally discovers that his straight-laced parents are involved in the marijuana cultivation.",0.00118,/lyNbqutrWk3P2mw2IDakgZoxOlW.jpg,[],[],1999-01-09,0.0,96.0,"[{'iso_639_1': 'en', 'name': 'English'}]",Released,,Harvest,False,0.0,0.0
False,"{'id': 257053, 'name': 'Carrie Collection', 'poster_path': '/5atZnoMxfDtEJbc1XpdYJLRLsRT.jpg', 'backdrop_path': '/dq9R9yertBFLssefa5d43XApBr9.jpg'}",21000000,"[{'id': 27, 'name': 'Horror'}, {'id': 53, 'name': 'Thriller'}, {'id': 878, 'name': 'Science Fiction'}]",,7341,tt0144814,en,The Rage: Carrie 2,"After the suicide of her only friend, Rachel has never felt more on the outside. The one person who reached out to her, Jessie, also happens to be part of the popular crowd that lives to torment outsiders like her. But Rachel has something else that separates her from the rest, a secret amazing ability to move things with her mind. Sue Snell, the only survivor of Carrie White's rampage twenty-two years ago, may hold the key to helping Rachel come to terms with her awesome, but unwanted power. But as Rachel slowly learns to trust, a terrible trap is being laid for her. And making her angry could prove to be fatal.",4.766591,/hW82RCgBkup7nWjd4foZNevLSmu.jpg,"[{'name': 'United Artists', 'id': 60}, {'name': 'Red Bank Films', 'id': 2229}]","[{'iso_3166_1': 'US', 'name': 'United States of America'}]",1999-03-11,17762705.0,104.0,"[{'iso_639_1': 'en', 'name': 'English'}]",Released,Looks Can Kill,The Rage: Carrie 2,False,5.1,79.0
False,,30000000,"[{'id': 28, 'name': 'Action'}, {'id': 878, 'name': 'Science Fiction'}]",,10350,tt0131646,en,Wing Commander,"The Hollywood version of the popular video game series ""Wing Commander"". Unlike other video games to feature film transitions, series creator Chris Roberts was heavily involved in the film's creation. This is the story of Christopher Blair and Todd ""Maniac"" Marshall as they arrive at the Tiger Claw and are soon forced to stop a Kilrathi fleet heading towards Earth.",5.924059,/pdNhh937iErsAzR6h7pt2mQmclO.jpg,"[{'name': 'Carousel Picture Company, The', 'id': 19944}, {'name': 'No Prisoners Productions', 'id': 24039}, {'name': 'Origin Systems Inc.', 'id': 24041}, {'name': 'American Entertainment Investors', 'id': 80469}, {'name': 'Wing Commander Productions', 'id': 89308}, {'name': 'Digital Anvil', 'id': 89309}]","[{'iso_3166_1': 'LU', 'name': 'Luxembourg'}, {'iso_3166_1': 'US', 'name': 'United States of America'}]",1999-03-11,0.0,100.0,"[{'iso_639_1': 'en', 'name': 'English'}]",Released,An action packed thrill ride!,Wing Commander,False,4.0,75.0
False,,0,"[{'id': 9648, 'name': 'Mystery'}, {'id': 27, 'name': 'Horror'}, {'id': 53, 'name': 'Thriller'}]",,11772,tt0057129,en,The Haunting,"Dr. Markway, doing research to prove the existence of ghosts, investigates Hill House, a large, eerie mansion with a lurid history of violent death and insanity.",10.461285,/gWXqJJTNwRCkuj9HEIsI9douVPf.jpg,"[{'name': 'Argyle Enterprises', 'id': 6305}, {'name': 'Metro-Goldwyn-Mayer (MGM)', 'id': 8411}]","[{'iso_3166_1': 'GB', 'name': 'United Kingdom'}, {'iso_3166_1': 'US', 'name': 'United States of America'}]",1963-09-18,0.0,112.0,"[{'iso_639_1': 'en', 'name': 'English'}]",Released,You may not believe in ghosts but you cannot deny terror,The Haunting,False,7.2,153.0
False,,13000000,"[{'id': 18, 'name': 'Drama'}, {'id': 27, 'name': 'Horror'}, {'id': 53, 'name': 'Thriller'}]",,9540,tt0094964,en,Dead Ringers,"Elliot, a successful gynecologist, works at the same practice as his identical twin, Beverly. Elliot is attracted to many of his patients and has affairs with them. When he inevitably loses interest, he will give the woman over to Beverly, the meeker of the two, without the woman knowing the difference. Beverly falls hard for one of the patients, Claire, but when she inadvertently deceives him, he slips into a state of madness.",5.53202,/9ZGBwiWIvN9KmHaLeSS5it44G21.jpg,"[{'name': 'Téléfilm Canada', 'id': 806}, {'name': 'Morgan Creek Productions', 'id': 10210}, {'name': 'Mantle Clinic II', 'id': 47396}]","[{'iso_3166_1': 'CA', 'name': 'Canada'}, {'iso_3166_1': 'US', 'name': 'United States of America'}]",1988-09-23,8038508.0,115.0,"[{'iso_639_1': 'en', 'name': 'English'}]",Released,Two bodies. Two minds. One soul.,Dead Ringers,False,7.0,176.0
False,,0,"[{'id': 35, 'name': 'Comedy'}, {'id': 10749, 'name': 'Romance'}]",,31503,tt0107626,en,My Boyfriend's Back,"Missy McCloud is the most beautiful girl in school and Johnny Dingle has been in love with her for years. One night, Johnny is killed trying to win her over, and soon he comes back from the dead, and wins Missy's heart.",2.183504,/me2PB6nN4ICUFOGWEnhZH8iuF9y.jpg,"[{'name': 'Touchstone Pictures', 'id': 9195}]","[{'iso_3166_1': 'US', 'name': 'United States of America'}]",1993-08-06,3335984.0,85.0,"[{'iso_639_1': 'en', 'name': 'English'}]",Released,A comedy that proves true love never dies.,My Boyfriend's Back,False,5.4,22.0
False,,200000,"[{'id': 27, 'name': 'Horror'}, {'id': 878, 'name': 'Science Fiction'}]",,11773,tt0054443,en,Village of the Damned,"In a small English village everyone suddenly falls unconscious. When they awake every woman of child bearing age is pregnant. The resulting children have the same strange blond hair, eyes and a strong connection to each other.",6.39955,/aDrN9hVBFUQ7jpZvupfDeCHVcar.jpg,"[{'name': 'Metro-Goldwyn-Mayer (MGM)', 'id': 8411}]","[{'iso_3166_1': 'GB', 'name': 'United Kingdom'}]",1960-11-05,0.0,77.0,"[{'iso_639_1': 'en', 'name': 'English'}]",Released,What Demonic Force Lurks Behind Those Eyes?,Village of the Damned,False,7.1,92.0
False,,0,"[{'id': 878, 'name': 'Science Fiction'}, {'id': 53, 'name': 'Thriller'}]",,30202,tt0056931,en,Children of the Damned,"Six children are found spread through out the world that not only have enormous intelligence, but identical intelligence and have a strange bond to each other.",2.416299,/fjIiCQJRIpJTGUW4A8jSPqIIkH1.jpg,"[{'name': 'Metro-Goldwyn-Mayer (MGM)', 'id': 8411}, {'name': 'Lawrence P. Bachmann Productions', 'id': 23843}]","[{'iso_3166_1': 'GB', 'name': 'United Kingdom'}]",1964-01-29,0.0,90.0,"[{'iso_639_1': 'en', 'name': 'English'}, {'iso_639_1': 'ru', 'name': 'Pусский'}]",Released,Beware the eyes that paralyze!!!,Children of the Damned,False,5.9,24.0
False,,12000000,"[{'id': 878, 'name': 'Science Fiction'}, {'id': 35, 'name': 'Comedy'}, {'id': 10751, 'name': 'Family'}]",,22345,tt0118665,en,Baby Geniuses,"Scientist hold talking, super-intelligent babies captive, but things take a turn for the worse when a mix-up occurs between a baby genius and its twin.",7.707344,/jQfj2mST2uRbRbYG8qKcdqb6JCM.jpg,"[{'name': 'TriStar Pictures', 'id': 559}, {'name': 'Crystal Sky Worldwide', 'id': 4077}, {'name': 'Triumph', 'id': 4078}]","[{'iso_3166_1': 'US', 'name': 'United States of America'}]",1999-03-12,36450736.0,97.0,"[{'iso_639_1': 'en', 'name': 'English'}, {'iso_639_1': 'es', 'name': 'Español'}]",Released,Think innocent. Think helpless. Think again. Naps are history.,Baby Geniuses,False,3.3,75.0
False,,0,"[{'id': 18, 'name': 'Drama'}, {'id': 35, 'name': 'Comedy'}, {'id': 10749, 'name': 'Romance'}]",,53685,tt0120859,en,Telling You,Two college graduates who find themselves stuck behind the counter of a pizza parlor while their friends move on struggle to find a new direction for their lives.,0.376634,/t4SLO38ADgWTDlRy3fFTFM6OQF5.jpg,[],[],1998-08-07,0.0,94.0,"[{'iso_639_1': 'en', 'name': 'English'}]",Released,Have a Silce of Life,Telling You,False,1.5,2.0
False,,0,"[{'id': 18, 'name': 'Drama'}, {'id': 53, 'name': 'Thriller'}]",,1567,tt0157016,fr,Seul contre tous,The Butcher (known from Noe's short film Carne) has done some time in jail after beating up the guy who tried to seduce his teenage mentally-handicapped daughter. Now he wants to start a new life. He leaves his daughter in an institution and moves to Lille suburbs with his mistress. She promised him a new butcher shop. She lied. The butcher decides to go back to Paris and find his daughter.,6.138782,/6VsYFr7gsNfGMyiji4tyObEvxzD.jpg,"[{'name': 'Canal Plus', 'id': 104}, {'name': 'Les Cinémas de la Zone', 'id': 1157}, {'name': 'Love Streams Productions', 'id': 1158}]","[{'iso_3166_1': 'FR', 'name': 'France'}]",1998-05-16,0.0,93.0,"[{'iso_639_1': 'fr', 'name': 'Français'}]",Released,In the bowels of France,I Stand Alone,False,7.5,99.0
False,,75000000,"[{'id': 10749, 'name': 'Romance'}, {'id': 35, 'name': 'Comedy'}]",,1641,tt0141098,en,Forces of Nature,"Ben Holmes, a professional book-jacket blurbologist, is trying to get to Savannah for his wedding. He just barely catches the last plane, but a seagull flies into the engine as the plane is taking off. All later flights are cancelled because of an approaching hurricane, so he is forced to hitch a ride in a Geo Metro with an attractive but eccentric woman named Sara.",7.906035,/g1w3I72XTZ604Luhv8MEpTLLoU7.jpg,"[{'name': 'DreamWorks SKG', 'id': 27}, {'name': 'Roth-Arnold Productions', 'id': 1560}]","[{'iso_3166_1': 'US', 'name': 'United States of America'}]",1999-03-12,93888180.0,105.0,"[{'iso_639_1': 'en', 'name': 'English'}]",Released,"He went from the eye of the storm, into the arms of a hurricane.",Forces of Nature,False,5.1,141.0
False,,25000000,"[{'id': 16, 'name': 'Animation'}, {'id': 18, 'name': 'Drama'}, {'id': 10751, 'name': 'Family'}]",,47288,tt0160429,en,The King and I,Animated version of the Rodgers and Hammerstein musical about when the King of Siam meets a head strong English school mistress.,1.466461,/zUMBSExtVELo0zLuDoYKhTsYsag.jpg,"[{'name': 'Rankin/Bass Productions', 'id': 688}, {'name': 'NEST Family Entertainment', 'id': 4107}, {'name': 'Rich Animation Studios', 'id': 4108}, {'name': 'Warner Bros.', 'id': 6194}, {'name': 'Morgan Creek Productions', 'id': 10210}]","[{'iso_3166_1': 'US', 'name': 'United States of America'}]",1999-03-19,12000000.0,87.0,"[{'iso_639_1': 'en', 'name': 'English'}]",Released,The All New Animated Family Spectacular Adapted From The Musical By Rodgers And Hammerstein,The King and I,False,5.0,23.0
False,,12000000,"[{'id': 35, 'name': 'Comedy'}, {'id': 27, 'name': 'Horror'}, {'id': 53, 'name': 'Thriller'}, {'id': 37, 'name': 'Western'}]",,10212,tt0129332,en,Ravenous,"Upon receiving reports of missing persons at Fort Spencer, a remote Army outpost on the Western frontier, Capt. John Boyd investigates. After arriving at his new post, Boyd and his regiment aid a wounded frontiersman who recounts a horrifying tale of a wagon train murdered by its supposed guide -- a vicious U.S. Army colonel gone rogue. Fearing the worst, the regiment heads out into the wilderness to verify the gruesome claims",5.486645,/spwvStEA4CraTXPOcONrDzncXOZ.jpg,"[{'name': 'Twentieth Century Fox Film Corporation', 'id': 306}, {'name': 'Fox 2000 Pictures', 'id': 711}, {'name': 'ETIC Films', 'id': 2979}, {'name': 'Heyday Films', 'id': 7364}, {'name': 'Engulf & Devour Productions Inc.', 'id': 25820}]","[{'iso_3166_1': 'CZ', 'name': 'Czech Republic'}, {'iso_3166_1': 'GB', 'name': 'United Kingdom'}, {'iso_3166_1': 'US', 'name': 'United States of America'}]",1999-03-16,0.0,100.0,"[{'iso_639_1': 'en', 'name': 'English'}, {'iso_639_1': 'it', 'name': 'Italiano'}, {'iso_639_1': 'es', 'name': 'Español'}]",Released,You Are Who You Eat,Ravenous,False,6.8,144.0
False,,0,"[{'id': 80, 'name': 'Crime'}, {'id': 18, 'name': 'Drama'}]",,10354,tt0139668,en,True Crime,"Boozer, skirt chaser, careless father. You could create your own list of reporter Steve Everett's faults but there's no time. A San Quentin Death Row prisoner is slated to die at midnight – a man Everett has suddenly realized is innocent.",11.600645,/xo48IGurAJOJfG29Vp32JglZGPk.jpg,"[{'name': 'The Zanuck Company', 'id': 80}, {'name': 'Malpaso Productions', 'id': 171}, {'name': 'Warner Bros.', 'id': 6194}]","[{'iso_3166_1': 'US', 'name': 'United States of America'}]",1999-03-19,0.0,127.0,"[{'iso_639_1': 'en', 'name': 'English'}]",Released,,True Crime,False,6.3,146.0
False,,0,"[{'id': 28, 'name': 'Action'}, {'id': 18, 'name': 'Drama'}, {'id': 10769, 'name': 'Foreign'}]",,11526,tt0118682,de,Bandits,Four female cons who have formed a band in prison get a chance to play at a police ball outside the walls. They take the chance to escape. Being on the run from the law they even make it to sell their music and become famous outlaws.,0.531412,/yWNaWKcF3wPWXloyrp88FSNptxW.jpg,"[{'name': 'Euro Video', 'id': 41917}]","[{'iso_3166_1': 'FR', 'name': 'France'}, {'iso_3166_1': 'DE', 'name': 'Germany'}]",1997-07-02,0.0,110.0,"[{'iso_639_1': 'de', 'name': 'Deutsch'}]",Released,They Always Wanted to be Famous... They Never Knew They'd be Wanted!,Bandits,False,5.4,10.0
False,,0,"[{'id': 18, 'name': 'Drama'}, {'id': 10749, 'name': 'Romance'}]",,8583,tt0118892,en,Dangerous Beauty,"Veronica is brilliant, gifted and beautiful, but the handsome aristocrat she loves, Marco Venier, cannot marry her because she is penniless and of questionable family. So Veronica's mother, Paola, teaches her to become a courtesan, one of the exotic companions favored by the richest and most powerful Venetian men. Veronica courageously uses her charms to change destiny -- and to give herself a chance at true love.",4.79927,/vSGDmTsjaD2yZrS73nUJ4ikPqjQ.jpg,"[{'name': 'Bedford Falls Productions', 'id': 348}, {'name': 'Regency Enterprises', 'id': 508}, {'name': 'Warner Bros.', 'id': 6194}, {'name': 'Arnon Milchan Productions', 'id': 25087}]","[{'iso_3166_1': 'US', 'name': 'United States of America'}]",1998-02-20,0.0,111.0,"[{'iso_639_1': 'en', 'name': 'English'}]",Released,Born without privilege. Bound by tradition. She found the courage to follow her heart.,Dangerous Beauty,False,6.9,59.0
False,,0,"[{'id': 18, 'name': 'Drama'}]",,123728,tt0116192,en,The Empty Mirror,"Adolf Hitler faces himself and must come to terms with his infamous career in an imaginary post-war subterranean bunker where he reviews historical films, dictates his memoirs and encounters Eva Braun, Josef Goebbels, Hermann Göring and Sigmund Freud.",0.041825,/AuZeZsLUO5AaeByvhse3CH4qG7V.jpg,[],[],1996-04-09,0.0,118.0,[],Released,,The Empty Mirror,False,6.0,1.0
False,,4550000,"[{'id': 18, 'name': 'Drama'}, {'id': 10402, 'name': 'Music'}, {'id': 10749, 'name': 'Romance'}]",,16520,tt0049408,en,The King and I,"Mrs. Anna Leonowens and her son Louis arrive in Bangkok, where she has contracted to teach English to the children of the royal household. She threatens to leave when the house she had been promised is not available, but falls in love with the children.",7.630723,/jyAMSLdJymJ9xObCfZFXZFGFz8m.jpg,"[{'name': 'Twentieth Century Fox Film Corporation', 'id': 306}]","[{'iso_3166_1': 'US', 'name': 'United States of America'}]",1956-06-29,21300000.0,133.0,"[{'iso_639_1': 'en', 'name': 'English'}, {'iso_639_1': 'it', 'name': 'Italiano'}, {'iso_639_1': 'th', 'name': 'ภาษาไทย'}]",Released,More than your eyes have ever seen... More than your heart has ever known!,The King and I,False,7.3,103.0
False,,0,"[{'id': 16, 'name': 'Animation'}, {'id': 10751, 'name': 'Family'}, {'id': 35, 'name': 'Comedy'}]",,16508,tt0187819,en,Doug's 1st Movie,Doug and his pal Skeeter set's out to find the monster of Lucky Duck Lake. Though things get really out of hand when some one blurts out that the monster is real.,2.924948,/lfRCuIMTueGfGot654yc9PlVhrL.jpg,"[{'name': 'Walt Disney Pictures', 'id': 2}]","[{'iso_3166_1': 'US', 'name': 'United States of America'}]",1999-03-26,0.0,77.0,"[{'iso_639_1': 'en', 'name': 'English'}]",Released,You'll Dig Doug!,Doug's 1st Movie,False,5.4,22.0
False,,80000000,"[{'id': 35, 'name': 'Comedy'}]",,11374,tt0131369,en,Edtv,Video store clerk Ed agrees to have his life filmed by a camera crew for a tv network.,7.48939,/sF3YBtYn6yAHMPDbiC58WArIWMl.jpg,"[{'name': 'Imagine Entertainment', 'id': 23}, {'name': 'Universal Pictures', 'id': 33}]","[{'iso_3166_1': 'US', 'name': 'United States of America'}]",1999-03-26,0.0,122.0,"[{'iso_639_1': 'en', 'name': 'English'}]",Released,Fame. Be careful. It's out there.,Edtv,False,5.7,168.0
False,,50000000,"[{'id': 28, 'name': 'Action'}, {'id': 9648, 'name': 'Mystery'}, {'id': 53, 'name': 'Thriller'}]",,16379,tt0120757,en,The Mod Squad,"Three minor delinquints (Danes, Ribisi, and Epps) are recruited by a cop (Farina) working undercover to bust a cop/drug ring. When the officer who recruited them is killed, they go above and beyond the call of duty to solve the murder; and bust the drug ring. Suffering the jibes, and ridicule of fellow officers; they struggle to save their names, and that of their deceased benefactor.",3.826503,/7c20VEblNKkDiBuA6bE6kbeHqHa.jpg,"[{'name': 'Metro-Goldwyn-Mayer (MGM)', 'id': 8411}]","[{'iso_3166_1': 'US', 'name': 'United States of America'}]",1999-03-26,13260050.0,92.0,"[{'iso_639_1': 'en', 'name': 'English'}]",Released,First they broke the law. Now they are the law.,The Mod Squad,False,4.1,37.0
False,,0,"[{'id': 35, 'name': 'Comedy'}, {'id': 10749, 'name': 'Romance'}]",,125123,tt0122906,en,Among Giants,"A manager hires Ray, off the books, to paint all the power towers in a 15-mile stretch of high-tension wires outside Sheffield. Ray's crew of men are friends, especially Ray with Steve, a young Romeo. Into the mix comes Gerry, an Australian with a spirit of adventure and mountain climbing skills. She wants a job, and against the others' advice, who don't want a woman on the job, Ray hires her. Then she and Ray fall in love. He asks her to marry him, gives her a ring. Steve's jealous; Ray's ex-wife complains that he spends on Gerry, not his own kids, and she predicts that Gerry won't stay around. Plus, there's pressure to finish the job fast. Economics, romance, and wanderlust spark the end.",0.381749,/ugTs1SDHUAsBuCpdrCDKTC2kHeK.jpg,"[{'name': 'Arts Council of England', 'id': 718}, {'name': 'British Broadcasting Corporation (BBC)', 'id': 3324}, {'name': 'British Screen Productions', 'id': 20777}]","[{'iso_3166_1': 'GB', 'name': 'United Kingdom'}]",1998-06-24,0.0,93.0,"[{'iso_639_1': 'en', 'name': 'English'}]",Released,"a love story from the writer of ""The Full Monty"".",Among Giants,False,4.5,2.0
False,,14000000,"[{'id': 18, 'name': 'Drama'}, {'id': 10749, 'name': 'Romance'}]",,28029,tt0120613,en,A Walk on the Moon,The world of a young housewife is turned upside down when she has an affair with a free-spirited blouse salesman.,7.703645,/prNgf4ZHzkAp8Rl8KsaKMHOfDOs.jpg,"[{'name': 'Miramax Films', 'id': 14}, {'name': 'Village Roadshow Pictures', 'id': 79}, {'name': 'Groucho II Film Partnership', 'id': 372}, {'name': 'Punch 21 Productions', 'id': 13158}]","[{'iso_3166_1': 'AU', 'name': 'Australia'}, {'iso_3166_1': 'US', 'name': 'United States of America'}]",1999-01-29,0.0,107.0,"[{'iso_639_1': 'en', 'name': 'English'}]",Released,It was the summer of Woodstock... when she became the woman she always wanted to be.,A Walk on the Moon,False,6.2,21.0
False,"{'id': 2344, 'name': 'The Matrix Collection', 'poster_path': '/lh4aGpd3U9rm9B8Oqr6CUgQLtZL.jpg', 'backdrop_path': '/RhUxjzNojIJsdZSYTn0CQvdKsn.jpg'}",63000000,"[{'id': 28, 'name': 'Action'}, {'id': 878, 'name': 'Science Fiction'}]",http://www.warnerbros.com/matrix,603,tt0133093,en,The Matrix,"Set in the 22nd century, The Matrix tells the story of a computer hacker who joins a group of underground insurgents fighting the vast and powerful computers who now rule the earth.",33.366332,/hEpWvX6Bp79eLxY1kX5ZZJcme5U.jpg,"[{'name': 'Village Roadshow Pictures', 'id': 79}, {'name': 'Groucho II Film Partnership', 'id': 372}, {'name': 'Silver Pictures', 'id': 1885}, {'name': 'Warner Bros.', 'id': 6194}]","[{'iso_3166_1': 'AU', 'name': 'Australia'}, {'iso_3166_1': 'US', 'name': 'United States of America'}]",1999-03-30,463517383.0,136.0,"[{'iso_639_1': 'en', 'name': 'English'}]",Released,Welcome to the Real World.,The Matrix,False,7.9,9079.0
False,,16000000,"[{'id': 35, 'name': 'Comedy'}, {'id': 10749, 'name': 'Romance'}, {'id': 18, 'name': 'Drama'}]",,4951,tt0147800,en,10 Things I Hate About You,"Bianca, a tenth grader, has never gone on a date, but she isn't allowed to go out with boys until her older sister Kat gets a boyfriend. The problem is, Kat rubs nearly everyone the wrong way. But Bianca and the guy she has her eye on, Joey, are eager, so Joey fixes Kat up with Patrick, a new kid in town just bitter enough for Kat.",12.069966,/paS5plbzKz3PYddxky6svYYz3hS.jpg,"[{'name': 'Mad Chance', 'id': 1757}, {'name': 'Jaret Entertainment', 'id': 1783}, {'name': 'Touchstone Pictures', 'id': 9195}]","[{'iso_3166_1': 'US', 'name': 'United States of America'}]",1999-03-30,53478166.0,97.0,"[{'iso_639_1': 'en', 'name': 'English'}, {'iso_639_1': 'fr', 'name': 'Français'}]",Released,How do I loathe thee? Let me count the ways.,10 Things I Hate About You,False,7.3,1768.0
False,,0,"[{'id': 18, 'name': 'Drama'}, {'id': 10769, 'name': 'Foreign'}, {'id': 10749, 'name': 'Romance'}]",,65749,tt0120274,es,"Tango, no me dejes nunca",A dangerous love affair inspires a director to create the most spectacular and bodly seductive dance film ever made. 1998 Oscar Nominee Best Foreign Language Film.,0.596717,/ngW0tkg7hmPQAZsfCC419GJxZ3O.jpg,"[{'name': 'Adela Pictures', 'id': 40451}]","[{'iso_3166_1': 'AR', 'name': 'Argentina'}, {'iso_3166_1': 'ES', 'name': 'Spain'}]",1998-02-12,0.0,115.0,"[{'iso_639_1': 'es', 'name': 'Español'}]",Released,Tango: do not ever leave me,Tango,False,6.8,6.0
False,,75000000,"[{'id': 35, 'name': 'Comedy'}]",,8970,tt0129280,en,The Out-of-Towners,"The remake of the 1970 Neil Simon comedy follows the adventures of a couple, Henry and Nancy Clark, vexed by misfortune while in New York City for a job interview.",9.019881,/zIEx8ttLYzfiyTS2PzcvRbYbL0j.jpg,"[{'name': 'Paramount Pictures', 'id': 4}, {'name': 'Cherry Alley Productions', 'id': 2232}]","[{'iso_3166_1': 'US', 'name': 'United States of America'}]",1999-04-02,29000000.0,90.0,"[{'iso_639_1': 'en', 'name': 'English'}]",Released,"They fell in love 24 years ago... and in the next 24 hours, they'll remember why.",The Out-of-Towners,False,5.1,46.0
False,,500000,"[{'id': 18, 'name': 'Drama'}, {'id': 10769, 'name': 'Foreign'}]",,9840,tt0120449,fr,La vie rêvée des anges,"In Lille, two penniless young women with few prospects become friends. Isa moves in with Marie, who's flat-sitting for a mother and child in hospital in comas following a car crash. Isa is out-going, unskilled, with hopes of moving south to warmer climes. Marie usually is either angry or detached. Then, while Isa begins to visit the child in whose flat they live, going to hospital to read to her, Marie slowly falls for a rich youth. At first Marie keeps him at bay, then she not only pursues him, she begins to dream he is her life's love. When Isa tries to warn Marie, their friendship flounders. How will Marie handle the inevitable? And once they lose the flat, where will they go?",0.417705,/7QMEbbtZt3141wWG8CFgAp7ooAm.jpg,[],"[{'iso_3166_1': 'FR', 'name': 'France'}]",1998-09-16,0.0,113.0,"[{'iso_639_1': 'fr', 'name': 'Français'}]",Released,,The Dreamlife of Angels,False,6.9,18.0
False,,0,[],,186705,tt0116932,fr,"Love, etc.","A triangle: love, obsession, and choice. Pierre, a ladies' man who has little cash and no fixed residence, describes his best friend Benoît as the world's oldest 32-year-old. The shy, well-employed Benoît's life changes when he answers the personal ad of Marie, a 25-year-old who restores paintings. He's attracted to her and she likes his steady calm and his honest attention. They're soon a couple, and they include Pierre in their dinners, outings, and trips. What will happen when Pierre realizes that he too is in love with Marie?",0.227517,/gsoWfGTJV6B4KgGE4FDXOoPgyOR.jpg,[],[],1996-11-27,0.0,105.0,"[{'iso_639_1': 'fr', 'name': 'Français'}]",Released,,"Love, etc.",False,6.0,1.0
False,,0,"[{'id': 35, 'name': 'Comedy'}, {'id': 18, 'name': 'Drama'}]",,30950,tt0119665,en,Metroland,"After ten years absence Toni, Chris's best friend, suddenly reappears in London to bring chaos and doubt into Chris's calm, tranquil, slightly boring, predictable life. Chris starts to remember his carefree youth as a photographer in Paris when he lived with and enjoyed a torrid affair with Annick. It was also in Paris that he first met and fell in love with Marion. The temptations and pressure exerted on Chris by Toni to return to their former carefree life of sex, drugs and rock'n'roll soon starts to have an impact on Chris's marriage. He starts to question his values, his lifestyle choices and his relationship with Marion and even suspects her of starting an affair with Toni whom she dislikes! Eventually circumstances come to a head and Chris is forced to decide whether to follow Toni back to the hedonistic, irresponsible life of his youth or face the harsh realities of the present and stay with Marion.",0.503503,/xQZ5jhnFXu9p7uHk7Ebtm6eiBSi.jpg,"[{'name': 'MACT Productions', 'id': 393}, {'name': 'Arts Council of England', 'id': 718}, {'name': 'Eurimages', 'id': 850}, {'name': 'Filmanía S.L.', 'id': 11943}, {'name': 'Blue Horizon Productions', 'id': 30225}, {'name': 'European Co-production Fund', 'id': 30226}]","[{'iso_3166_1': 'FR', 'name': 'France'}, {'iso_3166_1': 'ES', 'name': 'Spain'}, {'iso_3166_1': 'GB', 'name': 'United Kingdom'}]",1997-08-30,0.0,105.0,"[{'iso_639_1': 'fr', 'name': 'Français'}, {'iso_639_1': 'en', 'name': 'English'}]",Released,,Metroland,False,6.1,8.0
False,,250000,"[{'id': 878, 'name': 'Science Fiction'}, {'id': 18, 'name': 'Drama'}]",,70687,tt0127302,en,The Sticky Fingers of Time,"A 1950s author (Terumi Matthews) is transported to 1990s Brooklyn, where she meets a woman (Nicole Zaray) who reads about her life.",0.623073,/4mSQvRqV9xgkFEbmVc3eMhIPOd3.jpg,[],[],1997-06-06,0.0,90.0,[],Released,,The Sticky Fingers of Time,False,4.8,3.0
False,,6000,"[{'id': 80, 'name': 'Crime'}, {'id': 18, 'name': 'Drama'}, {'id': 53, 'name': 'Thriller'}]",,11660,tt0154506,en,Following,"A struggling, unemployed young writer takes to following strangers around the streets of London, ostensibly to find inspiration for his new novel.",5.283661,/uoWnnSlUIWjqUXxfIej3ucAxg7J.jpg,"[{'name': 'Syncopy', 'id': 9996}, {'name': 'Next Wave Films', 'id': 13028}]","[{'iso_3166_1': 'GB', 'name': 'United Kingdom'}]",1998-09-12,48482.0,69.0,"[{'iso_639_1': 'en', 'name': 'English'}]",Released,,Following,False,7.2,363.0
False,,6500000,"[{'id': 80, 'name': 'Crime'}, {'id': 35, 'name': 'Comedy'}, {'id': 53, 'name': 'Thriller'}]",,9430,tt0139239,en,Go,"Told from three perspectives, a story of a bunch of young Californians trying to get some cash, do and deal some drugs, score money and sex in Las Vegas, and generally experience the rush of life.",8.344282,/kr1nz11EILLPdRmn51jtvvBQrWL.jpg,"[{'name': 'Columbia Pictures', 'id': 5}]","[{'iso_3166_1': 'US', 'name': 'United States of America'}]",1999-04-09,28451622.0,98.0,"[{'iso_639_1': 'en', 'name': 'English'}]",Released,A weekend wasted is never a wasted weekend.,Go,False,7.0,198.0
False,,25000000,"[{'id': 10749, 'name': 'Romance'}, {'id': 35, 'name': 'Comedy'}, {'id': 18, 'name': 'Drama'}]",,11355,tt0151738,en,Never Been Kissed,"Josie Geller, a baby-faced junior copywriter at the Chicago Sun-Times, must pose as a student at her former high school to research contemporary teenage culture. With the help of her brother, Rob, Josie infiltrates the inner circle of the most popular clique on campus. But she hits a major snag in her investigation -- not to mention her own failed love life -- when she falls for her dreamy English teacher, Sam Coulson.",7.257679,/1F9EAhEQxa0I5Pa5Z10hWIBFS3r.jpg,"[{'name': 'Fox 2000 Pictures', 'id': 711}, {'name': 'Flower Films (II)', 'id': 19813}, {'name': 'Bushwood Pictures', 'id': 21241}, {'name': 'Never Been Kissed Productions', 'id': 21242}]","[{'iso_3166_1': 'US', 'name': 'United States of America'}]",1999-04-09,84565230.0,107.0,"[{'iso_639_1': 'en', 'name': 'English'}]",Released,A Comedy With Class.,Never Been Kissed,False,5.8,378.0
False,,10000000,"[{'id': 35, 'name': 'Comedy'}, {'id': 28, 'name': 'Action'}]",,18764,tt0105399,cn,双龙会,"Twins, separated at birth, end up as a Hong Kong gangster and a New York concert pianist. When the pianist travels to Hong Kong for a concert, the two inevitably get mistaken for each other.",10.222076,/vl7aI8rWk9MoRp9j6VagrRZFxRM.jpg,"[{'name': 'Golden Way Films Ltd.', 'id': 3054}, {'name': 'Hong Kong Film Directors Guild', 'id': 71988}, {'name': 'Dimension Films (US version)', 'id': 71989}]","[{'iso_3166_1': 'HK', 'name': 'Hong Kong'}]",1992-01-15,8359717.0,89.0,"[{'iso_639_1': 'cn', 'name': '广州话 / 廣州話'}, {'iso_639_1': 'zh', 'name': '普通话'}, {'iso_639_1': 'ru', 'name': 'Pусский'}]",Released,Twice the action!,Twin Dragons,False,6.2,72.0
False,,10000000,"[{'id': 35, 'name': 'Comedy'}, {'id': 18, 'name': 'Drama'}, {'id': 53, 'name': 'Thriller'}]",,9465,tt0126250,en,Cookie's Fortune,Conflict arises in the small town of Holly Springs when an old woman's death causes a variety of reactions among family and friends.,3.380684,/cK6okfIpLFczwudOJQfgiWWNG4Q.jpg,"[{'name': 'October Films', 'id': 236}, {'name': 'Moonstone Entertainment', 'id': 22289}, {'name': 'Elysian Dreams', 'id': 41048}, {'name': 'Kudzu', 'id': 41049}]","[{'iso_3166_1': 'US', 'name': 'United States of America'}]",1999-01-22,10920544.0,118.0,"[{'iso_639_1': 'en', 'name': 'English'}]",Released,"Welcome to Holly Springs... home of murder, mayhem and catfish enchiladas.",Cookie's Fortune,False,6.2,35.0
False,,0,"[{'id': 35, 'name': 'Comedy'}, {'id': 18, 'name': 'Drama'}]",,27455,tt0166195,en,Foolish,"'Foolish' Waise is a talented comedian with a hard-edge trying to make it in the comedy clubs in LA while his brother is a hard-nosed gangster trying to make it on the streets. With all the competition they face in their chosen ""professions,"" their biggest battle is with each other over the love of a pretty girl.",0.431822,/2uOoAVhjKvKlI923SUnUkL7lO9H.jpg,"[{'name': 'No Limit Films', 'id': 16718}, {'name': 'Shooting Star Pictures', 'id': 40648}]","[{'iso_3166_1': 'US', 'name': 'United States of America'}]",1999-04-09,6033999.0,84.0,"[{'iso_639_1': 'en', 'name': 'English'}]",Released,This big mouth is ready for the big time,Foolish,False,6.3,3.0
False,,0,"[{'id': 18, 'name': 'Drama'}, {'id': 9648, 'name': 'Mystery'}, {'id': 10749, 'name': 'Romance'}]",,1414,tt0133363,es,Los amantes del círculo polar,"Otto and Ana are kids when they meet each other. Their names are palindromes. They meet by chance, people are related by chance. A story of circular lives, with circular names, and a circular place (Círculo polar) where the day never ends in the midnight sun. There are things that never end, and Love is one of them.",2.995334,/4HRUZYCAXN1W3C0qgJpAWbp7nNo.jpg,"[{'name': 'Sogetel', 'id': 15469}]","[{'iso_3166_1': 'ES', 'name': 'Spain'}]",1998-09-04,0.0,112.0,"[{'iso_639_1': 'hu', 'name': 'Magyar'}, {'iso_639_1': 'es', 'name': 'Español'}]",Released,Destiny cannot be denied.,Lovers of the Arctic Circle,False,7.1,54.0
False,,20000000,"[{'id': 53, 'name': 'Thriller'}, {'id': 35, 'name': 'Comedy'}, {'id': 80, 'name': 'Crime'}, {'id': 9648, 'name': 'Mystery'}]",,49981,tt0119219,en,Goodbye Lover,Police investigate when a man having an affair with his brother's wife disappears suddenly.,8.661415,/3lNQLHILeYX26FlHTjj4UPTEc21.jpg,"[{'name': 'Regency Enterprises', 'id': 508}, {'name': 'Warner Bros.', 'id': 6194}, {'name': 'Lightmotive', 'id': 16978}, {'name': 'Gotham Entertainment Group', 'id': 39288}]","[{'iso_3166_1': 'DE', 'name': 'Germany'}, {'iso_3166_1': 'US', 'name': 'United States of America'}]",1998-05-01,0.0,102.0,"[{'iso_639_1': 'en', 'name': 'English'}]",Released,No one's ever been so good at being so bad.,Goodbye Lover,False,5.8,11.0
False,,80000000,"[{'id': 35, 'name': 'Comedy'}, {'id': 80, 'name': 'Crime'}]",,6522,tt0123964,en,Life,Two men in 1930s Mississippi become friends after being sentenced to life in prison together for a crime they did not commit.,7.579444,/c9phL8FXuL7i15CrjQH5PfM60NB.jpg,"[{'name': 'Imagine Entertainment', 'id': 23}, {'name': 'Universal Pictures', 'id': 33}]","[{'iso_3166_1': 'US', 'name': 'United States of America'}]",1999-04-16,73345029.0,108.0,"[{'iso_639_1': 'en', 'name': 'English'}]",Released,Share it with someone you love.,Life,False,6.4,179.0
False,,0,"[{'id': 35, 'name': 'Comedy'}, {'id': 10749, 'name': 'Romance'}, {'id': 18, 'name': 'Drama'}]",,114719,tt0143261,en,Friends & Lovers,"Friends for ten years, a group of twenty-somethings head for the ski slopes as guests of Ian's father. (Ian and dad are estranged because dad worked too many hours when Ian was a lad.) Dad has something to say, but Ian won't listen. Meanwhile, David is gay and virginal; Ian's business partner, Keaton, is unhappy that his sister Jane is pregnant with no plans to tell the father; Lisa is everybody's pal and no one's lover; John, stuck in adolescence, is always on the make. He brings German-born stunner, Carla, and promptly loses her affection to Hans, a fast-talking ski instructor. David meets Manny: they have chess in common. Soon, surprises abound as relationships take new turns.",1.53188,/6Guv2hSbNrsBUj0oKrPhrHAgGe9.jpg,"[{'name': 'C.E.O. Films', 'id': 23036}, {'name': 'Laguna Entertainment', 'id': 23038}]","[{'iso_3166_1': 'US', 'name': 'United States of America'}]",1999-04-16,94633.0,103.0,"[{'iso_639_1': 'en', 'name': 'English'}]",Released,... can you tell the difference?,Friends & Lovers,False,5.5,6.0
False,,12000000,"[{'id': 10749, 'name': 'Romance'}, {'id': 18, 'name': 'Drama'}]",,10209,tt0136244,en,Hideous Kinky,"In 1972, disenchanted about the dreary conventions of English life, 25-year-old Julia heads for Morocco with her daughters, six-year-old Lucy and precocious eight-year-old Bea.",2.402484,/kT0whcFasVTs0puS3Fjtjqk1k8o.jpg,"[{'name': 'Arts Council of England', 'id': 718}, {'name': 'The Film Consortium', 'id': 1218}, {'name': 'AMLF', 'id': 1869}, {'name': 'British Broadcasting Corporation (BBC)', 'id': 3324}, {'name': 'Greenpoint Films', 'id': 12918}, {'name': 'L Films', 'id': 38781}]","[{'iso_3166_1': 'FR', 'name': 'France'}, {'iso_3166_1': 'GB', 'name': 'United Kingdom'}]",1998-11-17,0.0,98.0,"[{'iso_639_1': 'ar', 'name': 'العربية'}, {'iso_639_1': 'en', 'name': 'English'}, {'iso_639_1': 'fr', 'name': 'Français'}]",Released,A Journey to Love,Hideous Kinky,False,6.2,23.0
False,,0,"[{'id': 18, 'name': 'Drama'}]",,25512,tt0123923,fr,Jeanne et le garçon formidable,"Jeanne, a receptionist at a travel agency, is looking for the love of her life. She thinks she has finally found it with Olivier. However, Olivier reveals he has AIDS and disappears from her life after her profession of love and confession of infidelity.",0.38359,/hQQR7qlFeEd1WsYBeU9BrGVdC8m.jpg,[],"[{'iso_3166_1': 'FR', 'name': 'France'}]",1998-04-22,13936.0,93.0,"[{'iso_639_1': 'fr', 'name': 'Français'}]",Released,,Jeanne and the Perfect Guy,False,4.5,3.0
False,,0,[],,143299,tt0139394,en,The Joyriders,"A suicidal older man, Gordon Trout, is kidnapped for his car and money by three runaway teenagers who live on the streets. Their experiences together make them a close-knit family, but the nature of the crime committed could tear them apart. The intricacies of these complex relationships are explored through an emotional story with twists and turns.",0.505964,/p3vVhECFR2RuXFQO0HgyjEtnRSY.jpg,"[{'name': 'Noram Entertainment', 'id': 11465}]",[],1999-04-18,0.0,0.0,"[{'iso_639_1': 'en', 'name': 'English'}]",Released,Life is a journey… so choose the right path,The Joyriders,False,6.0,1.0
False,,0,"[{'id': 35, 'name': 'Comedy'}]",,22826,tt0110570,it,Il mostro,"A vicious serial sex killer is on the loose, and landscape gardener and shop-window outfitter Loris is the prime suspect, thanks to his unfortunate habit of getting caught in compromising situations (for which there is always a totally innocent explanation that the police fail to spot). Undercover policewoman Jessica is assigned by eccentric police psychologist Taccone to follow Loris and ...",4.700084,/frhnN2qMeZ3qoAjKiL0ieIlonj7.jpg,"[{'name': 'IRIS Films', 'id': 7042}]","[{'iso_3166_1': 'IT', 'name': 'Italy'}, {'iso_3166_1': 'FR', 'name': 'France'}]",1994-10-22,0.0,112.0,"[{'iso_639_1': 'it', 'name': 'Italiano'}]",Released,,The Monster,False,6.8,126.0
False,,2900000,"[{'id': 18, 'name': 'Drama'}, {'id': 53, 'name': 'Thriller'}]",,1902,tt0125659,es,Abre los ojos,"A very handsome man finds the love of his life, but he suffers an accident and needs to have his face rebuilt by surgery after it is severely disfigured.",8.842959,/vREkQPEO2M1WdtYfwPUTH2M4XQJ.jpg,"[{'name': 'Les Films Alain Sarde', 'id': 635}, {'name': 'Las Producciones del Escorpion', 'id': 778}, {'name': 'Lucky Red', 'id': 779}, {'name': 'Canal+ España', 'id': 9335}, {'name': 'Sociedad General de Televisión (Sogetel)', 'id': 20295}]","[{'iso_3166_1': 'ES', 'name': 'Spain'}]",1997-12-19,368234.0,117.0,"[{'iso_639_1': 'es', 'name': 'Español'}]",Released,,Open Your Eyes,False,7.4,211.0
False,,0,"[{'id': 10770, 'name': 'TV Movie'}, {'id': 36, 'name': 'History'}, {'id': 99, 'name': 'Documentary'}, {'id': 10752, 'name': 'War'}]",,445590,tt0188996,pl,Fotoamator,"In 1987, colour slides were found in a second hand book store in Vienna which turned out to be a collections of photographs taken in the Lodz ghetto by the Nazis' chief accountant. Walter Genewein boosted productivity in the ghetto while keeping costs down, a policy which led to the Lodz ghetto surviving much longer than any other in Poland. He recorded what he considered to be the subhuman aspect of the Jewish workers and he was concerned only with the technical quality of his photos.  Director Dariusz Jabłoński's prize-winning film uses the photographs in a different way. He recreates for us the suffering of inmates, giving a compassionate picture of that it was like to be trapped in the ghetto. (Storyville)",0.001187,/aThUBdtZGGxBluUzEhd1LEkBqjA.jpg,"[{'name': 'Arte', 'id': 201}, {'name': 'Mitteldeutscher Rundfunk (MDR)', 'id': 588}, {'name': 'Canal+ Polska', 'id': 6476}, {'name': 'Apple Film Productions', 'id': 13869}, {'name': 'Broadcast AV', 'id': 87894}, {'name': 'TVP1', 'id': 87895}]","[{'iso_3166_1': 'DE', 'name': 'Germany'}, {'iso_3166_1': 'PL', 'name': 'Poland'}, {'iso_3166_1': 'FR', 'name': 'France'}]",1998-05-01,0.0,52.0,"[{'iso_639_1': 'de', 'name': 'Deutsch'}, {'iso_639_1': 'pl', 'name': 'Polski'}, {'iso_639_1': 'yi', 'name': ''}]",Released,,Photographer,False,0.0,0.0
False,,0,"[{'id': 80, 'name': 'Crime'}, {'id': 10749, 'name': 'Romance'}, {'id': 35, 'name': 'Comedy'}, {'id': 18, 'name': 'Drama'}, {'id': 10402, 'name': 'Music'}]",,6396,tt0133189,en,SLC Punk,"Two former geeks become 1980s punks, then party and go to concerts while deciding what to do with their lives.",4.370812,/v3Ho0MeyhN5y4itc8Q5YLBHTOhe.jpg,"[{'name': 'Beyond Films', 'id': 2081}]","[{'iso_3166_1': 'US', 'name': 'United States of America'}]",1998-09-24,299200.0,97.0,"[{'iso_639_1': 'en', 'name': 'English'}]",Released,God bless America... they're going to need it.,SLC Punk,False,7.3,93.0
False,,1,"[{'id': 35, 'name': 'Comedy'}, {'id': 10749, 'name': 'Romance'}]",,39964,tt0120836,en,Lost & Found,"A comedy about finding your true love at any price. Dylan Ramsey resorts to snatching his beautiful neighbor's dog so he can spend time with her while they go on a phantom dog hunt. Succeeding in his plan, Dylan goes to return the pooch, only to discover that it has hidden Dylan's best friend's diamond ring. Written by WARNER BROS.",1.337096,/jaylLo7TsJrJriNVGf72Asen1Fr.jpg,"[{'name': 'Alcon Entertainment', 'id': 1088}, {'name': 'Dinamo Entertainment', 'id': 40675}]","[{'iso_3166_1': 'US', 'name': 'United States of America'}]",1999-04-23,100.0,95.0,"[{'iso_639_1': 'en', 'name': 'English'}]",Released,A comedy about a guy who would do anything to get the girl of his dreams - and did!,Lost & Found,False,4.9,26.0
False,,33000000,"[{'id': 35, 'name': 'Comedy'}, {'id': 18, 'name': 'Drama'}]",,12596,tt0120797,en,Pushing Tin,"Two air traffic controllers (John Cusack, Billy Bob Thornton) who thrive on living dangerously compete to outdo each other on several levels.",7.073467,/A33xLPsTIgT7tN3E5UWfVURFlPV.jpg,"[{'name': 'Regency Enterprises', 'id': 508}, {'name': 'Fox 2000 Pictures', 'id': 711}, {'name': 'Art Linson Productions', 'id': 8769}, {'name': 'Dogstar Films', 'id': 17422}, {'name': 'Taurus Film', 'id': 20555}, {'name': '3 Miles Apart Productions Ltd.', 'id': 81141}]","[{'iso_3166_1': 'DE', 'name': 'Germany'}, {'iso_3166_1': 'US', 'name': 'United States of America'}]",1999-04-23,0.0,124.0,"[{'iso_639_1': 'en', 'name': 'English'}]",Released,A comedy about losing control,Pushing Tin,False,5.7,117.0
False,,0,"[{'id': 35, 'name': 'Comedy'}]",,9451,tt0126886,en,Election,A high school teacher's personal life becomes complicated as he works with students during the school elections.,7.174396,/4RHyF1v1n4iodWzHG4m7XkGcJVB.jpg,"[{'name': 'Paramount Pictures', 'id': 4}, {'name': 'MTV Films', 'id': 746}, {'name': 'Bona Fide Productions', 'id': 2570}]","[{'iso_3166_1': 'US', 'name': 'United States of America'}]",1999-04-23,0.0,99.0,"[{'iso_639_1': 'en', 'name': 'English'}]",Released,Reading. Writing. Revenge.,Election,False,6.7,275.0
False,,15000000,"[{'id': 28, 'name': 'Action'}, {'id': 53, 'name': 'Thriller'}, {'id': 878, 'name': 'Science Fiction'}, {'id': 27, 'name': 'Horror'}]",,1946,tt0120907,en,eXistenZ,A game designer on the run from assassins must play her latest virtual reality creation with a marketing trainee to determine if the game has been damaged.,11.446138,/jvuRnlZvfUnleAZj8g75q4VZedm.jpg,"[{'name': 'Alliance Atlantis Communications', 'id': 803}, {'name': 'Natural Nylon Entertainment', 'id': 804}, {'name': 'Serendipity Point Films', 'id': 805}, {'name': 'Téléfilm Canada', 'id': 806}, {'name': 'The Harold Greenberg Fund', 'id': 807}, {'name': 'The Movie Network', 'id': 808}, {'name': 'Union Générale Cinématographique', 'id': 809}, {'name': 'Canadian Television Fund', 'id': 20170}]","[{'iso_3166_1': 'CA', 'name': 'Canada'}, {'iso_3166_1': 'FR', 'name': 'France'}, {'iso_3166_1': 'GB', 'name': 'United Kingdom'}]",1999-04-14,2856712.0,97.0,"[{'iso_639_1': 'en', 'name': 'English'}]",Released,Play it. Live it. Kill for it.,eXistenZ,False,6.7,487.0
False,,0,[],,89522,tt0119546,en,A Little Bit of Soul,"Richard and Kate are former lovers who are now working independently to find the secret of the aging process. Both apply for funding from the Michael Foundation, and are asked to spend the weekend discussing the proposals with the Head of the Foundation, who happens to be married to the Australian Treasurer. They have a very interesting weekend.",0.353206,/V1RitvMjD2fTYPk2jKKf6kOZvt.jpg,[],[],1998-03-19,0.0,84.0,[],Released,,A Little Bit of Soul,False,5.0,2.0
False,,0,"[{'id': 878, 'name': 'Science Fiction'}, {'id': 28, 'name': 'Action'}, {'id': 14, 'name': 'Fantasy'}]",,42230,tt0076164,zh,猩猩王,"Word of a monster ape ten stories tall living in the Himalayas reaches fortune hunters in Hong Kong. They travel to India to capture it, but wild animals and quicksand dissuade all but Johnny, an adventurer with a broken heart. He finds the monster and discovers it's been raising a scantily-clad woman, Samantha, since she survived a plane crash years before that killed her parents. In the idyllic jungle, Johnny and Samantha fall in love. Then Johnny asks her to convince ""Utam"" to go to Hong Kong. Lu Tien, an unscrupulous promoter, takes over: Utam is in chains for freak show exhibitions. When Lu Tien assaults Samantha, Utam's protective instincts take over: havoc in Hong Kong.",1.867807,/nRVrv8FyuVjK6BW9jGsYpKQQI23.jpg,"[{'name': 'Shaw Brothers', 'id': 5798}]","[{'iso_3166_1': 'HK', 'name': 'Hong Kong'}]",1977-08-11,0.0,90.0,"[{'iso_639_1': 'zh', 'name': '普通话'}]",Released,Torn from their jungle paradise... Betrayed by those they trusted... destruction for all!,The Mighty Peking Man,False,4.8,12.0
False,,0,"[{'id': 18, 'name': 'Drama'}, {'id': 10769, 'name': 'Foreign'}]",,139445,tt0128370,en,Nô,"Robert Lepage directed this Canadian comedy, filmed in black and white and color and adapted from Lepage's play The Seven Branches of the River Ota. In October 1970, Montreal actress Sophie (Anne-Marie Cadieux) appears in a Feydeau farce at the Osaka World's Fair. Back in Montreal, her boyfriend Michel (Alexis Martin) watches the October Crisis on TV and sees Canadian Prime Minister Trudeau declare the War Measures Act. The Canadian Army patrols Montreal streets. Sophie learns she's pregnant and phones Michel. However, Michel is immersed in politics, while Sophie rejects the amorous advances of her co-star (Eric Bernier), becomes friendly with a blind translator, and passes an evening with frivolous Canadian embassy official Walter (Richard Frechette) and his wife Patricia (Marie Gignac). Meanwhile, in Montreal, Michael plots terrorist activities. Commenting on East-West cultural distinctions, the film intercuts between Quebec (in black and white) and Japan (in color).",0.187537,/wzsQVRTdzcKtO4Tlzd8dKl0jD5V.jpg,[],"[{'iso_3166_1': 'CA', 'name': 'Canada'}]",1998-05-26,0.0,85.0,"[{'iso_639_1': 'fr', 'name': 'Français'}, {'iso_639_1': 'ja', 'name': '日本語'}, {'iso_639_1': 'en', 'name': 'English'}]",Released,,Nô,False,7.0,1.0
False,,0,"[{'id': 99, 'name': 'Documentary'}]",,74140,tt0168950,en,Let It Come Down: The Life of Paul Bowles,"One of the most enigmatic artists of the 20th century, writer, composer and wanderer Paul Bowles (1910-1999) is profiled by a filmmaker who has been obsessed with his genius since age nineteen. Set against the dramatic landscape of North Africa, the mystery of Bowles (famed author of The Sheltering Sky) begins to unravel in Jennifer Baichwal's poetic and moving Let It Come Down: The Life of Paul Bowles. Rare, candid interviews with the reclusive Bowles--at home in Tangier, as well as in New York during an extraordinary final reunion with Allen Ginsberg and William Burroughs--are intercut with conflicting views of his supporters and detractors. At the time in his mid-eighties, Bowles speaks with unprecedented candor about his work, his controversial private life and his relationships with Gertrude Stein, Tennessee Williams, Truman Capote, the Beats, and his wife and fellow author Jane Bowles.",0.001824,/mStIWlUjAZPaSNQYL1avH1poNZ6.jpg,[],[],1999-04-01,0.0,75.0,[],Released,,Let It Come Down: The Life of Paul Bowles,False,0.0,0.0
False,,66000000,"[{'id': 10749, 'name': 'Romance'}, {'id': 18, 'name': 'Drama'}, {'id': 9648, 'name': 'Mystery'}]",http://www.foxmovies.com.au/entrapment,1844,tt0137494,en,Entrapment,"Two thieves, who travel in elegant circles, try to outsmart each other and, in the process, end up falling in love.",10.62333,/6IKmjW52qeMXx8xXMdX6RRshmY0.jpg,"[{'name': 'Fountainbridge Films', 'id': 414}, {'name': 'Regency Enterprises', 'id': 508}]","[{'iso_3166_1': 'GB', 'name': 'United Kingdom'}, {'iso_3166_1': 'US', 'name': 'United States of America'}]",1999-04-29,212404396.0,112.0,"[{'iso_639_1': 'en', 'name': 'English'}]",Released,The trap is set.,Entrapment,False,6.0,613.0
False,,25000000,"[{'id': 53, 'name': 'Thriller'}, {'id': 35, 'name': 'Comedy'}, {'id': 27, 'name': 'Horror'}]",,6552,tt0138510,en,Idle Hands,"Anton is a cheerful but exceedingly non-ambitious 17-year-old stoner who lives to stay buzzed, watch TV, and moon over Molly, the beautiful girl who lives next door. However, it turns out that the old cliché about idle hands being the devil's playground has a kernel of truth after all.",6.851628,/lActBgdxuILDSgwtngkNKD7oMEn.jpg,"[{'name': 'Columbia Pictures Corporation', 'id': 441}, {'name': 'Team Todd', 'id': 598}, {'name': 'Licht/Mueller Film Corporation', 'id': 6092}]","[{'iso_3166_1': 'US', 'name': 'United States of America'}]",1999-04-30,4152230.0,92.0,"[{'iso_639_1': 'en', 'name': 'English'}]",Released,The touching story of a boy and his right hand.,Idle Hands,False,6.1,183.0
False,,0,"[{'id': 18, 'name': 'Drama'}, {'id': 10749, 'name': 'Romance'}]",,24584,tt0162973,en,Get Real,A tenderly romantic coming-of-age story as two boys in a British school fall in love.,2.196587,/kvaOgaVZkSZEZjEnW2kt2ii891T.jpg,[],"[{'iso_3166_1': 'GB', 'name': 'United Kingdom'}]",1998-08-16,0.0,108.0,"[{'iso_639_1': 'en', 'name': 'English'}]",Released,,Get Real,False,6.6,45.0
False,,0,"[{'id': 80, 'name': 'Crime'}, {'id': 53, 'name': 'Thriller'}]",,213985,tt0120697,en,Heaven,"A struggling architect, being sued for divorce by his wife and struggling with booze and gambling, finds work remodeling a friend's strip club, the Paradise. There he meets a transsexual stripper who is bothered by accurate, but extremely violent visions of future events. The increasingly violent visions start including the architect, who doesn't believe in the prophesy. One who does however is a psychiatrist who is seeing both the stripper and the architect and is sleeping with the ex-wife. He uses the prophecies for his own financial gain. Finally the scenes from the vision move into reality amidst many plot turns.",0.310475,/rqMSkolEGtdQSrLoxTrpyR9qJiH.jpg,"[{'name': 'Miramax Films', 'id': 14}]",[],1999-04-29,0.0,105.0,"[{'iso_639_1': 'en', 'name': 'English'}]",Released,Every Seduction Is A Gamble.,Heaven,False,6.1,5.0
False,,0,"[{'id': 18, 'name': 'Drama'}]",,25471,tt0115669,zh,变脸,Wang Bianlian is an aging street performer known as the King of Mask for his mastery of Sichuan Change Art in a true story. His wife left him with and infant son over 30 years ago. The son died from illness at age 10. This left Wang a melancholy loner aching for a male descendent to learn his rare and dying art.,2.291724,/w9c6qw4TiOP5oY9zlh2UL5zyoQ4.jpg,"[{'name': 'Shaw Brothers', 'id': 5798}]","[{'iso_3166_1': 'CN', 'name': 'China'}, {'iso_3166_1': 'HK', 'name': 'Hong Kong'}]",1997-12-20,1.0,91.0,"[{'iso_639_1': 'zh', 'name': '普通话'}]",Released,,The King of Masks,False,7.8,12.0
False,,0,"[{'id': 18, 'name': 'Drama'}, {'id': 10769, 'name': 'Foreign'}]",,4154,tt0138874,en,Three Seasons,"Three Seasons wants to show individuals triumphing over adversities, recovering from traumas, looking forward to better times, as well as nostalgia for those better days before American and French and other invasions, material and ideological. It is a poetic film that tries to paint a picture of the urban culture undergoing westernisation.",0.632591,/56wzqMNbNaN3ZXIC4oVriQliXjd.jpg,"[{'name': 'October Films', 'id': 236}, {'name': 'Open City Films', 'id': 547}, {'name': 'Giai Phong Film Studio', 'id': 78240}]","[{'iso_3166_1': 'US', 'name': 'United States of America'}, {'iso_3166_1': 'VN', 'name': 'Vietnam'}]",1999-04-30,0.0,105.0,"[{'iso_639_1': 'en', 'name': 'English'}, {'iso_639_1': 'vi', 'name': 'Tiếng Việt'}]",Released,The war is over.  But a personal battle continues to rage.,Three Seasons,False,6.8,7.0
False,,0,"[{'id': 18, 'name': 'Drama'}]",,28519,tt0155388,en,The Winslow Boy,"Early 20th century England: while toasting his daughter Catherine's engagement, Arthur Winslow learns the royal naval academy expelled his 14-year-old son, Ronnie, for stealing five shillings. Father asks son if it is true; when the lad denies it, Arthur risks fortune, health, domestic peace, and Catherine's prospects to pursue justice.",2.69143,/3N2vi3rERIKJOhQ0OzgNi8er197.jpg,"[{'name': 'Winslow Partners Ltd.', 'id': 90093}]","[{'iso_3166_1': 'GB', 'name': 'United Kingdom'}, {'iso_3166_1': 'US', 'name': 'United States of America'}]",1999-04-16,0.0,104.0,"[{'iso_639_1': 'en', 'name': 'English'}]",Released,,The Winslow Boy,False,6.4,22.0
False,,1453000,"[{'id': 80, 'name': 'Crime'}, {'id': 18, 'name': 'Drama'}]",,3309,tt0037913,en,Mildred Pierce,"After her cheating husband leaves her, Mildred Pierce proves she can become independent and successful, but can't win the approval of her spoiled daughter.",4.497049,/WP1oQxIyGAIVfavlXcxkucCZAO.jpg,"[{'name': 'Warner Bros.', 'id': 6194}]","[{'iso_3166_1': 'US', 'name': 'United States of America'}]",1945-09-24,5638000.0,111.0,"[{'iso_639_1': 'en', 'name': 'English'}, {'iso_639_1': 'es', 'name': 'Español'}]",Released,A mother's love leads to murder,Mildred Pierce,False,7.4,81.0
False,,3000000,"[{'id': 35, 'name': 'Comedy'}, {'id': 27, 'name': 'Horror'}, {'id': 878, 'name': 'Science Fiction'}]",,18462,tt0087799,en,Night of the Comet,"Two girls from the Valley wake up to find that a passing comet has eradicated their world and left behind a mysterious red-dust and a pack of cannibal mutants. With the help of a friendly truck driver, the girls save the earth from a villainous ""think tank,"" karate chop their way through flesh-eating zombies, and, of course, find time to go to the mall.",4.947043,/zYGwNFXeGr5pqD1hvBYJjYLsBxL.jpg,"[{'name': 'Thomas Coleman and Michael Rosenblatt Productions', 'id': 16274}, {'name': 'Film Development Fund', 'id': 16275}, {'name': 'Atlantic Releasing Corporation', 'id': 18947}]","[{'iso_3166_1': 'US', 'name': 'United States of America'}]",1984-11-16,14418922.0,95.0,"[{'iso_639_1': 'en', 'name': 'English'}]",Released,They came. They Shopped. They saved the world!,Night of the Comet,False,6.1,94.0
False,,800000,"[{'id': 27, 'name': 'Horror'}, {'id': 878, 'name': 'Science Fiction'}]",,28941,tt0090837,en,Chopping Mall,"A group of teenagers that work at the mall all get together for a late night party in one of the stores. When the mall goes on lock down before they can get out, the robot security system activates after a malfunction and goes on a killing spree. One by one the three bots try to rid the mall of the ""intruders"". The only weapons the kids can use are the supplies in other stores, or if they can make it till morning when the mall opens back up.",8.034105,/iRiRrCtR3c4vU03QsVZKOwNhNTZ.jpg,"[{'name': 'Concorde Pictures', 'id': 4527}, {'name': 'Trinity Pictures', 'id': 11136}]","[{'iso_3166_1': 'US', 'name': 'United States of America'}]",1986-03-21,0.0,77.0,"[{'iso_639_1': 'en', 'name': 'English'}]",Released,Tonight Park Plaza Mall switches on the world's toughest security force. Absolutely nothing can go wrong...,Chopping Mall,False,5.5,58.0
False,,0,"[{'id': 35, 'name': 'Comedy'}, {'id': 10751, 'name': 'Family'}, {'id': 14, 'name': 'Fantasy'}, {'id': 878, 'name': 'Science Fiction'}]",,18252,tt0089652,en,My Science Project,"Michael and Ellie break into a military junkyard to find a science project for Michael's class, and discover a strange glowing orb which absorbs electricity. When the orb begins to blend past, present, and future, its up to Michael and Ellie to stop the orb and save mankind.",3.868014,/fLknudxoi1qSNnvtOlNSYRYL8Hq.jpg,"[{'name': 'Touchstone Pictures', 'id': 9195}, {'name': 'Silver Screen Partners II', 'id': 10531}]","[{'iso_3166_1': 'US', 'name': 'United States of America'}]",1985-08-09,4122748.0,94.0,"[{'iso_639_1': 'en', 'name': 'English'}]",Released,We must not destroy the world.,My Science Project,False,6.1,41.0
False,,47000000,"[{'id': 12, 'name': 'Adventure'}, {'id': 28, 'name': 'Action'}, {'id': 35, 'name': 'Comedy'}, {'id': 53, 'name': 'Thriller'}, {'id': 80, 'name': 'Crime'}]",,8592,tt0099422,en,Dick Tracy,"The comic strip detective finds his life vastly complicated when Breathless Mahoney makes advances towards him while he is trying to battle Big Boy Caprice's united mob,",8.304776,/4UfKEGnj9jPWV11LNKBXTgge3We.jpg,"[{'name': 'Touchstone Pictures', 'id': 9195}]","[{'iso_3166_1': 'US', 'name': 'United States of America'}]",1990-06-15,103738726.0,103.0,"[{'iso_639_1': 'en', 'name': 'English'}]",Released,Their turf. Their game. Their rules. They didn't count on HIS law...,Dick Tracy,False,5.9,258.0
False,"{'id': 1733, 'name': 'The Mummy Collection', 'poster_path': '/4UMn5KmXopgpkC862Ms3t5j1sXl.jpg', 'backdrop_path': '/1BeKi6IytbfQlQocJSvP2k6sO1a.jpg'}",80000000,"[{'id': 12, 'name': 'Adventure'}, {'id': 28, 'name': 'Action'}, {'id': 14, 'name': 'Fantasy'}]",http://www.mummyvideo.com/,564,tt0120616,en,The Mummy,"Dashing legionnaire Rick O'Connell and his companion, Beni stumble upon the hidden ruins of Hamunaptra while in the midst of a battle in 1923, 3,000 years after Imhotep has suffered a fate worse than death – his body will remain undead for all eternity as a punishment for a forbidden love.",23.984065,/yhIsVvcUm7QxzLfT6HW2wLf5ajY.jpg,"[{'name': 'Universal Pictures', 'id': 33}, {'name': 'Alphaville Films', 'id': 11462}]","[{'iso_3166_1': 'US', 'name': 'United States of America'}]",1999-04-16,415885488.0,124.0,"[{'iso_639_1': 'en', 'name': 'English'}, {'iso_639_1': 'ar', 'name': 'العربية'}]",Released,The legend you know. The adventure you have yet to imagine.,The Mummy,False,6.6,2796.0
False,,786675,"[{'id': 18, 'name': 'Drama'}, {'id': 35, 'name': 'Comedy'}]",,13852,tt0118826,en,The Castle,"A Melbourne family is very happy living near the Melbourne airport. However, they are forced to leave their beloved home (by the Government and airport authorities) to make way for more runways. 'The Castle' is the story of how they fight to remain in their home.",4.337545,/lvzFyEoojIMOgsZyl3HYDApti43.jpg,"[{'name': 'Working Dog', 'id': 13674}, {'name': 'Village Roadshow Entertainment', 'id': 13675}]","[{'iso_3166_1': 'AU', 'name': 'Australia'}]",1997-04-10,861789.0,85.0,"[{'iso_639_1': 'en', 'name': 'English'}]",Released,Ordinary Family. Extraordinary Story.,The Castle,False,7.4,69.0
False,,0,[],,140519,tt0188052,en,Mascara,Mascara is the story of three very different women who rediscover the value of their friendship at a time when their lives are in turmoil. Panic sets in as they approach their thirtieth birthdays and nothing is going according to plan.,0.970449,/2Rzs2YBXhenpSGFwGRk7c7hW5jN.jpg,[],[],1999-05-07,0.0,94.0,"[{'iso_639_1': 'en', 'name': 'English'}]",Released,Life is what happens while you're making other plans.,Mascara,False,6.0,1.0
False,,0,"[{'id': 18, 'name': 'Drama'}, {'id': 10749, 'name': 'Romance'}]",,25232,tt0120865,en,This Is My Father,"When schoolteacher Kieran Johnson (James Caan) discovers that his father was not a French sailor (as he had been led to believe) but rather an Irish farmer, Kieran looks to his mother (Moya Farrelly) for answers. When she refuses to provide any, Kieran travels to Ireland. In flashbacks, we watch a romance develop between Kieran's mother, a college girl, and his father (Aidan Quinn), an inarticulat",1.704254,/zsshQg6eGxrjqZ93NHVl6ZjIYSu.jpg,"[{'name': 'Filmline International', 'id': 40759}, {'name': 'Hummingbird Communications', 'id': 40999}]","[{'iso_3166_1': 'CA', 'name': 'Canada'}, {'iso_3166_1': 'IE', 'name': 'Ireland'}]",1999-05-07,0.0,119.0,"[{'iso_639_1': 'en', 'name': 'English'}]",Released,A Journey Of The Heart.,This Is My Father,False,4.5,2.0
False,,0,"[{'id': 18, 'name': 'Drama'}, {'id': 10769, 'name': 'Foreign'}]",,33194,tt0115005,zh,Tian yu,"Young teen girl Xiu Xiu is sent away to a remote corner of the Sichuan steppes for manual labor in 1975 (sending young people to there was a part of Cultural Revolution in China). A year later, she agrees to go to even more remote spot with a Tibetan saddle tramp Lao Jin to learn horse herding.",1.286747,/3GJSqKjTghBi4bacFXtY0lotFbf.jpg,[],"[{'iso_3166_1': 'CN', 'name': 'China'}, {'iso_3166_1': 'HK', 'name': 'Hong Kong'}, {'iso_3166_1': 'US', 'name': 'United States of America'}, {'iso_3166_1': 'TW', 'name': 'Taiwan'}]",1998-02-19,0.0,99.0,"[{'iso_639_1': 'zh', 'name': '普通话'}]",Released,,Xiu Xiu: The Sent-Down Girl,False,7.3,7.0
False,,11000000,"[{'id': 14, 'name': 'Fantasy'}, {'id': 18, 'name': 'Drama'}, {'id': 35, 'name': 'Comedy'}, {'id': 10749, 'name': 'Romance'}]",,10210,tt0140379,en,A Midsummer Night's Dream,"Shakespeare's comedy about two couples in love with the wrong partners, and how they are finally brought together rightly, thanks in part to the bungling work of Puck. It is completely in the language of the Bard, with Pfeiffer as the Fairy Queen and Kline as the one turned into her evening's lover with donkey ears.",6.078792,/2pWSszXVEPPClWzy8yir1FVEveN.jpg,"[{'name': 'Fox Searchlight Pictures', 'id': 43}, {'name': 'Regency Enterprises', 'id': 508}, {'name': 'Taurus Film', 'id': 20555}]","[{'iso_3166_1': 'IT', 'name': 'Italy'}, {'iso_3166_1': 'US', 'name': 'United States of America'}, {'iso_3166_1': 'GB', 'name': 'United Kingdom'}]",1999-04-25,0.0,116.0,"[{'iso_639_1': 'en', 'name': 'English'}]",Released,Hold on to Your Heart. Cupid is Armed and Dangerous.,A Midsummer Night's Dream,False,6.4,95.0
False,,0,"[{'id': 35, 'name': 'Comedy'}, {'id': 10749, 'name': 'Romance'}]",,53862,tt0160298,en,Trippin',"Greg is near the end of his senior year in high school, wanting to go to the prom, eyeing Cinny (the school's beauty with brains) from afar, and regularly trippin', daydreaming about being a big success as a poet, a student, a lover. His mom wants him to apply to colleges, but Greg hasn't a clue. One of his teachers, Mr. Shapic, tries to inspire him, too. He finally figures out he can get close to Cinny if he asks her for help with college applications. But friendship isn't enough, he wants romance and a prom date. So, he tells a few lies and, for awhile, it seems to be working. Then, things fall apart and Greg has to figure out how to put the trippin aside and get real.",0.218263,/cR2rHbeUkTRe4UkzRldTEwWjgQQ.jpg,"[{'name': 'Beacon Communications', 'id': 919}]","[{'iso_3166_1': 'US', 'name': 'United States of America'}]",1999-05-12,9016377.0,94.0,"[{'iso_639_1': 'en', 'name': 'English'}]",Released,He's a legend in his own mind.,Trippin',False,4.5,4.0
False,,11791,"[{'id': 14, 'name': 'Fantasy'}, {'id': 18, 'name': 'Drama'}]",,17962,tt0165078,ja,ワンダフルライフ,"After death, people have just one week to choose only a memory to keep for eternity.",2.916805,/5edwcfe4szCQU6Mq8rPS667Yv7g.jpg,"[{'name': 'Engine Films', 'id': 1141}, {'name': 'Sputnik Productions', 'id': 12423}, {'name': 'TV Man Union', 'id': 12424}]","[{'iso_3166_1': 'JP', 'name': 'Japan'}]",1998-09-11,0.0,118.0,"[{'iso_639_1': 'ja', 'name': '日本語'}]",Released,What is the one memory you would take with you?,After Life,False,7.3,49.0
False,"{'id': 205860, 'name': 'The Black Mask Collection', 'poster_path': None, 'backdrop_path': None}",0,"[{'id': 28, 'name': 'Action'}]",,9460,tt0115693,cn,黑侠,"Chui Chik tries to lead a quiet life as a librarian. However, he is really a former test subject for a highly secretive supersoldier project and the instructor of a special commando unit dubbed ""701."" The 701 squad is used for many government missions, but after one of the agents kills a team of policemen in an uncontrollable rage, the government decides to abort the project and eliminate all the subjects. Chui Chik helped the surviving 701 agents flee the extermination attempt. Having escaped, Chui Chik went separate ways from his team. Later, he discovers that the rest of the team were responsible for a violent crime spree that was beyond the capability of the local police. He sets out to stop them, donning a disguise and using the superhero alias of ""Black Mask"". Having lost the ability to feel pain due to the surgery performed on the super-soldiers by the military, Black Mask is almost invulnerable.",7.632785,/8WC5elsMSUSKKKOTub2jjY2k4w3.jpg,"[{'name': 'Distant Horizons', 'id': 1066}, {'name': 'Film Workshop', 'id': 3618}, {'name': ""Win's Entertainment Ltd."", 'id': 32841}]","[{'iso_3166_1': 'HK', 'name': 'Hong Kong'}]",1996-11-07,0.0,99.0,"[{'iso_639_1': 'cn', 'name': '广州话 / 廣州話'}, {'iso_639_1': 'en', 'name': 'English'}]",Released,,Black Mask,False,5.8,55.0
False,,1500000,"[{'id': 35, 'name': 'Comedy'}, {'id': 18, 'name': 'Drama'}, {'id': 10749, 'name': 'Romance'}]",http://www.picturethisent.com/minisites/edgeof17/edge1.html,4927,tt0138414,en,Edge of Seventeen,"A gay teenager finds out who he is and what he wants, who his friends are, and who loves him, in this autobiographical tale set in middle U.S. in the 1980s. Growing up, learning about life, love, sex, friends, and lovers.",1.666469,/qsyG50KDdfxPZxVSLrNmlwWBgWm.jpg,"[{'name': 'TLA Releasing', 'id': 328}]","[{'iso_3166_1': 'US', 'name': 'United States of America'}]",1998-05-14,870751.0,99.0,"[{'iso_639_1': 'en', 'name': 'English'}]",Released,,Edge of Seventeen,False,5.7,29.0
False,,0,"[{'id': 18, 'name': 'Drama'}]",,122190,tt0120659,en,Endurance,"The gold medal for the men's 10,000-meter race in the 1996 Atlanta Olympics is won by Ethiopian Haile Gebrselassie.",0.052279,/aFOOg7ymKbdwfgtbWOvSbrKp5WL.jpg,[],[],1999-05-14,0.0,83.0,[],Released,,Endurance,False,6.0,1.0
False,"{'id': 10, 'name': 'Star Wars Collection', 'poster_path': '/ghd5zOQnDaDW1mxO7R5fXXpZMu.jpg', 'backdrop_path': '/d8duYyyC9J5T825Hg7grmaabfxQ.jpg'}",115000000,"[{'id': 12, 'name': 'Adventure'}, {'id': 28, 'name': 'Action'}, {'id': 878, 'name': 'Science Fiction'}]",http://www.starwars.com/films/star-wars-episode-i-the-phantom-menace,1893,tt0120915,en,Star Wars: Episode I - The Phantom Menace,"Anakin Skywalker, a young slave strong with the Force, is discovered on Tatooine. Meanwhile, the evil Sith have returned, enacting their plot for revenge against the Jedi.",15.649091,/n8V09dDc02KsSN6Q4hC2BX6hN8X.jpg,"[{'name': 'Lucasfilm', 'id': 1}]","[{'iso_3166_1': 'US', 'name': 'United States of America'}]",1999-05-19,924317558.0,136.0,"[{'iso_639_1': 'en', 'name': 'English'}]",Released,Every generation has a legend. Every journey has a first step. Every saga has a beginning.,Star Wars: Episode I - The Phantom Menace,False,6.4,4526.0
False,,0,"[{'id': 35, 'name': 'Comedy'}, {'id': 18, 'name': 'Drama'}, {'id': 10749, 'name': 'Romance'}]",,31342,tt0166252,en,The Love Letter,A romantic comedy about a mysterious love letter that turns a sleepy new england town upside down.,2.012283,/fzu0xVGfi0yGEtAgVv8WoTLdToh.jpg,"[{'name': 'DreamWorks SKG', 'id': 27}, {'name': 'Sanford/Pillsbury Productions', 'id': 40769}]","[{'iso_3166_1': 'US', 'name': 'United States of America'}]",1999-05-21,0.0,88.0,"[{'iso_639_1': 'en', 'name': 'English'}]",Released,No one knows who sent it. No one knows who it's for. But everyone's getting the same message.,The Love Letter,False,5.9,17.0
False,,0,"[{'id': 18, 'name': 'Drama'}, {'id': 10749, 'name': 'Romance'}]",,44297,tt0149723,en,L'assedio,"When an African dictator jails her husband, Shandurai goes into exile in Italy, studying medicine and keeping house for Mr. Kinsky, an eccentric English pianist and composer. She lives in one room of his Roman palazzo. He besieges her with flowers, gifts, and music, declaring passionately that he loves her, would go to Africa with her, would do anything for her. ""What do you know of Africa?,"" she asks, then, in anguish, shouts, ""Get my husband out of jail!"" The rest of the film plays out the implications of this scene and leaves Shandurai with a choice.",5.435716,/e0WeMiSyULbRHt33gkpnYgLrTRq.jpg,"[{'name': 'Mediaset', 'id': 1677}, {'name': 'Fiction Films', 'id': 20783}, {'name': 'Navert Film', 'id': 40768}]","[{'iso_3166_1': 'IT', 'name': 'Italy'}, {'iso_3166_1': 'GB', 'name': 'United Kingdom'}]",1998-09-14,0.0,93.0,"[{'iso_639_1': 'en', 'name': 'English'}, {'iso_639_1': 'it', 'name': 'Italiano'}, {'iso_639_1': 'sw', 'name': 'Kiswahili'}]",Released,Touched by Genius. Cursed by Madness. Blinded by Love.,Besieged,False,7.2,14.0
False,,0,"[{'id': 53, 'name': 'Thriller'}, {'id': 35, 'name': 'Comedy'}, {'id': 80, 'name': 'Crime'}]",,95627,tt0120680,en,Frogs for Snakes,"A group of unemployed theater actors survive by working as illegal money collectors. The loan shark they are working for owns an Off-Broadway theater. As he decided to play ""American Buffalo"" there, a bloody battle for the favorite roles begin.",0.431876,/zHt1LIyMRlb100X50AblxXsqhEq.jpg,"[{'name': 'Shooting Gallery', 'id': 1596}, {'name': 'Rain film', 'id': 40757}]","[{'iso_3166_1': 'US', 'name': 'United States of America'}]",1998-08-14,0.0,108.0,"[{'iso_639_1': 'en', 'name': 'English'}]",Released,They collect for the mob. But they'd rather act. Expect killer performances.,Frogs for Snakes,False,0.0,0.0
False,,0,"[{'id': 35, 'name': 'Comedy'}, {'id': 18, 'name': 'Drama'}, {'id': 14, 'name': 'Fantasy'}, {'id': 9648, 'name': 'Mystery'}]",http://www.thesaragossamanuscript.info/,8785,tt0059643,pl,Rekopis znaleziony w Saragossie,"In the Napoleonic wars, an officer finds an old book that relates his grandfather's story, Alfons van Worden, captain in the Walloon guard. A man of honor and courage, he seeks the shortest route through the Sierra Morena. At an inn, the Venta Quemada, he sups with two Islamic princesses. They call him their cousin and seduce him; he wakes beside corpses under a gallows. He meets a hermit priest and a goatherd; each tells his story; he wakes again by the gallows. He's rescued from the Inquisition, meets a cabalist and hears more stories within stories, usually of love. He returns to Venta Quemada, the women await with astonishing news.",2.277685,/j3w1Jq3JdxsmmplUejAT1wpivnR.jpg,"[{'name': 'Kamera Film Unit', 'id': 2503}]","[{'iso_3166_1': 'PL', 'name': 'Poland'}]",1965-02-09,0.0,182.0,"[{'iso_639_1': 'pl', 'name': 'Polski'}]",Released,,The Saragossa Manuscript,False,7.4,23.0
False,"{'id': 221544, 'name': 'The Mummy (Universal Series)', 'poster_path': '/AvNgVQAVU7glcRawxyXnyHMPPbk.jpg', 'backdrop_path': '/9Hurk1iwEE3USJpBe48FChOSROC.jpg'}",196000,"[{'id': 27, 'name': 'Horror'}]",,15849,tt0023245,en,The Mummy,"An ancient Egyptian priest called Imhotep is revived when an archaeological expedition finds his mummy and one of the archaeologists accidentally reads an ancient life-giving spell. Imhotep, escaping from the field site, goes in search for the reincarnation of the soul of his lover.",12.190044,/wg3QJlByvMCAC8dKIAXO63FXanD.jpg,"[{'name': 'Universal Pictures', 'id': 33}]","[{'iso_3166_1': 'US', 'name': 'United States of America'}]",1932-12-22,0.0,73.0,"[{'iso_639_1': 'ar', 'name': 'العربية'}, {'iso_639_1': 'en', 'name': 'English'}, {'iso_639_1': 'fr', 'name': 'Français'}]",Released,It comes to life!,The Mummy,False,6.9,121.0
False,"{'id': 138965, 'name': 'The Mummy (Hammer Series)', 'poster_path': '/90f5SF3s02ndW498kGdm2lIVpYp.jpg', 'backdrop_path': '/iLmCaLaw9Tn8JeFtUbhlaNVFcga.jpg'}",0,"[{'id': 27, 'name': 'Horror'}]",,18990,tt0053085,en,The Mummy,"One by one the archaeologists who discover the 4,000-year-old tomb of Princess Ananka are brutally murdered. Kharis, high priest in Egypt 40 centuries ago, has been brought to life by the power of the ancient gods and his sole purpose is to destroy those responsible for the desecration of the sacred tomb. But Isobel, wife of one of the explorers, resembles the beautiful princess, forcing the speechless and tormented monster to defy commands and abduct Isobel to an unknown fate.",4.662323,/w3XEtgi8W9tuPQnLVFCPVxtweyC.jpg,"[{'name': 'Hammer Film Productions', 'id': 1314}]","[{'iso_3166_1': 'GB', 'name': 'United Kingdom'}]",1959-09-29,0.0,86.0,"[{'iso_639_1': 'en', 'name': 'English'}, {'iso_639_1': 'de', 'name': 'Deutsch'}]",Released,Torn from the tomb to terrify the world!,The Mummy,False,6.8,58.0
False,"{'id': 221544, 'name': 'The Mummy (Universal Series)', 'poster_path': '/AvNgVQAVU7glcRawxyXnyHMPPbk.jpg', 'backdrop_path': '/9Hurk1iwEE3USJpBe48FChOSROC.jpg'}",0,"[{'id': 27, 'name': 'Horror'}]",,29242,tt0037098,en,The Mummy's Curse,"After being buried in quicksand for the past 25 years, Kharis is set free to roam the rural bayous of Louisiana, as is the soul of his beloved Princess Ananka, still housed in the body of Amina Mansouri, who seeks help and protection at a swamp draining project.",2.121075,/qGhh5YPh2IG6kjmS7bH7nJvmLxC.jpg,"[{'name': 'Universal Pictures Co. Inc.', 'id': 87008}]","[{'iso_3166_1': 'US', 'name': 'United States of America'}]",1944-12-22,0.0,62.0,"[{'iso_639_1': 'en', 'name': 'English'}]",Released,HANDS CREEPING LIKE COBRAS! EYES CRAWLING WITH MADNESS! THE MUMMY RUNS AMOK!,The Mummy's Curse,False,6.9,11.0
False,"{'id': 221544, 'name': 'The Mummy (Universal Series)', 'poster_path': '/AvNgVQAVU7glcRawxyXnyHMPPbk.jpg', 'backdrop_path': '/9Hurk1iwEE3USJpBe48FChOSROC.jpg'}",0,"[{'id': 27, 'name': 'Horror'}]",,29243,tt0037099,en,The Mummy's Ghost,"An Egyptian high priest travels to America to reclaim the bodies of ancient Egyptian princess Ananka and her living guardian mummy Kharis. Learning that Ananka's spirit has been reincarnated into another body, he kidnaps a young woman of Egyptian descent with a mysterious resemblance to the princess. However, the high priest's greedy desires cause him to lose control of the mummy...",1.569494,/eRNWTjYXkUQvqopfgz8DvHolxWA.jpg,"[{'name': 'Universal Pictures', 'id': 33}]","[{'iso_3166_1': 'US', 'name': 'United States of America'}]",1944-07-07,0.0,61.0,"[{'iso_639_1': 'en', 'name': 'English'}]",Released,Nameless! Fleshless! Deathless!,The Mummy's Ghost,False,6.9,10.0
False,"{'id': 221544, 'name': 'The Mummy (Universal Series)', 'poster_path': '/AvNgVQAVU7glcRawxyXnyHMPPbk.jpg', 'backdrop_path': '/9Hurk1iwEE3USJpBe48FChOSROC.jpg'}",0,"[{'id': 27, 'name': 'Horror'}]",,31498,tt0032818,en,The Mummy's Hand,"A couple of young, out-of-work archaeologists in Egypt discover evidence of the burial place of the ancient Egyptian princess Ananka. After receiving funding from an eccentric magician and his beautiful daughter, they set out into the desert only to be terrorized by a sinister high priest and the living mummy Kharis who are the guardians of Ananka's tomb.",1.622519,/xk3tHwDCV1wtu2sgsPIUQtMuV3K.jpg,"[{'name': 'Universal Pictures', 'id': 33}]","[{'iso_3166_1': 'US', 'name': 'United States of America'}]",1940-09-20,0.0,67.0,"[{'iso_639_1': 'en', 'name': 'English'}]",Released,The tomb of a thousand terrors!,The Mummy's Hand,False,6.5,14.0
False,"{'id': 221544, 'name': 'The Mummy (Universal Series)', 'poster_path': '/AvNgVQAVU7glcRawxyXnyHMPPbk.jpg', 'backdrop_path': '/9Hurk1iwEE3USJpBe48FChOSROC.jpg'}",0,"[{'id': 18, 'name': 'Drama'}, {'id': 14, 'name': 'Fantasy'}, {'id': 27, 'name': 'Horror'}, {'id': 9648, 'name': 'Mystery'}, {'id': 53, 'name': 'Thriller'}]",,29239,tt0035096,en,The Mummy's Tomb,A high priest of Karnak travels to America with the living mummy Kharis (Lon Chaney Jr.) to kill all those who had desecrated the tomb of the Egyptian princess Ananka thirty years earlier.,0.674417,/wuaqpLGb5PHpUGUCmQwyS5EVLdw.jpg,"[{'name': 'Universal Pictures', 'id': 33}]","[{'iso_3166_1': 'US', 'name': 'United States of America'}]",1942-10-23,0.0,60.0,"[{'iso_639_1': 'en', 'name': 'English'}]",Released,The FEAR of the Year!,The Mummy's Tomb,False,8.3,6.0
False,,0,"[{'id': 18, 'name': 'Drama'}]",,15660,tt0082766,en,Mommie Dearest,"In this biographical film, glamorous yet lonely star Joan Crawford takes in two orphans, and at first their unconventional family seems happy. But after Joan's attempts at romantic fulfillment go sour and she is fired from her contract with MGM studios, her callous and abusive behavior towards her daughter Christina becomes even more pronounced. Christina leaves home and takes her first acting role, only to find her mother's presence still overshadowing her.",2.878266,/vPwWgX1SzLRm6Tqhj9102Mg5kkz.jpg,"[{'name': 'Paramount Pictures', 'id': 4}]","[{'iso_3166_1': 'US', 'name': 'United States of America'}]",1981-09-18,0.0,129.0,"[{'iso_639_1': 'en', 'name': 'English'}]",Released,The meanest mother of them all,Mommie Dearest,False,6.6,55.0
False,"{'id': 8537, 'name': 'Superman Collection', 'poster_path': '/fgTdu62v1jjNDPh68V9TJZMgXbo.jpg', 'backdrop_path': '/la0EhOrgVAiY8sf3ILz3wgoaNXH.jpg'}",55000000,"[{'id': 28, 'name': 'Action'}, {'id': 12, 'name': 'Adventure'}, {'id': 14, 'name': 'Fantasy'}, {'id': 878, 'name': 'Science Fiction'}]",,1924,tt0078346,en,Superman,"Mild-mannered Clark Kent works as a reporter at the Daily Planet alongside his crush, Lois Lane − who's in love with Superman. Clark must summon his superhero alter ego when the nefarious Lex Luthor launches a plan to take over the world.",15.460102,/n2DOECThGG7h7m5AjLi2Nuh23u1.jpg,"[{'name': 'Warner Bros.', 'id': 6194}, {'name': 'Dovemead Films', 'id': 51861}, {'name': 'Film Export A.G.', 'id': 51862}]","[{'iso_3166_1': 'GB', 'name': 'United Kingdom'}, {'iso_3166_1': 'US', 'name': 'United States of America'}]",1978-12-13,300218018.0,143.0,"[{'iso_639_1': 'en', 'name': 'English'}]",Released,You'll Believe a Man Can Fly!,Superman,False,6.9,1042.0
False,"{'id': 8537, 'name': 'Superman Collection', 'poster_path': '/fgTdu62v1jjNDPh68V9TJZMgXbo.jpg', 'backdrop_path': '/la0EhOrgVAiY8sf3ILz3wgoaNXH.jpg'}",54000000,"[{'id': 28, 'name': 'Action'}, {'id': 12, 'name': 'Adventure'}, {'id': 14, 'name': 'Fantasy'}, {'id': 878, 'name': 'Science Fiction'}]",,8536,tt0081573,en,Superman II,"Three escaped criminals from the planet Krypton test the Man of Steel's mettle. Led by Gen. Zod, the Kryptonians take control of the White House and partner with Lex Luthor to destroy Superman and rule the world. But Superman, who attempts to make himself human in order to get closer to Lois, realizes he has a responsibility to save the planet.",10.301621,/uvxjXSfph2FD07A2jBG9NHJnl27.jpg,"[{'name': 'Warner Bros.', 'id': 6194}, {'name': 'Dovemead Films', 'id': 51861}, {'name': 'Film Export A.G.', 'id': 51862}]","[{'iso_3166_1': 'GB', 'name': 'United Kingdom'}, {'iso_3166_1': 'US', 'name': 'United States of America'}]",1980-12-04,190458706.0,127.0,"[{'iso_639_1': 'en', 'name': 'English'}]",Released,The Man of Steel meets his match!,Superman II,False,6.5,642.0
False,"{'id': 8537, 'name': 'Superman Collection', 'poster_path': '/fgTdu62v1jjNDPh68V9TJZMgXbo.jpg', 'backdrop_path': '/la0EhOrgVAiY8sf3ILz3wgoaNXH.jpg'}",39000000,"[{'id': 35, 'name': 'Comedy'}, {'id': 28, 'name': 'Action'}, {'id': 12, 'name': 'Adventure'}, {'id': 14, 'name': 'Fantasy'}, {'id': 878, 'name': 'Science Fiction'}]",,9531,tt0086393,en,Superman III,"Aiming to defeat the Man of Steel, wealthy executive Ross Webster hires bumbling but brilliant Gus Gorman to develop synthetic kryptonite, which yields some unexpected psychological effects in the third installment of the 1980s Superman franchise. Between rekindling romance with his high school sweetheart and saving himself, Superman must contend with a powerful supercomputer.",9.614638,/pDjfBk3YkdvRK2VERvoHaXJdNxF.jpg,"[{'name': 'Warner Bros.', 'id': 6194}, {'name': 'Dovemead Films', 'id': 51861}, {'name': 'Cantharus Productions', 'id': 51903}]","[{'iso_3166_1': 'GB', 'name': 'United Kingdom'}, {'iso_3166_1': 'US', 'name': 'United States of America'}]",1983-06-17,75850624.0,125.0,"[{'iso_639_1': 'en', 'name': 'English'}, {'iso_639_1': 'it', 'name': 'Italiano'}, {'iso_639_1': 'es', 'name': 'Español'}, {'iso_639_1': 'th', 'name': 'ภาษาไทย'}]",Released,If the world's most powerful computer can control even Superman...no one on earth is safe.,Superman III,False,5.3,500.0
False,"{'id': 8537, 'name': 'Superman Collection', 'poster_path': '/fgTdu62v1jjNDPh68V9TJZMgXbo.jpg', 'backdrop_path': '/la0EhOrgVAiY8sf3ILz3wgoaNXH.jpg'}",17000000,"[{'id': 28, 'name': 'Action'}, {'id': 12, 'name': 'Adventure'}, {'id': 878, 'name': 'Science Fiction'}]",,11411,tt0094074,en,Superman IV: The Quest for Peace,"With global superpowers engaged in an increasingly hostile arms race, Superman leads a crusade to rid the world of nuclear weapons. But Lex Luthor, recently sprung from jail, is declaring war on the Man of Steel and his quest to save the planet. Using a strand of Superman's hair, Luthor synthesizes a powerful ally known as Nuclear Man and ignites an epic battle spanning Earth and space.",7.990679,/q1P6UHWdrtZNkmdnoprV0ILfLlr.jpg,"[{'name': 'Cannon Films', 'id': 4110}, {'name': 'Warner Bros.', 'id': 6194}, {'name': 'London-Cannon Films', 'id': 6231}, {'name': 'Golan-Globus Productions', 'id': 13549}]","[{'iso_3166_1': 'GB', 'name': 'United Kingdom'}, {'iso_3166_1': 'US', 'name': 'United States of America'}]",1987-07-23,19300000.0,90.0,"[{'iso_639_1': 'en', 'name': 'English'}, {'iso_639_1': 'fr', 'name': 'Français'}, {'iso_639_1': 'it', 'name': 'Italiano'}, {'iso_639_1': 'ru', 'name': 'Pусский'}, {'iso_639_1': 'th', 'name': 'ภาษาไทย'}]",Released,"Nuclear Power. In the best hands, it is dangerous. In the hands of Lex Luthor, it is pure evil. This is Superman's greatest battle. And it is for all of us.",Superman IV: The Quest for Peace,False,4.1,327.0
False,"{'id': 221539, 'name': 'Dracula (Universal Series)', 'poster_path': '/srgkikGqQD32mhaq8wT6Qz2eLcD.jpg', 'backdrop_path': '/sdbStuQ5qEPZqqWUlNlBd0dPtBT.jpg'}",355000,"[{'id': 27, 'name': 'Horror'}]",,138,tt0021814,en,Dracula,The legend of vampire Count Dracula begins here with this original 1931 Dracula film from Bela Lugosi.,7.503126,/hA9kQrIwDHJKl1pt8GpJdDnBzim.jpg,"[{'name': 'Universal Pictures', 'id': 33}]","[{'iso_3166_1': 'US', 'name': 'United States of America'}]",1931-02-12,1012189.0,72.0,"[{'iso_639_1': 'en', 'name': 'English'}, {'iso_639_1': 'de', 'name': 'Deutsch'}, {'iso_639_1': 'hu', 'name': 'Magyar'}]",Released,The story of the strangest passion the world has ever known!,Dracula,False,7.2,254.0
False,"{'id': 221539, 'name': 'Dracula (Universal Series)', 'poster_path': '/srgkikGqQD32mhaq8wT6Qz2eLcD.jpg', 'backdrop_path': '/sdbStuQ5qEPZqqWUlNlBd0dPtBT.jpg'}",0,"[{'id': 27, 'name': 'Horror'}, {'id': 878, 'name': 'Science Fiction'}]",,30793,tt0037793,en,House of Dracula,"A scientist working on cures for rare afflictions, such as a bone softening agent made from molds to allow him to correct the spinal deformity of his nurse, finds the physical causes of lycanthropy in wolf-man Larry Talbot and of vampirism in Count Dracula, but himself becomes afflicted with homicidal madness while exchanging blood with Dracula.",9.074831,/ieMOOhBTWAoEx55egV7L3VXvRUq.jpg,"[{'name': 'Universal Pictures', 'id': 33}]","[{'iso_3166_1': 'US', 'name': 'United States of America'}]",1945-12-06,0.0,67.0,"[{'iso_639_1': 'en', 'name': 'English'}]",Released,HORROR UPON HORROR in the HOUSE OF DRACULA,House of Dracula,False,5.8,20.0
False,"{'id': 218406, 'name': 'Frankenstein (Universal Series)', 'poster_path': '/2PJYpPHOqnVMXelHV1T4t6zra4i.jpg', 'backdrop_path': '/oR3GHwhvOcjn124b7wOZl9SHh8G.jpg'}",0,"[{'id': 14, 'name': 'Fantasy'}, {'id': 27, 'name': 'Horror'}, {'id': 878, 'name': 'Science Fiction'}, {'id': 53, 'name': 'Thriller'}]",,3103,tt0036931,en,House of Frankenstein,"An evil scientist and a hunchback escape from prison and encounter Dracula, the Wolf Man and Frankenstein's Monster.",2.542558,/qzhYjNFri8KaaC0JGuFkWO4xmJH.jpg,"[{'name': 'Universal Pictures', 'id': 33}]","[{'iso_3166_1': 'US', 'name': 'United States of America'}]",1944-12-01,0.0,71.0,"[{'iso_639_1': 'en', 'name': 'English'}, {'iso_639_1': 'es', 'name': 'Español'}]",Released,All the Screen's Titans of Terror - Together in the Greatest of All SCREEN SENSATIONS!,House of Frankenstein,False,6.2,30.0
False,"{'id': 218406, 'name': 'Frankenstein (Universal Series)', 'poster_path': '/2PJYpPHOqnVMXelHV1T4t6zra4i.jpg', 'backdrop_path': '/oR3GHwhvOcjn124b7wOZl9SHh8G.jpg'}",291000,"[{'id': 18, 'name': 'Drama'}, {'id': 27, 'name': 'Horror'}, {'id': 878, 'name': 'Science Fiction'}]",,3035,tt0021884,en,Frankenstein,Henry Frankenstein is a doctor who is trying to discover a way to make the dead walk. He succeeds and creates a monster that has to deal with living again.,8.091603,/wB58wlBAr6484Wm6VyFDqSD8VOJ.jpg,"[{'name': 'Universal Pictures', 'id': 33}]","[{'iso_3166_1': 'US', 'name': 'United States of America'}]",1931-11-21,12000000.0,71.0,"[{'iso_639_1': 'en', 'name': 'English'}]",Released,The man who made a monster.,Frankenstein,False,7.3,295.0
False,"{'id': 218406, 'name': 'Frankenstein (Universal Series)', 'poster_path': '/2PJYpPHOqnVMXelHV1T4t6zra4i.jpg', 'backdrop_path': '/oR3GHwhvOcjn124b7wOZl9SHh8G.jpg'}",0,"[{'id': 27, 'name': 'Horror'}, {'id': 878, 'name': 'Science Fiction'}]",,3077,tt0031951,en,Son of Frankenstein,"Wolf Frankenstein, son of Henry Frankenstein, returns with his wife, to his fathers estate to claim his inheritance. When he arrives with his family he recieves a hostile reception from locals. While exploring his fathers laboratory he comes across crooked blacksmith - Ygor, who asks him to revive his father's creation - the MONSTER who is lying in a coma. Wolf tries to revive the monster and believes he fails but then some of the locals are found murdered soon after who just happened to be part of the jury that sent Ygor to the gallows. The villagers immediately connect the killings to Frankenstein and send the inspector to investigate. He discovers the monster is alive and is being used as tool by Ygor. Wolf then in fit of madness shoots Ygor. The then enraged monster losing his only friend kidnaps Wolf's son. In the end Wolf tracks the monster to the lab where he swings down on a chain knocking the monster into a sulpher pit and thus his demise.",3.563588,/bmJ0SwZGsTjN03EAwscBxuLRH4e.jpg,"[{'name': 'Universal Pictures', 'id': 33}]","[{'iso_3166_1': 'US', 'name': 'United States of America'}]",1939-01-13,0.0,99.0,"[{'iso_639_1': 'en', 'name': 'English'}]",Released,The black shadows of the past bred this half-man . . . half-demon ! . . . creating a new and terrible juggernaut of destruction !,Son of Frankenstein,False,7.0,42.0
False,"{'id': 218406, 'name': 'Frankenstein (Universal Series)', 'poster_path': '/2PJYpPHOqnVMXelHV1T4t6zra4i.jpg', 'backdrop_path': '/oR3GHwhvOcjn124b7wOZl9SHh8G.jpg'}",0,"[{'id': 14, 'name': 'Fantasy'}, {'id': 27, 'name': 'Horror'}, {'id': 878, 'name': 'Science Fiction'}]",,3074,tt0034786,en,The Ghost of Frankenstein,"Ygor discovers Frankenstein's creation is still alive and brings him to the Doctor's son, Ludwig, for help. Obsessed with restoring the monster to his full potential, Ludwig is unaware that someone has more devious plans for the creature.",4.021579,/xGrbBmWlRa70JsER3zrlup4d2k8.jpg,"[{'name': 'Universal Pictures', 'id': 33}]","[{'iso_3166_1': 'US', 'name': 'United States of America'}]",1942-03-13,0.0,67.0,"[{'iso_639_1': 'en', 'name': 'English'}]",Released,All new THRILLS!,The Ghost of Frankenstein,False,6.4,26.0
False,"{'id': 259027, 'name': 'The Wolf Man (Universal Series)', 'poster_path': '/bYvHmIKqSnUYyjFhabzNliS2qu1.jpg', 'backdrop_path': '/8DcHcYH0P9de2j8HPRYq9wXNaIf.jpg'}",0,"[{'id': 14, 'name': 'Fantasy'}, {'id': 27, 'name': 'Horror'}, {'id': 878, 'name': 'Science Fiction'}]",,3076,tt0035899,en,Frankenstein Meets the Wolf Man,"Graverobbers open the grave of the Wolfman and awake him. He doesn't like the idea of being immortal and killing people when the moon is full, so he tries to find Dr. Frankenstein, in the hopes that the Dr. can cure him, but Frankenstein is dead and only his Monster is alive and this one wants to live, not to die like the Wolfman.",5.841791,/n250rz42W9trz6vXhCLVhEoXdhL.jpg,"[{'name': 'Universal Pictures Co. Inc.', 'id': 87008}]","[{'iso_3166_1': 'US', 'name': 'United States of America'}]",1943-03-05,0.0,74.0,"[{'iso_639_1': 'en', 'name': 'English'}]",Released,,Frankenstein Meets the Wolf Man,False,6.5,42.0
False,"{'id': 123720, 'name': 'Frankenstein (Hammer Series)', 'poster_path': '/fKiok5TbCKWRgfNd4Rj8gPMzGJp.jpg', 'backdrop_path': '/gl9Gi60C9WYVkObOMll19OROhMC.jpg'}",0,"[{'id': 27, 'name': 'Horror'}, {'id': 878, 'name': 'Science Fiction'}]",,3079,tt0050280,en,The Curse of Frankenstein,Baron Victor Frankenstein has discovered life's secret and unleashed a blood-curdling chain of events resulting from his creation: a cursed creature with a horrid face — and a tendency to kill.,4.307941,/f4dwXdeZFHzLKMNgKGe46RWsMmM.jpg,"[{'name': 'Hammer Film Productions', 'id': 1314}]","[{'iso_3166_1': 'GB', 'name': 'United Kingdom'}]",1957-05-02,0.0,82.0,"[{'iso_639_1': 'en', 'name': 'English'}]",Released,The creature created by man and forgotten by nature!,The Curse of Frankenstein,False,6.8,61.0
False,"{'id': 221539, 'name': 'Dracula (Universal Series)', 'poster_path': '/srgkikGqQD32mhaq8wT6Qz2eLcD.jpg', 'backdrop_path': '/sdbStuQ5qEPZqqWUlNlBd0dPtBT.jpg'}",0,"[{'id': 14, 'name': 'Fantasy'}, {'id': 27, 'name': 'Horror'}]",,32023,tt0036376,en,Son of Dracula,"Carpathian Count Alucard is invited to the U.S. by a young ""morbid"" heiress. Her boyfriend and local officials are suspicious of the newcomer, who is interested in the ""virile"" soil of the new world.",5.343065,/fFEqccFp2sfZYXMDbtspvrpzr7X.jpg,"[{'name': 'Universal Pictures', 'id': 33}]","[{'iso_3166_1': 'US', 'name': 'United States of America'}]",1943-10-05,0.0,80.0,"[{'iso_639_1': 'en', 'name': 'English'}]",Released,BLOOD on his lips...! DOOM in his eyes...! an accursed VAMPIRE!,Son of Dracula,False,6.8,16.0
False,"{'id': 259027, 'name': 'The Wolf Man (Universal Series)', 'poster_path': '/bYvHmIKqSnUYyjFhabzNliS2qu1.jpg', 'backdrop_path': '/8DcHcYH0P9de2j8HPRYq9wXNaIf.jpg'}",0,"[{'id': 27, 'name': 'Horror'}, {'id': 18, 'name': 'Drama'}]",,13666,tt0034398,en,The Wolf Man,"After his brother's death, Larry Talbot returns home to his father and the family estate. Events soon take a turn for the worse when Larry is bitten by a werewolf.",5.386984,/5AoLvk8r0egU8bY5FFXiYw1XPeb.jpg,"[{'name': 'Universal Pictures', 'id': 33}]","[{'iso_3166_1': 'US', 'name': 'United States of America'}]",1941-12-12,0.0,70.0,"[{'iso_639_1': 'en', 'name': 'English'}]",Released,"""His hideous howl a dirge of death!""",The Wolf Man,False,7.2,124.0
False,"{'id': 174218, 'name': 'The Howling Collection', 'poster_path': '/ci6CZhFFLm0r3fDomXlRAmCEesr.jpg', 'backdrop_path': '/a0UuiTYxqMmj5Ll26rORaFoTKBc.jpg'}",0,"[{'id': 53, 'name': 'Thriller'}, {'id': 27, 'name': 'Horror'}]",,29794,tt0089308,en,Howling II: Stirba - Werewolf Bitch,A young girl whose sister was murdered by werewolves helps an investigator track down a gang of the beasts through the U.S. and Europe.,4.037458,/eJmzZuyYFgBMea9ynhg4cs0hJGy.jpg,"[{'name': 'Hemdale', 'id': 16593}, {'name': ""Cinema '84/Greenberg Brothers Partnership"", 'id': 84526}]","[{'iso_3166_1': 'GB', 'name': 'United Kingdom'}, {'iso_3166_1': 'US', 'name': 'United States of America'}]",1985-08-28,0.0,91.0,"[{'iso_639_1': 'en', 'name': 'English'}]",Released,It's not over yet.,Howling II: Stirba - Werewolf Bitch,False,4.2,41.0
False,,0,"[{'id': 27, 'name': 'Horror'}, {'id': 878, 'name': 'Science Fiction'}, {'id': 53, 'name': 'Thriller'}]",,9077,tt0048696,en,Tarantula,A spider escapes from an isolated desert laboratory experimenting in giantism and grows to tremendous size as it wreaks havoc on the local inhabitants.,4.453327,/gPjlVSys2CJP1aQKXnhj4kKDxrB.jpg,"[{'name': 'Universal International Pictures (UI)', 'id': 10330}]","[{'iso_3166_1': 'US', 'name': 'United States of America'}]",1955-12-14,0.0,80.0,"[{'iso_639_1': 'en', 'name': 'English'}]",Released,More terrifying than any horror known to man comes a creeping crawling monster whose towering fury no one can escape!,Tarantula,False,6.1,58.0
False,"{'id': 281644, 'name': 'Rocky Horror Collection', 'poster_path': '/av74GpX6RjxQxPqWm1Hkcbc7dAE.jpg', 'backdrop_path': None}",1200000,"[{'id': 35, 'name': 'Comedy'}, {'id': 27, 'name': 'Horror'}, {'id': 10402, 'name': 'Music'}, {'id': 878, 'name': 'Science Fiction'}]",http://www.rockyhorror.com/,36685,tt0073629,en,The Rocky Horror Picture Show,"Sweethearts Brad and Janet, stuck with a flat tire during a storm, discover the eerie mansion of Dr. Frank-N-Furter, a transvestite scientist. As their innocence is lost, Brad and Janet meet a houseful of wild characters, including a rocking biker and a creepy butler. Through elaborate dances and rock songs, Frank-N-Furter unveils his latest creation: a muscular man named 'Rocky'.",8.699428,/v2NC7o8f7AZvQbOAwrfRbe5Z106.jpg,"[{'name': 'Twentieth Century Fox Film Corporation', 'id': 306}, {'name': 'Michael White Productions', 'id': 463}]","[{'iso_3166_1': 'GB', 'name': 'United Kingdom'}, {'iso_3166_1': 'US', 'name': 'United States of America'}]",1975-08-14,112892319.0,100.0,"[{'iso_639_1': 'en', 'name': 'English'}]",Released,A Different Set Of Jaws.,The Rocky Horror Picture Show,False,7.4,703.0
False,,0,"[{'id': 53, 'name': 'Thriller'}, {'id': 878, 'name': 'Science Fiction'}]",,43391,tt0042469,en,The Flying Saucer,"The CIA sends playboy Mike Trent to Alaska with agent Vee Langley, posing as his ""nurse,"" to investigate flying saucer sightings. At first, installed in a hunting lodge, the two play in the wilderness. But then they sight a saucer. Investigating, our heroes clash with an inept gang of Soviet spies, also after the saucer secret.",0.432126,/fk2sVtesehLfp0jL01joPBEcJhJ.jpg,"[{'name': 'Colonial Productions', 'id': 57825}]","[{'iso_3166_1': 'US', 'name': 'United States of America'}]",1950-01-04,0.0,69.0,"[{'iso_639_1': 'en', 'name': 'English'}]",Released,,The Flying Saucer,False,2.7,7.0
False,,5000000,"[{'id': 35, 'name': 'Comedy'}, {'id': 99, 'name': 'Documentary'}]",,30168,tt0084156,en,It Came from Hollywood,"Dan Ackroyd, John Candy, Gilda Radner and Cheech and Chong present this compilation of classic bad films from the 50's, 60's and 70's. Special features on gorilla pictures, anti-marijuana films and a special tribute to the worst film maker of all-time, Ed Wood.",1.629796,/7MEflXzbne5jzOalnM7Q3LY1Cgj.jpg,"[{'name': 'Paramount Pictures', 'id': 4}]","[{'iso_3166_1': 'US', 'name': 'United States of America'}]",1982-12-10,2091037.0,80.0,"[{'iso_639_1': 'en', 'name': 'English'}]",Released,We're going to make you LAUGH.,It Came from Hollywood,False,6.0,12.0
False,,0,"[{'id': 27, 'name': 'Horror'}, {'id': 878, 'name': 'Science Fiction'}]",,10785,tt0044121,en,The Thing from Another World,Scientists and American Air Force officials fend off a blood-thirsty alien organism while at a remote arctic outpost.,5.466036,/jb4gPm7A5nKikStVu5IiRw3vqzd.jpg,"[{'name': 'RKO Radio Pictures', 'id': 6}, {'name': 'Winchester Pictures Corporation', 'id': 13987}]","[{'iso_3166_1': 'US', 'name': 'United States of America'}]",1951-04-29,0.0,87.0,"[{'iso_639_1': 'en', 'name': 'English'}]",Released,Look Out...It's The Thing,The Thing from Another World,False,6.9,142.0
False,,0,"[{'id': 27, 'name': 'Horror'}, {'id': 878, 'name': 'Science Fiction'}]",,19483,tt0045920,en,It Came from Outer Space,"Author &amp; amateur astronomer John Putnam and schoolteacher Ellen Fields witness an enormous meteorite come down near a small town in Arizona, but Putnam becomes a local object of scorn when, after examining the object up close, he announces that it is a spacecraft, and that it is inhabited...",7.749114,/hIYZaXip6eZDN9hU9xCZAVuFAWG.jpg,"[{'name': 'Universal International Pictures (UI)', 'id': 10330}]","[{'iso_3166_1': 'US', 'name': 'United States of America'}]",1953-05-26,0.0,81.0,"[{'iso_639_1': 'en', 'name': 'English'}]",Released,Fantastic sights leap out at you!,It Came from Outer Space,False,6.2,52.0
False,,2000000,"[{'id': 27, 'name': 'Horror'}, {'id': 878, 'name': 'Science Fiction'}, {'id': 53, 'name': 'Thriller'}]",,8974,tt0046534,en,The War of the Worlds,"The residents of a small town are excited when a flaming meteor lands in the hills, but their joy is short-lived when they discover it has passengers who are not very friendly.",5.609399,/kCbFRaaDob0bmRjqafgaDTFpGJJ.jpg,"[{'name': 'Paramount Pictures', 'id': 4}]","[{'iso_3166_1': 'US', 'name': 'United States of America'}]",1953-08-13,2000000.0,85.0,"[{'iso_639_1': 'cs', 'name': 'Český'}, {'iso_639_1': 'en', 'name': 'English'}, {'iso_639_1': 'es', 'name': 'Español'}]",Released,Amazing! terrifying! The most savage spectacle of all time!,The War of the Worlds,False,6.8,172.0
False,,0,"[{'id': 27, 'name': 'Horror'}, {'id': 878, 'name': 'Science Fiction'}]",,29959,tt0048215,en,It Came from Beneath the Sea,"A Giant Octopus, whose feeding habits have been affected by radiation from H-Bomb tests, rises from the Mindanao Deep to terrorize the California Coast.",2.917071,/wTFPbEWY1zQxU92qCl8Exx3WpKS.jpg,"[{'name': 'Columbia Pictures', 'id': 5}, {'name': 'Clover Productions', 'id': 3458}]","[{'iso_3166_1': 'US', 'name': 'United States of America'}]",1955-07-01,0.0,79.0,"[{'iso_639_1': 'en', 'name': 'English'}]",Released,IT CRUSHES! KILLS! DESTROYS!,It Came from Beneath the Sea,False,5.4,20.0
False,,417000,"[{'id': 27, 'name': 'Horror'}, {'id': 878, 'name': 'Science Fiction'}]",,11549,tt0049366,en,Invasion of the Body Snatchers,A small-town doctor learns that the population of his community is being replaced by emotionless alien duplicates.,6.135431,/6EVtwbBvGpfopVJdlgIs7mEHpuG.jpg,"[{'name': 'Allied Artists Pictures', 'id': 4928}, {'name': 'Walter Wanger Productions', 'id': 10096}]","[{'iso_3166_1': 'US', 'name': 'United States of America'}]",1956-02-05,0.0,80.0,"[{'iso_639_1': 'en', 'name': 'English'}]",Released,... there was nothing to hold onto - except each other.,Invasion of the Body Snatchers,False,7.3,277.0
False,,0,"[{'id': 28, 'name': 'Action'}, {'id': 878, 'name': 'Science Fiction'}]",,18158,tt0049169,en,Earth vs. the Flying Saucers,"After aliens fail to effectively manage their time-space communications devices and botch an attempt to contact rocket scientist Dr. Russell Marvin and his charming wife Carol, they start to destroy Earth targets, suck the knowledge out of military brains, and issue ultimatums. Fortunately, Dr. Marvin and his fellow scientists have a few tricks of their own.",3.340532,/2uZiDKBAfBYGvJwJDgFaeY3szSh.jpg,"[{'name': 'Columbia Pictures Corporation', 'id': 441}, {'name': 'Clover Productions', 'id': 3458}]","[{'iso_3166_1': 'US', 'name': 'United States of America'}]",1956-07-04,0.0,83.0,"[{'iso_639_1': 'en', 'name': 'English'}]",Released,The terrifying truth about flying saucers!,Earth vs. the Flying Saucers,False,6.0,41.0
False,,0,"[{'id': 27, 'name': 'Horror'}, {'id': 878, 'name': 'Science Fiction'}, {'id': 53, 'name': 'Thriller'}]",,27625,tt0049370,en,It Conquered the World,An alien from Venus tries to take over the world with the help of a disillusioned human scientist.,2.141695,/tVJFcfYX5XzKMDSRtjGQdznEaq1.jpg,"[{'name': 'Sunset Productions', 'id': 4697}]","[{'iso_3166_1': 'US', 'name': 'United States of America'}]",1956-07-14,0.0,71.0,"[{'iso_639_1': 'en', 'name': 'English'}]",Released,Every man its prisoner... every woman its slave!,It Conquered the World,False,4.0,10.0
False,,0,"[{'id': 12, 'name': 'Adventure'}, {'id': 14, 'name': 'Fantasy'}, {'id': 27, 'name': 'Horror'}, {'id': 878, 'name': 'Science Fiction'}]",,41516,tt0049516,en,The Mole People,A party of archaeologists discovers the remnants of a mutant five millennia-old Sumerian civilization living beneath a glacier atop a mountain in Mesopatamia.,0.883306,/9ozw07YVow3hAZoFg5CloP8U3CM.jpg,"[{'name': 'Universal International Pictures (UI)', 'id': 10330}]","[{'iso_3166_1': 'US', 'name': 'United States of America'}]",1956-12-01,0.0,77.0,"[{'iso_639_1': 'en', 'name': 'English'}]",Released,"...a savage civilization a million years old, raging with blood-lusting fury!",The Mole People,False,4.4,14.0
False,"{'id': 87228, 'name': 'Swamp Thing Collection', 'poster_path': '/niEEDNB366pMOI5RRcw36QGaGDm.jpg', 'backdrop_path': '/w0jv6vdKe3TGOLaCgPbZOu85gas.jpg'}",3000000,"[{'id': 27, 'name': 'Horror'}, {'id': 878, 'name': 'Science Fiction'}]",,17918,tt0084745,en,Swamp Thing,"Dr. Alec Holland, hidden away in the depths of a murky swamp, is trying to create a new species - a combination of animal and plant capable of adapting and thriving in the harshest conditions. Unfortunately he becomes subject of his own creation and is transformed. Arcane, desperate for the formula, attempts to capture the Swamp Thing. An explosive chase ensues that ultimately ends with a confrontation between Holland and a changed Arcane...",9.412377,/mlTr4tY9pWa7QQPdV9xkxVaJ5GC.jpg,"[{'name': 'DC Comics', 'id': 429}]","[{'iso_3166_1': 'US', 'name': 'United States of America'}]",1982-02-19,0.0,91.0,"[{'iso_639_1': 'en', 'name': 'English'}]",Released,Science changed him into a monster. Love changed him even more!,Swamp Thing,False,5.4,92.0
False,,0,"[{'id': 28, 'name': 'Action'}, {'id': 10752, 'name': 'War'}, {'id': 18, 'name': 'Drama'}]",,37305,tt0053183,en,Pork Chop Hill,American GI's must retake a barren hill in Korea that has been overrun by Red Chinese troops. The ensuing battle becomes a meat grinder for American and Chinese alike.,2.522122,/3EJmYJyj2eyDArf36EXttVak3I3.jpg,"[{'name': 'United Artists', 'id': 60}, {'name': 'Melville Productions', 'id': 3077}]","[{'iso_3166_1': 'US', 'name': 'United States of America'}]",1959-05-29,0.0,97.0,"[{'iso_639_1': 'en', 'name': 'English'}]",Released,Bold! Blunt! Blistering! The battle picture without equal!,Pork Chop Hill,False,6.4,16.0
False,,0,"[{'id': 18, 'name': 'Drama'}, {'id': 10752, 'name': 'War'}]",,18784,tt0052151,en,"Run Silent, Run Deep",The captain of a submarine sunk by the Japanese during WWII is finally given a chance to skipper another sub after a year of working a desk job. His singleminded determination for revenge against the destroyer that sunk his previous vessel puts his new crew in unneccessary danger.,2.73837,/ulxNcQuQ0ERdfLYE8aopUgVUmAw.jpg,"[{'name': 'Hill-Hecht-Lancaster Productions', 'id': 14269}, {'name': 'Jeffrey Pictures Corp.', 'id': 82943}]","[{'iso_3166_1': 'US', 'name': 'United States of America'}]",1958-03-27,0.0,93.0,"[{'iso_639_1': 'en', 'name': 'English'}, {'iso_639_1': 'ja', 'name': '日本語'}]",Released,Gable and Lancaster make the seas boil in the battle adventure that hits like a torpedo!,"Run Silent, Run Deep",False,7.5,31.0
False,,42000000,"[{'id': 10749, 'name': 'Romance'}, {'id': 35, 'name': 'Comedy'}, {'id': 18, 'name': 'Drama'}]",http://www.notting-hill.com/,509,tt0125439,en,Notting Hill,The British comedy from director Roger Michell tells the love story between a famous actress and a simple book seller from London. A look into the attempt for famous people to have a personal and private life and the ramifications that follow. Nominated for three Golden Globes in 2000.,9.874043,/f1gMw3PVicfdq9thlvUIjJ5UdvS.jpg,"[{'name': 'Bookshop Productions', 'id': 282}, {'name': 'Notting Hill Pictures', 'id': 283}, {'name': 'Working Title Films', 'id': 10163}, {'name': 'Polygram Filmed Entertainment', 'id': 31080}]","[{'iso_3166_1': 'GB', 'name': 'United Kingdom'}, {'iso_3166_1': 'US', 'name': 'United States of America'}]",1999-05-13,363889678.0,124.0,"[{'iso_639_1': 'en', 'name': 'English'}, {'iso_639_1': 'es', 'name': 'Español'}]",Released,Can the most famous film star in the world fall for the man on the street?,Notting Hill,False,7.0,1309.0
False,,16000000,"[{'id': 53, 'name': 'Thriller'}, {'id': 878, 'name': 'Science Fiction'}, {'id': 9648, 'name': 'Mystery'}]",,1090,tt0139809,en,The Thirteenth Floor,"Computer scientist Hannon Fuller has discovered something extremely important. He's about to tell the discovery to his colleague, Douglas Hall, but knowing someone is after him, the old man leaves a letter in his computer generated parallel world that's just like the 30's with seemingly real people with real emotions.",9.356587,/19XUd3YoAY2cwWJnutvq5VEtiIO.jpg,"[{'name': 'Columbia Pictures', 'id': 5}, {'name': 'Centropolis Film Productions', 'id': 620}]","[{'iso_3166_1': 'US', 'name': 'United States of America'}]",1999-04-16,18564088.0,100.0,"[{'iso_639_1': 'en', 'name': 'English'}]",Released,Question reality. You can go there even though it doesn't exist.,The Thirteenth Floor,False,6.8,381.0
False,,0,"[{'id': 18, 'name': 'Drama'}]",,24858,tt0156794,el,Μια αιωνιότητα και μια μέρα,"Alexander, a famous writer, is very ill and has only a few days to live. He meets a little boy on the street, who is an illegal immigrant from Albania. Alexander then takes the boy home.",1.266908,/k7aGrVip5qLCRmAFs7vhqRzWmcT.jpg,"[{'name': 'Arte', 'id': 201}, {'name': 'Paradis Films', 'id': 255}, {'name': 'Istituto Luce', 'id': 317}, {'name': 'Eurimages', 'id': 850}, {'name': 'Canal+', 'id': 5358}, {'name': 'Westdeutscher Rundfunk (WDR)', 'id': 7025}, {'name': 'Greek Film Center', 'id': 7254}, {'name': 'Greek Television ET-1', 'id': 10769}, {'name': 'La Sept Cinéma', 'id': 16366}, {'name': 'Intermédias', 'id': 30389}, {'name': 'Theo Angelopoulos Films', 'id': 33152}, {'name': 'Classic', 'id': 33155}]","[{'iso_3166_1': 'FR', 'name': 'France'}, {'iso_3166_1': 'DE', 'name': 'Germany'}, {'iso_3166_1': 'GR', 'name': 'Greece'}, {'iso_3166_1': 'IT', 'name': 'Italy'}]",1998-01-01,0.0,137.0,"[{'iso_639_1': 'en', 'name': 'English'}, {'iso_639_1': 'el', 'name': 'ελληνικά'}, {'iso_639_1': 'it', 'name': 'Italiano'}]",Released,,Eternity and a Day,False,7.1,14.0
False,,4000000,"[{'id': 18, 'name': 'Drama'}]",,15059,tt0126859,en,The Loss of Sexual Innocence,The story of the sexual development of a filmmaker through three stages of his life.,3.02583,/jo2F0n1wnYKcHc181OzWPKqHs4M.jpg,"[{'name': 'Summit Entertainment', 'id': 491}, {'name': 'Newmarket Capital Group', 'id': 506}, {'name': 'Red Mullet Productions', 'id': 24827}]","[{'iso_3166_1': 'GB', 'name': 'United Kingdom'}, {'iso_3166_1': 'US', 'name': 'United States of America'}]",1999-04-29,0.0,106.0,"[{'iso_639_1': 'en', 'name': 'English'}]",Released,,The Loss of Sexual Innocence,False,5.2,9.0
False,,0,"[{'id': 35, 'name': 'Comedy'}, {'id': 18, 'name': 'Drama'}, {'id': 10749, 'name': 'Romance'}]",,55912,tt0138590,en,The Man with Rain in His Shoes,"Victor Bukowski is an out-of-work actor with problems. He's got a lousy agent, he has a habit of falling out with directors and he's still in love with his ex-girlfriend. However, Victor is about to embark on an unexpected emotional journey which will make him confront his future and his past mistakes.",1.217192,/wGSj8B6NbrPxzHlY4t6JPESpckA.jpg,"[{'name': 'HandMade Films', 'id': 20076}, {'name': 'CLT', 'id': 40996}, {'name': 'Escima', 'id': 40997}]","[{'iso_3166_1': 'ES', 'name': 'Spain'}, {'iso_3166_1': 'US', 'name': 'United States of America'}, {'iso_3166_1': 'GB', 'name': 'United Kingdom'}, {'iso_3166_1': 'FR', 'name': 'France'}, {'iso_3166_1': 'DE', 'name': 'Germany'}]",1998-11-27,258464.0,91.0,"[{'iso_639_1': 'en', 'name': 'English'}]",Released,For anyone who needs a second chance at once upon a time.,Twice Upon a Yesterday,False,5.1,8.0
False,,80000000,"[{'id': 18, 'name': 'Drama'}, {'id': 9648, 'name': 'Mystery'}, {'id': 53, 'name': 'Thriller'}]",,12117,tt0128278,en,Instinct,"Dr. Ethan Powell, an anthropologist, is in Africa studying apes when he is lost for two years. When he is found, he kills 3 men and puts 2 in the hospital. Cuba Gooding's character is a psychiatrist who wants to take up the task of trying to get Dr. Powell to speak again and maybe even stand judgment at a trial for his release from prison of mental cases. Along the way, Cuba has to deal with also helping the mental patients that are being abused and neglected. In this process Cuba learns a few things about himself and life, and so does Anthony Hopkins character, Dr. Powell.",6.236116,/utbDE181LCMA27E1CgGtaC4XrbF.jpg,"[{'name': 'Spyglass Entertainment', 'id': 158}, {'name': 'Touchstone Pictures', 'id': 9195}]","[{'iso_3166_1': 'US', 'name': 'United States of America'}]",1999-06-04,0.0,126.0,"[{'iso_639_1': 'en', 'name': 'English'}]",Released,,Instinct,False,6.3,149.0
False,,0,"[{'id': 99, 'name': 'Documentary'}, {'id': 10402, 'name': 'Music'}]",,11779,tt0186508,en,Buena Vista Social Club,"In this fascinating Oscar-nominated documentary, American guitarist Ry Cooder brings together a group of legendary Cuban folk musicians (some in their 90s) to record a Grammy-winning CD in their native city of Havana. The result is a spectacular compilation of concert footage from the group's gigs in Amsterdam and New York City's famed Carnegie Hall, with director Wim Wenders capturing not only the music -- but also the musicians' life stories.",11.619416,/y6zIdCZdp2IMIuV4z6CjQ5I01Q5.jpg,[],"[{'iso_3166_1': 'CU', 'name': 'Cuba'}, {'iso_3166_1': 'DE', 'name': 'Germany'}, {'iso_3166_1': 'FR', 'name': 'France'}, {'iso_3166_1': 'GB', 'name': 'United Kingdom'}, {'iso_3166_1': 'US', 'name': 'United States of America'}]",1999-02-17,0.0,105.0,"[{'iso_639_1': 'en', 'name': 'English'}, {'iso_639_1': 'es', 'name': 'Español'}]",Released,"In Havana, music isn't a pastime, it's a way of life.",Buena Vista Social Club,False,7.3,76.0
False,,0,"[{'id': 35, 'name': 'Comedy'}, {'id': 18, 'name': 'Drama'}]",,41730,tt0126261,en,Desert Blue,"An academic obsessed with ""roadside attractions"" and his tv-star daughter finally discover the world's largest ice cream cone, the centerpiece for an old gold-rush town struggling to stay on the map. They end up staying longer than expected because of an accident that spilled an unknown cola ingredient all over the highway. They spend the next few days with the various residents of the town which include a teenage girl who loves to blow things up and a boy trying to keep alive his fathers dream of building a beachside resort in the middle of the desert.",2.494188,/bHsLvpsTU5VI96YDCdJMmGz2M0o.jpg,"[{'name': 'Ignite Entertainment', 'id': 15460}, {'name': 'HSX Films', 'id': 15461}]","[{'iso_3166_1': 'US', 'name': 'United States of America'}]",1999-06-06,0.0,90.0,"[{'iso_639_1': 'en', 'name': 'English'}]",Released,"Once You Get There, You'll Never Want To Leave",Desert Blue,False,5.5,9.0
False,,0,"[{'id': 99, 'name': 'Documentary'}]",,84198,tt1736049,en,A Place at the Table,"Using personal stories, this powerful documentary illuminates the plight of the 49 million Americans struggling with food insecurity. A single mother, a small-town policeman and a farmer are among those for whom putting food on the table is a daily battle.",0.501046,/jn8L1QdWWX5c0NUOLjzaSXtZrbt.jpg,[],"[{'iso_3166_1': 'US', 'name': 'United States of America'}]",2012-03-22,0.0,84.0,"[{'iso_639_1': 'en', 'name': 'English'}]",Released,One Nation. Underfed.,A Place at the Table,False,6.9,7.0
False,,0,"[{'id': 18, 'name': 'Drama'}]",,100568,tt0139216,en,Floating,"Floating is the story of a young man's struggle to come of age during a violent period of emotional and financial bankruptcy. The film stars Norman Reedus as Van, a son shouldering the responsibility of his embittered father, with no one to nurture him through his own pain. Van's father is so engrossed in his own troubles that he fails to emotionally support his son. As Doug, Chad Lowe provides Van with friendship, but more importantly, with the knowledge that a ""perfect life"" isn't always what it seems. After Van and Doug engage in a crime spree that ends in tragedy, father and son finally come together for the first time to transcend mourning.",0.226247,/yY2aX3m4gRwUyg5DAmpONJLh0bQ.jpg,[],[],1999-10-08,0.0,90.0,"[{'iso_639_1': 'en', 'name': 'English'}]",Released,One tragedy destroyed his life. Another one saved it.,Floating,False,5.0,4.0
False,,0,"[{'id': 35, 'name': 'Comedy'}, {'id': 10749, 'name': 'Romance'}]",,13533,tt0141105,en,Free Enterprise,"Young filmmakers trying to hawk a movie titled ""Bradykillers"" about a serial killer who goes after victims Marcia, Jan, and Cindy meet their screen idol, William Shatner. The two young men, who idolize him and in their fantasies have seen him as a shadowy fairy godfather figure, are alarmed at the reality of the middle-aged non-Captain Kirk man that they meet.",0.898365,/3GCMZDhvtrUcUK3FaZS3aEkyj8j.jpg,"[{'name': 'Mindfire Entertainment', 'id': 8068}, {'name': 'Triad Studios', 'id': 78324}]","[{'iso_3166_1': 'US', 'name': 'United States of America'}]",1998-06-04,0.0,113.0,"[{'iso_639_1': 'en', 'name': 'English'}]",Released,Love long and party,Free Enterprise,False,5.8,10.0
False,,8000000,"[{'id': 12, 'name': 'Adventure'}, {'id': 18, 'name': 'Drama'}, {'id': 53, 'name': 'Thriller'}]",,62676,tt0164085,en,Limbo,"Unconventional narrative about the interactions amongst a group of people in a small town in Alaska, each of whom has guards a secret.",1.969282,/dQOjALrOYmnM81yCiQDvRKX1KBf.jpg,[],[],1999-06-04,1997807.0,126.0,"[{'iso_639_1': 'en', 'name': 'English'}]",Released,The Only Thing More Dangerous Than Death... Is Survival.,Limbo,False,7.0,17.0
False,"{'id': 1006, 'name': 'Austin Powers Collection', 'poster_path': '/9fg3fFqjr2ofmgjyWKfKgv6ZLu0.jpg', 'backdrop_path': '/3QJMI8nqQcwU5JBPy26m8TUXtTN.jpg'}",33000000,"[{'id': 12, 'name': 'Adventure'}, {'id': 35, 'name': 'Comedy'}, {'id': 80, 'name': 'Crime'}, {'id': 878, 'name': 'Science Fiction'}]",,817,tt0145660,en,Austin Powers: The Spy Who Shagged Me,"When diabolical genius, Dr. Evil travels back in time to steal superspy Austin Powers's ‘mojo’, Austin must return to the swingin' '60s himself – with the help of American agent, Felicity Shagwell – to stop the dastardly plan. Once there, Austin faces off against Dr. Evil's army of minions and saves the world in his own unbelievably groovy way.",13.984182,/yhg0l1Ddd2thQOSUUQx9jBrGI12.jpg,"[{'name': 'New Line Cinema', 'id': 12}, {'name': ""Eric's Boy"", 'id': 595}]","[{'iso_3166_1': 'US', 'name': 'United States of America'}]",1999-06-08,310940086.0,95.0,"[{'iso_639_1': 'de', 'name': 'Deutsch'}, {'iso_639_1': 'en', 'name': 'English'}]",Released,"I'm back, baby!",Austin Powers: The Spy Who Shagged Me,False,6.1,1034.0
False,,0,"[{'id': 35, 'name': 'Comedy'}, {'id': 18, 'name': 'Drama'}, {'id': 14, 'name': 'Fantasy'}]",,265966,tt0143924,en,Promise Her Anything,A quaint small town that hasn't paid taxes since World War II draws the attention of an ambitious tax inspector in this comedy starring Billy Zane and Patrick Bergin.,0.451412,/zz2sZGdo3R0fSFjMxEuby7d8CQM.jpg,"[{'name': 'Open City Films', 'id': 547}, {'name': 'Counterclock Productions', 'id': 17048}]","[{'iso_3166_1': 'US', 'name': 'United States of America'}, {'iso_3166_1': 'CA', 'name': 'Canada'}]",1999-06-11,0.0,101.0,"[{'iso_639_1': 'en', 'name': 'English'}]",Released,,Promise Her Anything,False,0.0,0.0
False,,0,"[{'id': 18, 'name': 'Drama'}, {'id': 35, 'name': 'Comedy'}]",,91598,tt0156820,en,Le nain rouge,"Lucien is a dwarf, who works hard in a large legal office. His only friend is trapeze circus artist Isis. One day he gets the attention of singer Paola Bendoni and falls in love with her.",0.113904,/a3W2wBqq9OAoSm1ea4KsFZ13SYU.jpg,[],[],1998-05-16,0.0,100.0,[],Released,Life begins when you snap.,The Red Dwarf,False,5.5,3.0
False,,18000000,"[{'id': 18, 'name': 'Drama'}, {'id': 53, 'name': 'Thriller'}, {'id': 9648, 'name': 'Mystery'}, {'id': 10402, 'name': 'Music'}, {'id': 10749, 'name': 'Romance'}]",,14283,tt0120802,en,The Red Violin,"Spans 300 years in the life of one famed musical instrument that winds up in present-day Montreal on the auction block. Crafted by the Italian master Bussotti (Cecchi) in 1681, the red violin derives its unusual color from the human blood mixed into the finish. With this legacy, the violin travels to Austria, England, China, and Canada, leaving both beauty and tragedy in its wake.",7.725843,/lh6EZuSSmGzaRgYuJeO7uSynQR4.jpg,"[{'name': 'Rhombus Media', 'id': 164}, {'name': 'Channel Four Films', 'id': 181}]","[{'iso_3166_1': 'CA', 'name': 'Canada'}, {'iso_3166_1': 'IT', 'name': 'Italy'}, {'iso_3166_1': 'GB', 'name': 'United Kingdom'}]",1998-09-10,9495408.0,131.0,"[{'iso_639_1': 'en', 'name': 'English'}, {'iso_639_1': 'fr', 'name': 'Français'}, {'iso_639_1': 'de', 'name': 'Deutsch'}, {'iso_639_1': 'it', 'name': 'Italiano'}, {'iso_639_1': 'zh', 'name': '普通话'}, {'iso_639_1': 'es', 'name': 'Español'}]",Released,,The Red Violin,False,7.2,101.0
False,"{'id': 106768, 'name': 'Tarzan (Animation) Collection', 'poster_path': '/A7ox3LFDn87561sddxe2nZfpahX.jpg', 'backdrop_path': '/esBiZuIJyxr6sZL0OqkILcOkoUX.jpg'}",150000000,"[{'id': 12, 'name': 'Adventure'}, {'id': 16, 'name': 'Animation'}, {'id': 18, 'name': 'Drama'}, {'id': 10751, 'name': 'Family'}]",http://disneydvd.disney.go.com/tarzanr-special-edition.html,37135,tt0120855,en,Tarzan,"Tarzan was a small orphan who was raised by an ape named Kala since he was a child. He believed that this was his family, but on an expedition Jane Porter is rescued by Tarzan. He then finds out that he's human. Now Tarzan must make the decision as to which family he should belong to...",12.453452,/hnTrfKJmnPLMTajHw2RDgv6hVyH.jpg,"[{'name': 'Walt Disney Pictures', 'id': 2}]","[{'iso_3166_1': 'US', 'name': 'United States of America'}]",1999-06-18,448000000.0,88.0,"[{'iso_639_1': 'en', 'name': 'English'}]",Released,An immortal legend. As you've only imagined.,Tarzan,False,7.1,1715.0
False,,60000000,"[{'id': 80, 'name': 'Crime'}, {'id': 18, 'name': 'Drama'}, {'id': 9648, 'name': 'Mystery'}, {'id': 53, 'name': 'Thriller'}]",,2275,tt0144214,en,The General's Daughter,"When the body of Army Capt. Elizabeth Campbell is found on a Georgia military base, two investigators, Warrant Officers Paul Brenner and Sara Sunhill, are ordered to solve her murder. What they uncover is anything but clear-cut. Unseemly details emerge about Campbell's life, leading to allegations of a possible military coverup of her death and the involvement of her father, Lt. Gen. Joseph Campbell.",14.039655,/4fc4mB9tGgYV4mdJrWPLMfcRvnC.jpg,"[{'name': 'Paramount Pictures', 'id': 4}, {'name': 'MFP Munich Film Partners GmbH & Company I. Produktions KG', 'id': 21409}, {'name': 'Krane Entertainment', 'id': 25358}, {'name': 'Neufeld Rehme Productions', 'id': 38005}]","[{'iso_3166_1': 'DE', 'name': 'Germany'}, {'iso_3166_1': 'US', 'name': 'United States of America'}]",1999-06-18,149705852.0,116.0,"[{'iso_639_1': 'en', 'name': 'English'}]",Released,Go behind the lies.,The General's Daughter,False,6.1,209.0
False,,0,"[{'id': 35, 'name': 'Comedy'}, {'id': 99, 'name': 'Documentary'}]",,68426,tt0184510,en,Get Bruce!,"Affectionate tribute to Bruce Vilanch, who writes material for celebrities who make public appearances, from Oscar hosts and award recipients to Presidents. We meet his mom and see photos of his childhood; in Chicago, he writes for the Tribune and then heads West. Whoopi Goldberg, Billy Crystal, Robin Williams, and Bette Midler talk with him and to the camera about working with Bruce, and we also watch Bruce help others prepare for Liz Taylor's 60th, Bill Clinton's 50th, and an AIDS awards banquet where the hirsute, rotund Vilanch lets his emotions show.",0.489067,/cNlcaP5N3owquZoieCm58cbl6tt.jpg,[],"[{'iso_3166_1': 'US', 'name': 'United States of America'}]",1999-01-01,0.0,82.0,"[{'iso_639_1': 'en', 'name': 'English'}]",Released,,Get Bruce!,False,6.2,3.0
False,,14000000,"[{'id': 18, 'name': 'Drama'}, {'id': 35, 'name': 'Comedy'}, {'id': 10749, 'name': 'Romance'}]",,24137,tt0122541,en,An Ideal Husband,"Sir Robert Chiltern is a successful Government minister, well-off and with a loving wife. All this is threatened when Mrs Cheveley appears in London with damning evidence of a past misdeed. Sir Robert turns for help to his friend Lord Goring, an apparently idle philanderer and the despair of his father. Goring knows the lady of old, and, for him, takes the whole thing pretty seriously.",3.873796,/5EaU1ttO7C8wmLpmdRHRthKcgxq.jpg,"[{'name': 'Miramax Films', 'id': 14}, {'name': 'Pyramide Productions', 'id': 186}]","[{'iso_3166_1': 'GB', 'name': 'United Kingdom'}, {'iso_3166_1': 'US', 'name': 'United States of America'}]",1999-04-15,18535191.0,97.0,"[{'iso_639_1': 'en', 'name': 'English'}]",Released,He just doesn't know it yet.,An Ideal Husband,False,6.3,47.0
False,,9000000,"[{'id': 14, 'name': 'Fantasy'}]",,10376,tt0120731,it,La leggenda del pianista sull'oceano,"The story of a virtuoso piano player who lives his entire life aboard an ocean liner. Born and raised on the ship, 1900 (Tim Roth) learned about the outside world through interactions with passengers, never setting foot on land, even for the love of his life. Years later, the ship may be destroyed, and a former band member fears that 1900 may still be aboard, willing to go down with the ship.",7.668214,/wss1PkvHD2cYH6lu5mSa2MgGoi.jpg,"[{'name': 'Medusa Film', 'id': 6246}, {'name': 'Sciarlò', 'id': 27597}]","[{'iso_3166_1': 'IT', 'name': 'Italy'}]",1998-10-28,0.0,170.0,"[{'iso_639_1': 'en', 'name': 'English'}, {'iso_639_1': 'fr', 'name': 'Français'}]",Released,A beatiful story of a man who could do anything... except be ordinary.,The Legend of 1900,False,8.1,554.0
False,,1530000,"[{'id': 28, 'name': 'Action'}, {'id': 18, 'name': 'Drama'}, {'id': 53, 'name': 'Thriller'}]",,104,tt0130827,de,Lola rennt,"Lola receives a phone call from her boyfriend Manni. He lost 100,000 DM in a subway train that belongs to a very bad guy. She has 20 minutes to raise this amount and meet Manni. Otherwise, he will rob a store to get the money. Three different alternatives may happen depending on some minor event along Lola's run.",7.765379,/3L8QhF5IkZOnEnBFdpj6GVkkp7d.jpg,"[{'name': 'X-Filme Creative Pool', 'id': 1972}, {'name': 'Westdeutscher Rundfunk (WDR)', 'id': 7025}]","[{'iso_3166_1': 'DE', 'name': 'Germany'}]",1998-08-20,7267585.0,81.0,"[{'iso_639_1': 'de', 'name': 'Deutsch'}, {'iso_639_1': 'en', 'name': 'English'}, {'iso_639_1': 'ja', 'name': '日本語'}]",Released,Every second of every day you're faced with a decision that can change your life.,Run Lola Run,False,7.2,672.0
False,,0,"[{'id': 99, 'name': 'Documentary'}]",,15800,tt0120370,en,Trekkies,A hilarious look at the universe's most fervent fans.,4.79567,/bXfxkQnoq9xDegq7dmJpJXSMRYf.jpg,[],"[{'iso_3166_1': 'US', 'name': 'United States of America'}]",1997-10-18,0.0,86.0,"[{'iso_639_1': 'en', 'name': 'English'}]",Released,,Trekkies,False,6.3,22.0
False,,34200000,"[{'id': 35, 'name': 'Comedy'}, {'id': 18, 'name': 'Drama'}]",,9032,tt0142342,en,Big Daddy,"A lazy law school grad adopts a kid to impress his girlfriend, but everything doesn't go as planned and he becomes the unlikely foster father.",8.011869,/zDJ4GVch7Iw2i0j84ceoElRUZUR.jpg,"[{'name': 'Columbia Pictures', 'id': 5}]","[{'iso_3166_1': 'US', 'name': 'United States of America'}]",1999-06-25,234801895.0,93.0,"[{'iso_639_1': 'en', 'name': 'English'}, {'iso_639_1': 'it', 'name': 'Italiano'}]",Released,Nature called. Look who answered.,Big Daddy,False,6.2,898.0
False,,0,"[{'id': 18, 'name': 'Drama'}]",http://aso.gov.au/titles/features/the-boys/,13821,tt0139898,en,The Boys,"Brett Sprague is a violent and psychopathic man, who is released on parole after serving a sentence for assault. As he returns to his family house and we watch him and his brothers, Stevie and Glenn, for the next 24 hours, it becomes clear this day will not end well.",1.239074,/nkCmOJFNRuXeYE2dZCmdxY2RNgp.jpg,"[{'name': 'New South Wales Film & Television Office', 'id': 418}, {'name': 'Arena Films', 'id': 1243}, {'name': 'Axiom Films', 'id': 2816}, {'name': 'Globe Films', 'id': 2817}, {'name': 'SBS Independent', 'id': 2818}, {'name': 'Screen Partners Ltd.', 'id': 2819}]","[{'iso_3166_1': 'AU', 'name': 'Australia'}]",1998-05-07,0.0,86.0,"[{'iso_639_1': 'en', 'name': 'English'}]",Released,,The Boys,False,6.8,3.0
False,,12500000,"[{'id': 35, 'name': 'Comedy'}]",,9421,tt0119038,fr,Le Dîner de cons,"Each week, Pierre and his friends organize what is called as ""un dîner de cons"". Everyone brings the dumbest guy he could find as a guest. Pierre thinks his champ -François Pignon- will steal the show.",6.122739,/n57PfOOjoAzBBGJ87QJNkO40YzE.jpg,"[{'name': 'Gaumont', 'id': 9}, {'name': 'TPS Cinéma', 'id': 884}, {'name': 'TF1 Films Production', 'id': 3823}, {'name': 'EFVE', 'id': 11037}]","[{'iso_3166_1': 'FR', 'name': 'France'}]",1998-04-15,78599508.0,80.0,"[{'iso_639_1': 'fr', 'name': 'Français'}]",Released,,The Dinner Game,False,7.7,408.0
False,,0,"[{'id': 18, 'name': 'Drama'}, {'id': 35, 'name': 'Comedy'}, {'id': 10769, 'name': 'Foreign'}]",,55955,tt0119743,en,My Son the Fanatic,Pakistani taxi-driver Parvez and prostitute Bettina find themselves trapped in the middle when Islamic fundamentalists decide to clean up their local town.,0.147516,/4NGfgvhcorRalldiTMftmjoG1IQ.jpg,[],"[{'iso_3166_1': 'GB', 'name': 'United Kingdom'}]",1997-10-21,408339.0,88.0,"[{'iso_639_1': 'en', 'name': 'English'}]",Released,,My Son the Fanatic,False,4.7,3.0
False,,0,"[{'id': 878, 'name': 'Science Fiction'}]",,67067,tt0120554,en,Zone 39,"In a time of misery and fear two enemies come together to prevent an apocalypse conspired by their leaders. 40 years of war between the Federated Republics and the New Territories Union has taken its toll. The cities are overcrowded, farming land is riddled with unexploded mines -- and still there is no hope of peace. In this hostile, decaying world of the future on thing remains constant for Lieutenant Leo Megaw; his love for his pregnant wife. Her access to classified information makes her an increasing liability for the government. When she's ambushed, Leo is forced into exile. As a border patrolman on the isolated outpost of Zone 39, ordered to kill anyone that tries to cross the border, he comes to understand that ultimate catastrophe forced upon his world by his government. The real enemy is not looming across the border but standing right behind him. Now he must reach across the border into enemy territory and form an alliance to save his world.",0.087065,/5VMuNPqKhc0gEH0HyVxgjUXAgs9.jpg,"[{'name': 'Australian Film Finance Corporation (AFFC)', 'id': 8724}]","[{'iso_3166_1': 'AU', 'name': 'Australia'}]",1996-05-04,0.0,95.0,"[{'iso_639_1': 'en', 'name': 'English'}]",Released,,Zone 39,False,5.0,2.0
False,,31000000,"[{'id': 35, 'name': 'Comedy'}, {'id': 27, 'name': 'Horror'}]",,6488,tt0099052,en,Arachnophobia,"A large spider from the jungles of South America is accidentally transported in a crate with a dead body to America where it mates with a local spider. Soon after, the residents of a small California town disappear as the result of spider bites from the deadly spider offspring. It's up to a couple of doctors with the help of an insect exterminator to annihilate these eight legged freaks.",5.418428,/pz4TWF3r6xqXN41Iqsjbf06rAQs.jpg,"[{'name': 'Amblin Entertainment', 'id': 56}, {'name': 'Hollywood Pictures', 'id': 915}, {'name': 'Tangled Web Productions', 'id': 2104}]","[{'iso_3166_1': 'US', 'name': 'United States of America'}]",1990-08-09,53208180.0,103.0,"[{'iso_639_1': 'en', 'name': 'English'}, {'iso_639_1': 'es', 'name': 'Español'}]",Released,"Eight legs, two fangs, and an attitude.",Arachnophobia,False,6.2,445.0
False,,21000000,"[{'id': 16, 'name': 'Animation'}, {'id': 35, 'name': 'Comedy'}, {'id': 10402, 'name': 'Music'}]",,9473,tt0158983,en,"South Park: Bigger, Longer & Uncut","When the four boys see an R-rated movie featuring Canadians Terrance and Philip, they are pronounced ""corrupted"", and their parents pressure the United States to wage war against Canada.",11.818055,/mDjhs2xoEHn2IiOPOt4LZGgR8Vl.jpg,"[{'name': 'Paramount Pictures', 'id': 4}, {'name': 'Scott Rudin Productions', 'id': 258}, {'name': 'Comedy Central', 'id': 1538}, {'name': 'Warner Bros.', 'id': 6194}, {'name': 'Comedy Central Films', 'id': 7480}, {'name': 'Comedy Partners', 'id': 45852}]","[{'iso_3166_1': 'US', 'name': 'United States of America'}]",1999-06-30,0.0,81.0,"[{'iso_639_1': 'en', 'name': 'English'}]",Released,UH-OH.,"South Park: Bigger, Longer & Uncut",False,7.1,916.0
False,,170000000,"[{'id': 28, 'name': 'Action'}, {'id': 12, 'name': 'Adventure'}, {'id': 35, 'name': 'Comedy'}, {'id': 878, 'name': 'Science Fiction'}, {'id': 37, 'name': 'Western'}]",,8487,tt0120891,en,Wild Wild West,Legless Southern inventor Dr. Arliss Loveless plans to rekindle the Civil War by assassinating President U.S. Grant. Only two men can stop him: gunfighter James West and master-of-disguise and inventor Artemus Gordon. The two must team up to thwart Loveless' plans.,9.887602,/ouhNr6KsjOBSPxXzqRZFh0fLkjZ.jpg,"[{'name': 'Todman, Simon, LeMasters Productions', 'id': 2507}, {'name': 'Warner Bros.', 'id': 6194}, {'name': 'Peters Entertainment', 'id': 16774}, {'name': 'Sonnenfeld Josephson Worldwide Entertainment', 'id': 57088}]","[{'iso_3166_1': 'US', 'name': 'United States of America'}]",1999-06-29,222104681.0,106.0,"[{'iso_639_1': 'en', 'name': 'English'}]",Released,It's a whole new west.,Wild Wild West,False,5.1,1042.0
False,,0,"[{'id': 53, 'name': 'Thriller'}, {'id': 18, 'name': 'Drama'}, {'id': 80, 'name': 'Crime'}, {'id': 10749, 'name': 'Romance'}]",,10279,tt0162677,en,Summer of Sam,"Spike Lee's take on the ""Son of Sam"" murders in New York City during the summer of 1977 centering on the residents of an Italian-American South Bronx neighborhood who live in fear and distrust of one another.",6.14854,/fERQTWukzEsufDh5Yu4a0NnKAig.jpg,"[{'name': '40 Acres & A Mule Filmworks', 'id': 4319}, {'name': 'Touchstone Pictures', 'id': 9195}]","[{'iso_3166_1': 'US', 'name': 'United States of America'}]",1999-07-02,0.0,142.0,"[{'iso_639_1': 'en', 'name': 'English'}, {'iso_639_1': 'it', 'name': 'Italiano'}]",Released,No one is safe from son of sam,Summer of Sam,False,6.3,115.0
False,,0,"[{'id': 18, 'name': 'Drama'}]",,125263,tt0149964,en,Broken Vessels,"A young Pennsylvania man moves to Los Angeles to begin work for an ambulance service. There he is teamed with a supremely confident vet who seemingly has gone through a large number of partners. Initially the novice is awed by the more experienced man's capabilities to deal with the high pressure situations they encounter. However, gradually he discovers that all is not as it seems. While the vet is ice on the surface, he actually gets through the ordeals by heavy drug use and avoids commitments. Soon the younger man finds himself pulled into the same world and has to decide what direction he wants to take.",0.117541,/bpBPflXZD1GlNhpYQ5Nu8gftPkG.jpg,[],[],1998-04-18,0.0,90.0,[],Released,Over the edge and out of control.,Broken Vessels,False,6.0,2.0
False,,28000000,"[{'id': 18, 'name': 'Drama'}, {'id': 10749, 'name': 'Romance'}]",http://www.juliettebinoche.net/les-amants-du-pont-neuf.html,2767,tt0101318,fr,Les Amants du Pont-Neuf,"Set against Paris' oldest bridge, the Pont Neuf, while it was closed for repairs, this film is a love story between two young vagrants: Alex, a would be circus performer addicted to alcohol and sedatives and Michele, a painter driven to a life on the streets because of a failed relationship and an affliction which is slowly turning her blind.",3.62449,/xz00yDmTtGr3Uy3PEiopenQH2Zh.jpg,"[{'name': 'Les Films Christian Fechner', 'id': 461}, {'name': 'Films A2', 'id': 875}, {'name': 'Gaumont International', 'id': 7961}]","[{'iso_3166_1': 'FR', 'name': 'France'}]",1991-10-16,0.0,125.0,"[{'iso_639_1': 'fr', 'name': 'Français'}]",Released,Romance... In a most unlikely place.,Les Amants du Pont-Neuf,False,7.5,45.0
False,,0,"[{'id': 18, 'name': 'Drama'}, {'id': 10769, 'name': 'Foreign'}]",,78568,tt0167925,fr,"Fin août, début septembre","A story about the transition from late youth to early maturity, the film follows several friends and lovers as they come to make decisions on how to live their lives--getting a job more in harmony with ones ideals, committing to a lover, giving up a lover that no longer loves you: a film about grown-ups growing up.",0.977617,/pdo6ZVmBAx1QwHjGqQsTq1ZFmiv.jpg,"[{'name': 'Cinéa', 'id': 874}, {'name': 'Canal+', 'id': 5358}]","[{'iso_3166_1': 'FR', 'name': 'France'}]",1998-09-14,0.0,112.0,"[{'iso_639_1': 'fr', 'name': 'Français'}]",Released,,"Late August, Early September",False,7.3,4.0
False,"{'id': 2806, 'name': 'American Pie Collection', 'poster_path': '/twY1eM88fu8CCGVtem5ItlrgeDA.jpg', 'backdrop_path': '/3ptXtaqzAZlMXn3nZxaYke4anmK.jpg'}",11000000,"[{'id': 35, 'name': 'Comedy'}, {'id': 10749, 'name': 'Romance'}]",,2105,tt0163651,en,American Pie,"At a high-school party, four friends find that losing their collective virginity isn't as easy as they had thought. But they still believe that they need to do so before college. To motivate themselves, they enter a pact to all ""score."" by their senior prom.",18.344227,/k40WFAXMRekWEqsjURO3jiWob67.jpg,"[{'name': 'Universal Pictures', 'id': 33}, {'name': 'Summit Entertainment', 'id': 491}, {'name': 'Newmarket Capital Group', 'id': 506}, {'name': 'Zide-Perry Productions', 'id': 3169}]","[{'iso_3166_1': 'US', 'name': 'United States of America'}]",1999-07-09,235483004.0,95.0,"[{'iso_639_1': 'en', 'name': 'English'}]",Released,There's nothing like your first piece.,American Pie,False,6.4,2358.0
False,,21500000,"[{'id': 18, 'name': 'Drama'}, {'id': 53, 'name': 'Thriller'}, {'id': 9648, 'name': 'Mystery'}]",,1073,tt0137363,en,Arlington Road,Threats from sinister foreign nationals aren't the only thing to fear. Bedraggled college professor Michael Faraday has been vexed (and increasingly paranoid) since his wife's accidental death in a botched FBI operation. But all that takes a backseat when a seemingly all-American couple set up house next door.,8.605659,/jMwDRI4qu5FrSAzf7BfNveuRVf9.jpg,"[{'name': 'Lakeshore Entertainment', 'id': 126}, {'name': 'Screen Gems', 'id': 3287}, {'name': 'Arlington Road Productions Corporation', 'id': 22512}, {'name': 'Gorai / Samuelson Productions', 'id': 22513}, {'name': 'Samuelson Productions', 'id': 22514}]","[{'iso_3166_1': 'US', 'name': 'United States of America'}]",1999-03-19,0.0,117.0,"[{'iso_639_1': 'en', 'name': 'English'}]",Released,Your Paranoia Is Real.,Arlington Road,False,7.0,246.0
False,"{'id': 104068, 'name': 'Tales of the Four Seasons', 'poster_path': '/hfKh2kHAHLuLleJjPiVjPYu16IS.jpg', 'backdrop_path': '/cbG4r8Xc0ZOILiCeiHipyhotr9p.jpg'}",0,"[{'id': 18, 'name': 'Drama'}, {'id': 10749, 'name': 'Romance'}]",,10239,tt0137439,fr,Conte d'automne,"Magali (Béatrice Romand), forty-something, is a winemaker and a widow: she loves her work but feels lonely. Her friends Rosine (Alexia Portal) and Isabelle (Marie Rivière) both want secretly to find a husband for Magali.",3.842644,/bTTclRpu2tK8KhTd5xe0C7FUsz.jpg,"[{'name': 'Les Films du Losange', 'id': 223}, {'name': 'Rhône-Alpes Cinéma', 'id': 1666}, {'name': 'La Sept Cinéma', 'id': 16366}]","[{'iso_3166_1': 'FR', 'name': 'France'}]",1998-09-07,0.0,112.0,"[{'iso_639_1': 'fr', 'name': 'Français'}]",Released,,Autumn Tale,False,7.0,12.0
False,"{'id': 256377, 'name': 'The Muppet Collection', 'poster_path': '/8Ew8EIdFFurMMYjSbWPu1Hl4vLX.jpg', 'backdrop_path': '/1AWd3MM90G47mxtD112gRDxSXY9.jpg'}",24000000,"[{'id': 14, 'name': 'Fantasy'}, {'id': 35, 'name': 'Comedy'}, {'id': 878, 'name': 'Science Fiction'}, {'id': 10751, 'name': 'Family'}]",,10208,tt0158811,en,Muppets from Space,"When Gonzo's breakfast cereal tells him that he's the descendant of aliens from another planet, his attempts at extraterrestrial communication get him kidnapped by a secret government agency, prompting the Muppets to spring into action. It's hard to believe Gonzo's story at first, but Kermit and friends soon find themselves on an epic journey into outer space filled with plenty of intergalactic misadventures.",7.531668,/zhiHQIgLSfII3ynPg2LRc1ZBrAE.jpg,"[{'name': 'Columbia Pictures', 'id': 5}, {'name': 'Jim Henson Company, The', 'id': 6254}]","[{'iso_3166_1': 'US', 'name': 'United States of America'}]",1999-07-14,16290976.0,87.0,"[{'iso_639_1': 'en', 'name': 'English'}]",Released,Space. It's not as deep as you think.,Muppets from Space,False,5.8,94.0
False,"{'id': 64750, 'name': 'Blair Witch Collection', 'poster_path': '/qDQuKJZYLHrs1Ej64tYYFooFxc1.jpg', 'backdrop_path': '/e5GwLq0zBer3SuSJZodcNROnT6Z.jpg'}",60000,"[{'id': 27, 'name': 'Horror'}, {'id': 9648, 'name': 'Mystery'}]",http://www.blairwitch.com/,2667,tt0185937,en,The Blair Witch Project,"In October of 1994 three student filmmakers disappeared in the woods near Burkittsville, Maryland, while shooting a documentary. A year later their footage was found.",14.838386,/ip2IqmvCqFzvPe8RAHpT1My6XM9.jpg,"[{'name': 'Artisan Entertainment', 'id': 2188}, {'name': 'Haxan Films', 'id': 15160}]","[{'iso_3166_1': 'US', 'name': 'United States of America'}]",1999-07-14,248000000.0,81.0,"[{'iso_639_1': 'en', 'name': 'English'}]",Released,The scariest movie of all time is a true story.,The Blair Witch Project,False,6.3,1090.0
False,,0,"[{'id': 35, 'name': 'Comedy'}, {'id': 18, 'name': 'Drama'}]",,48958,tt0120899,en,My Life So Far,"Memoir of the lives of a family growing up on a post World War I British estate headed up by a strong disciplinarian, her daughter, her inventor husband, their ten year old son, and his older sister. Through the household comes a number of suitors hoping to impress the young woman, including an aviator. When the elder woman's son shows up at the estate with his French fiancé, everything gets thrown into turmoil. The young boy takes a sudden interest in her sexual allure and his father is disturbed by his own non-Victorian feelings.",1.786841,/fMeIRG7klgqXWpUrneqnbe4i4NV.jpg,"[{'name': 'Miramax Films', 'id': 14}, {'name': 'Enigma Productions', 'id': 7049}, {'name': 'Hudson Film', 'id': 20043}]","[{'iso_3166_1': 'GB', 'name': 'United Kingdom'}, {'iso_3166_1': 'US', 'name': 'United States of America'}]",1999-08-25,0.0,98.0,"[{'iso_639_1': 'en', 'name': 'English'}]",Released,Imagine a summer in paradise with nothing to do except everything your heart desires.,My Life So Far,False,6.1,10.0
False,,65000000,"[{'id': 9648, 'name': 'Mystery'}, {'id': 18, 'name': 'Drama'}]",http://eyeswideshut.warnerbros.com/,345,tt0120663,en,Eyes Wide Shut,"After Dr. Bill Hartford's wife, Alice, admits to having sexual fantasies about a man she met, Bill becomes obsessed with having a sexual encounter. He discovers an underground sexual group and attends one of their meetings -- and quickly discovers that he is in over his head.",13.268484,/zTuqPq1PBsIoG2DV9NgKPgdaoSX.jpg,"[{'name': 'Hobby Films', 'id': 194}, {'name': 'Pole Star', 'id': 195}, {'name': 'Stanley Kubrick Productions', 'id': 385}, {'name': 'Warner Bros.', 'id': 6194}]","[{'iso_3166_1': 'GB', 'name': 'United Kingdom'}, {'iso_3166_1': 'US', 'name': 'United States of America'}]",1999-07-14,162091208.0,159.0,"[{'iso_639_1': 'en', 'name': 'English'}]",Released,Cruise. Kidman. Kubrick.,Eyes Wide Shut,False,7.1,1266.0
False,"{'id': 97768, 'name': 'Lake Placid Collection', 'poster_path': '/x3f6Wcshd4E5tyaFZ1rBglusvAl.jpg', 'backdrop_path': None}",27000000,"[{'id': 27, 'name': 'Horror'}, {'id': 35, 'name': 'Comedy'}, {'id': 28, 'name': 'Action'}, {'id': 878, 'name': 'Science Fiction'}, {'id': 53, 'name': 'Thriller'}]",,9825,tt0139414,en,Lake Placid,"When a man is eaten alive by an unknown creature, the local Game Warden teams up with a paleontologist from New York to find the beast. Add to the mix an eccentric philanthropist with a penchant for ""Crocs"", and here we go! This quiet, remote lake is suddenly the focus of an intense search for a crocodile with a taste for live animals...and people!",13.787108,/6lE0EahK7xDOYWRH6On5uKPnwQZ.jpg,"[{'name': 'Fox 2000 Pictures', 'id': 711}, {'name': 'Phoenix Pictures', 'id': 11317}, {'name': 'Rocking Chair Productions', 'id': 67109}]","[{'iso_3166_1': 'US', 'name': 'United States of America'}]",1999-07-15,56870414.0,82.0,"[{'iso_639_1': 'en', 'name': 'English'}]",Released,You'll never know what bit you.,Lake Placid,False,5.5,251.0
False,,6000000,"[{'id': 35, 'name': 'Comedy'}, {'id': 18, 'name': 'Drama'}, {'id': 10749, 'name': 'Romance'}]",,16158,tt0161100,en,The Wood,"In the panicky, uncertain hours before his wedding, a groom with prenuptial jitters and his two best friends reminisce about growing up together in the middle-class African-American neighborhood of Inglewood, California. Flashing back to the twenty-something trio's childhood exploits, the memories capture the mood and nostalgia of the '80s era.",4.414077,/yCUahqDKdQt14DqL8fW9LzP2ZMo.jpg,"[{'name': 'MTV Films', 'id': 746}]","[{'iso_3166_1': 'US', 'name': 'United States of America'}]",1999-07-16,25059640.0,106.0,"[{'iso_639_1': 'en', 'name': 'English'}]",Released,From best friends to best men.,The Wood,False,7.1,34.0
False,,4000000,"[{'id': 18, 'name': 'Drama'}, {'id': 10749, 'name': 'Romance'}]",,133575,tt0120878,en,The Velocity of Gary,Gary is in love with Valentino. So is Mary Carmen. Their life changes when Valentino is hit with a deadly disease and is slowly dying in their hands. They tear each other off to end up re-uniting upon their love for the same man.,1.074248,/rTCSO24BVkwQWpb0zL6yWeszkaP.jpg,"[{'name': 'Ventanarosa Productions', 'id': 689}, {'name': 'Cineville', 'id': 2832}, {'name': 'Columbia TriStar Home Video', 'id': 20873}, {'name': 'Dan Lupovitz Productions', 'id': 80578}]","[{'iso_3166_1': 'US', 'name': 'United States of America'}]",1999-07-16,0.0,100.0,"[{'iso_639_1': 'en', 'name': 'English'}]",Released,*(Not His Real Name),The Velocity of Gary,False,4.2,5.0
False,"{'id': 2980, 'name': 'Ghostbusters Collection', 'poster_path': '/zsSnQq4lGocDkqsrdVUTNNjZz7R.jpg', 'backdrop_path': '/g54JU2Bn4EFezsawnI7ccpAzPC7.jpg'}",30000000,"[{'id': 35, 'name': 'Comedy'}, {'id': 14, 'name': 'Fantasy'}]",http://www.ghostbusters.com/,620,tt0087332,en,Ghostbusters,"After losing their academic posts at a prestigious university, a team of parapsychologists goes into business as proton-pack-toting ""ghostbusters"" who exterminate ghouls, hobgoblins and supernatural pests of all stripes. An ad campaign pays off when a knockout cellist hires the squad to purge her swanky digs of demons that appear to be living in her refrigerator.",22.089729,/3FS3oBdorgczgfCkFi2u8ZTFfpS.jpg,"[{'name': 'Columbia Pictures Corporation', 'id': 441}, {'name': 'Delphi Films', 'id': 4267}, {'name': 'Black Rhino Productions', 'id': 47565}]","[{'iso_3166_1': 'US', 'name': 'United States of America'}]",1984-06-07,295212467.0,107.0,"[{'iso_639_1': 'en', 'name': 'English'}]",Released,They ain't afraid of no ghost.,Ghostbusters,False,7.3,2431.0
False,"{'id': 2980, 'name': 'Ghostbusters Collection', 'poster_path': '/zsSnQq4lGocDkqsrdVUTNNjZz7R.jpg', 'backdrop_path': '/g54JU2Bn4EFezsawnI7ccpAzPC7.jpg'}",37000000,"[{'id': 35, 'name': 'Comedy'}, {'id': 14, 'name': 'Fantasy'}]",,2978,tt0097428,en,Ghostbusters II,"Five years after they defeated Gozer, the Ghostbusters are out of business. When Dana begins to have ghost problems again, the boys come out of retirement to aid her and hopefully save New York City from a new paranormal threat.",16.414239,/4nN0EYNbOWHJ9UO39maO5Kvcdfa.jpg,"[{'name': 'Columbia Pictures Corporation', 'id': 441}]","[{'iso_3166_1': 'US', 'name': 'United States of America'}]",1989-06-15,215394738.0,108.0,"[{'iso_639_1': 'en', 'name': 'English'}]",Released,We're back!,Ghostbusters II,False,6.3,1131.0
False,,10000000,"[{'id': 35, 'name': 'Comedy'}]",,10490,tt0157503,en,Drop Dead Gorgeous,"In a small Minnesota town, the annual beauty pageant is being covered by a TV crew. Former winner Gladys Leeman wants to make sure her daughter follows in her footsteps; explosions, falling lights, and trailer fires prove that. As the Leemans are the richest family in town, the police are pretty relaxed about it all. Despite everything, main rival (but sweet) Amber Atkins won't give up without a fight.",6.396767,/lWCooTiA6sSLdCA4hzToHKKWBZb.jpg,"[{'name': 'New Line Cinema', 'id': 12}, {'name': 'Capella International', 'id': 594}, {'name': 'KC Medien AG', 'id': 596}]","[{'iso_3166_1': 'US', 'name': 'United States of America'}]",1999-07-23,10571408.0,98.0,"[{'iso_639_1': 'en', 'name': 'English'}]",Released,The battle between the good and the bad is bound to get ugly.,Drop Dead Gorgeous,False,6.5,88.0
False,,80000000,"[{'id': 27, 'name': 'Horror'}, {'id': 53, 'name': 'Thriller'}, {'id': 14, 'name': 'Fantasy'}, {'id': 9648, 'name': 'Mystery'}]",,11618,tt0171363,en,The Haunting,"Dr. David Marrow invites Nell Vance, and Theo and Luke Sanderson to the eerie and isolated Hill House to be subjects for a sleep disorder study. The unfortunate guests discover that Marrow is far more interested in the sinister mansion itself – and they soon see the true nature of its horror.",8.967638,/6cZp6bho46sCGKJ3by3hnhCs5TD.jpg,"[{'name': 'DreamWorks', 'id': 7}, {'name': 'Roth-Arnold Productions', 'id': 1560}]","[{'iso_3166_1': 'US', 'name': 'United States of America'}]",1999-07-23,91188905.0,113.0,"[{'iso_639_1': 'en', 'name': 'English'}]",Released,Some houses are born bad.,The Haunting,False,5.2,374.0
False,"{'id': 237445, 'name': 'Inspector Gadget Collection', 'poster_path': '/m80WunRaXoCBeKcYfoGAldyBWOc.jpg', 'backdrop_path': '/AosJpZ6TvYFYtRzvgFfb82g2S70.jpg'}",75000000,"[{'id': 28, 'name': 'Action'}, {'id': 12, 'name': 'Adventure'}, {'id': 35, 'name': 'Comedy'}, {'id': 10751, 'name': 'Family'}]",,332,tt0141369,en,Inspector Gadget,"John Brown is a bumbling but well-intentioned security guard who is badly injured in an explosion planned by an evil mastermind. He is taken to a laboratory, where Brenda, a leading robotics surgeon, replaces his damaged limbs with state-of-the-art gadgets and tools. Named ""Inspector Gadget"" by the press, John -- along with his niece, Penny, and her trusty dog, Brain -- uses his new powers to discover who was behind the explosion.",11.677244,/kvlKBGtyyNVyGJB72aD1vwPk2d4.jpg,"[{'name': 'Walt Disney Pictures', 'id': 2}, {'name': 'Caravan Pictures', 'id': 175}, {'name': 'DiC Entertainment', 'id': 20477}]","[{'iso_3166_1': 'US', 'name': 'United States of America'}]",1999-07-23,0.0,78.0,"[{'iso_639_1': 'en', 'name': 'English'}, {'iso_639_1': 'no', 'name': 'Norsk'}, {'iso_639_1': 'fr', 'name': 'Français'}, {'iso_639_1': 'es', 'name': 'Español'}]",Released,The greatest hero ever assembled.,Inspector Gadget,False,4.3,322.0
False,,450000,"[{'id': 35, 'name': 'Comedy'}, {'id': 10749, 'name': 'Romance'}]",,1812,tt0162710,en,Trick,"The misadventures of two young gay men, trying to find a place to be alone, one night in Manhattan. Gabriel, an aspiring writer of Broadway musicals, meets Mark, a muscled stripper, who picks him up on the subway. They spend the night trying to find somewhere to be alone... forced to contend with Gabriel's selfish roommate, his irritating best friend, and a vicious, jealous drag queen in a gay dance club. The sun rises on a promising new relationship. Trick is a 1999 American independent gay-themed romantic comedy directed by Jim Fall. Trick appeared at the Sundance and Berlin film festivals in 1999. Filming was completed in less than three weeks in August 1998.",2.493289,/66cKKKF7Esvh7kKErILr56lXl43.jpg,"[{'name': 'Fine Line Features', 'id': 8}]","[{'iso_3166_1': 'US', 'name': 'United States of America'}]",1999-07-23,2049595.0,89.0,"[{'iso_639_1': 'en', 'name': 'English'}]",Released,A story about two guys trying to make it in the big city.,Trick,False,6.7,24.0
False,,60000000,"[{'id': 28, 'name': 'Action'}, {'id': 878, 'name': 'Science Fiction'}, {'id': 53, 'name': 'Thriller'}]",,8914,tt0149261,en,Deep Blue Sea,"On a remote former submarine refueling facility called Aquatica, a team of scientists are searching for a cure for Alzheimer's disease. Dr. Susan McAlester genetically engineers three Mako sharks, intending to increase their brain capacity so that they can harvest the tissue as a cure for Alzheimer's. Unfortunately, the increased brain capacity also makes the sharks smarter, faster, and more dangerous. Aquatica's financial backers are skeptical and nervous about the tests, and send a corporate executive to visit the facility.",7.493615,/r386y8YpePXoS7P4jHWZRTF36Zb.jpg,"[{'name': 'Village Roadshow Pictures', 'id': 79}, {'name': 'Warner Bros.', 'id': 6194}, {'name': 'Riche-Ludwig Productions', 'id': 28438}, {'name': 'Groucho III Film Partnership', 'id': 28439}]","[{'iso_3166_1': 'AU', 'name': 'Australia'}, {'iso_3166_1': 'US', 'name': 'United States of America'}]",1999-07-28,73648228.0,105.0,"[{'iso_639_1': 'en', 'name': 'English'}]",Released,Bigger. Smarter. Faster. Meaner.,Deep Blue Sea,False,5.6,616.0
False,,68000000,"[{'id': 12, 'name': 'Adventure'}, {'id': 14, 'name': 'Fantasy'}, {'id': 28, 'name': 'Action'}, {'id': 35, 'name': 'Comedy'}, {'id': 878, 'name': 'Science Fiction'}]",,9824,tt0132347,en,Mystery Men,"When Captain Amazing (Kinnear) is kidnapped by Casanova Frankenstein (Rush) a group of superheroes combine together to create a plan. But these aren't normal superheroes. Now, the group who include such heroes as Mr. Furious (Stiller), The Shoveller (Macy) and The Blue Raja (Azaria) must put all the powers together to save everyone they know and love.",10.466306,/7psRSVuCZyYfxCxt4DTmeIcplPL.jpg,"[{'name': 'Universal Pictures', 'id': 33}, {'name': 'Dark Horse Entertainment', 'id': 552}, {'name': 'Golar Productions', 'id': 2484}]","[{'iso_3166_1': 'US', 'name': 'United States of America'}]",1999-08-06,29762011.0,121.0,"[{'iso_639_1': 'en', 'name': 'English'}]",Released,"We're not your classic heroes, we're the other guys.",Mystery Men,False,5.7,255.0
False,,70000000,"[{'id': 35, 'name': 'Comedy'}, {'id': 10749, 'name': 'Romance'}]",,4806,tt0163187,en,Runaway Bride,"Ike Graham, New York columnist, writes his text always at the last minute. This time, a drunken man in his favourite bar tells Ike about Maggie Carpenter, a woman who always flees from her grooms in the last possible moment. Ike, who does not have the best opinion about females anyway, writes an offensive column without researching the subject thoroughly.",8.919469,/5DN9BWdj45b9e31nWaLJceAGFR3.jpg,"[{'name': 'Paramount Pictures', 'id': 4}, {'name': 'Lakeshore Entertainment', 'id': 126}, {'name': 'Touchstone Pictures', 'id': 9195}, {'name': 'Interscope Communications', 'id': 10201}]","[{'iso_3166_1': 'US', 'name': 'United States of America'}]",1999-07-30,309457509.0,116.0,"[{'iso_639_1': 'en', 'name': 'English'}]",Released,Catch her if you can.,Runaway Bride,False,5.8,472.0
False,,0,"[{'id': 18, 'name': 'Drama'}, {'id': 10749, 'name': 'Romance'}]",,33430,tt0162830,en,Twin Falls Idaho,"Francis and Blake Falls are Siamese twins who live in a neat little room in a rundown hotel. While sharing some organs, Blake is always fit and Francis is very sickly. Into their world comes a young lady, who turns their world upside down. She gets involved with Blake, and convinces the two to attend a Halloween party, where they can pass themselves off as wearing a costume. Eventually Francis becomes really ill, and they have to be separated. They then face the physical and mental strains that come from their proposed separation.",1.596052,/fwz3otIN0vrArVfw9y2WO3HyThy.jpg,[],[],1999-07-30,0.0,111.0,"[{'iso_639_1': 'en', 'name': 'English'}]",Released,A different kind of love story.,Twin Falls Idaho,False,7.1,12.0
False,,320000,"[{'id': 18, 'name': 'Drama'}, {'id': 28, 'name': 'Action'}, {'id': 53, 'name': 'Thriller'}, {'id': 80, 'name': 'Crime'}]",,247,tt0049406,en,The Killing,The Killing was Stanley Kubrick’s first film with a professional cast and the first time he achieved public recognition as the unconventional director he’s now known for. The story is of ex-prisoners who plan to set up a racetrack so they can live a life without monetary worries. One of the more exceptional films of the 1950’s.,10.223264,/eUfj1NXxd7yIiCrqAOUm1MYL2CQ.jpg,"[{'name': 'United Artists', 'id': 60}, {'name': 'Harris-Kubrick Productions', 'id': 52795}]","[{'iso_3166_1': 'US', 'name': 'United States of America'}]",1956-05-08,0.0,85.0,"[{'iso_639_1': 'en', 'name': 'English'}]",Released,"...Like No Other Picture Since ""Scarface"" and ""Little Caesar""!",The Killing,False,7.7,290.0
False,,75000,"[{'id': 80, 'name': 'Crime'}, {'id': 18, 'name': 'Drama'}, {'id': 53, 'name': 'Thriller'}]",,10056,tt0048254,en,Killer's Kiss,"The film revolves around Davey Gordon (Jamie Smith), a 29 year old welterweight New York boxer in the end of his career, and his relationship with a dancer and her violent employer.",6.107034,/bHFmAWaUuzrok2khfLS85xeBqpO.jpg,"[{'name': 'Minotaur Productions', 'id': 4323}]","[{'iso_3166_1': 'US', 'name': 'United States of America'}]",1955-09-21,0.0,67.0,"[{'iso_639_1': 'en', 'name': 'English'}]",Released,Her Soft Mouth Was The Road To Sin-Smeared Violence!,Killer's Kiss,False,6.2,101.0
False,,12000000,"[{'id': 28, 'name': 'Action'}, {'id': 18, 'name': 'Drama'}, {'id': 36, 'name': 'History'}]",,967,tt0054331,en,Spartacus,Spartacus is a 1960 American historical drama film directed by Stanley Kubrick and based on the novel of the same name by Howard Fast about the historical life of Spartacus and the Third Servile War. The film stars Kirk Douglas as the rebellious slave Spartacus who leads a violent revolt against the decadent Roman empire. The film was awarded four Oscars and stands today as one of the greatest classics of the Sword and Sandal genre.,11.110376,/hpICDCTdMIpcqEeNa0k3rcedw2B.jpg,"[{'name': 'Bryna Productions', 'id': 611}, {'name': 'Universal International Pictures (UI)', 'id': 10330}]","[{'iso_3166_1': 'US', 'name': 'United States of America'}]",1960-10-06,60000000.0,197.0,"[{'iso_639_1': 'en', 'name': 'English'}]",Released,More titanic than any story ever told!,Spartacus,False,7.3,472.0
False,,2000000,"[{'id': 18, 'name': 'Drama'}, {'id': 10749, 'name': 'Romance'}]",,802,tt0056193,en,Lolita,"Humbert Humbert is a middle-aged British novelist who is both appalled by and attracted to the vulgarity of American culture. When he comes to stay at the boarding house run by Charlotte Haze, he soon becomes obsessed with Lolita, the woman's teenaged daughter.",9.551293,/heRYtNrkHLj3Lwghr2jPBX7Yc29.jpg,"[{'name': 'Seven Arts Productions', 'id': 516}, {'name': 'Allied Artists', 'id': 517}, {'name': 'Transworld Pictures', 'id': 518}]","[{'iso_3166_1': 'GB', 'name': 'United Kingdom'}, {'iso_3166_1': 'US', 'name': 'United States of America'}]",1962-06-13,9250000.0,153.0,"[{'iso_639_1': 'en', 'name': 'English'}]",Released,How did they ever make a movie of ...,Lolita,False,7.3,409.0
False,,11000000,"[{'id': 18, 'name': 'Drama'}, {'id': 10749, 'name': 'Romance'}, {'id': 10752, 'name': 'War'}]",,3175,tt0072684,en,Barry Lyndon,"In the Eighteenth Century, in a small village in Ireland, Redmond Barry is a young farm boy in love with his cousin Nora Brady. When Nora engages to the British Captain John Quin, Barry challenges him for a duel of pistols. He wins and escapes to Dublin, but is robbed on the road. Without any other alternative, Barry joins the British Army to fight in the Seven Years War.",14.003467,/hxl6rjUCmWD65GbVCYX5IYn1E0f.jpg,"[{'name': 'Hawk Films', 'id': 88}, {'name': 'Warner Bros.', 'id': 6194}, {'name': 'Peregrine', 'id': 11272}]","[{'iso_3166_1': 'GB', 'name': 'United Kingdom'}, {'iso_3166_1': 'US', 'name': 'United States of America'}]",1975-12-18,20000000.0,184.0,"[{'iso_639_1': 'de', 'name': 'Deutsch'}, {'iso_639_1': 'fr', 'name': 'Français'}, {'iso_639_1': 'en', 'name': 'English'}]",Released,At long last Redmond Barry became a gentleman - and that was his tragedy.,Barry Lyndon,False,7.7,521.0
False,"{'id': 185682, 'name': 'The Adventures of Antoine Doinel', 'poster_path': '/66hyq0YtgBjrfT2kB1YJu33UDcy.jpg', 'backdrop_path': '/hT6f042PKqsMjt0t8vPEE7yocKj.jpg'}",0,"[{'id': 18, 'name': 'Drama'}]",,147,tt0053198,fr,Les Quatre Cents Coups,"For young Parisian boy Antoine Doinel, life is one difficult situation after another. Surrounded by inconsiderate adults, including his neglectful parents, Antoine spends his days with his best friend, Rene, trying to plan for a better life. When one of their schemes goes awry, Antoine ends up in trouble with the law, leading to even more conflicts with unsympathetic authority figures.",7.268688,/nKVXTcCtOc3Zuu4yCEDMOUyeXfH.jpg,"[{'name': 'Les Films du Carrosse', 'id': 53}, {'name': 'Sédif Productions', 'id': 10897}, {'name': 'The Criterion Collection', 'id': 10932}]","[{'iso_3166_1': 'FR', 'name': 'France'}]",1959-05-04,0.0,99.0,"[{'iso_639_1': 'en', 'name': 'English'}, {'iso_639_1': 'fr', 'name': 'Français'}]",Released,Angel faces hell-bent for violence.,The 400 Blows,False,8.0,363.0
False,,0,"[{'id': 18, 'name': 'Drama'}, {'id': 10749, 'name': 'Romance'}]",,1628,tt0055032,fr,Jules et Jim,"In Paris, before WWI, two friends, Jules (Austrian) and Jim (French) fall in love with the same woman, Catherine. But Catherine loves and marries Jules. After the war, when they meet again in Germany, Catherine starts to love Jim... This is the story of three people in love, a love which does not affect their friendship, and about how their relationship evolves with the years.",5.979791,/x4DeQiDAfPG3IMe1jKUcn8l9rUV.jpg,"[{'name': 'Les Films du Carrosse', 'id': 53}, {'name': 'Sédif Productions (as S.E.D.I.F.)', 'id': 22657}]","[{'iso_3166_1': 'FR', 'name': 'France'}]",1962-01-23,0.0,105.0,"[{'iso_639_1': 'en', 'name': 'English'}, {'iso_639_1': 'fr', 'name': 'Français'}, {'iso_639_1': 'de', 'name': 'Deutsch'}]",Released,A Hymn to Life and Love,Jules and Jim,False,7.6,163.0
False,,1884000,"[{'id': 10749, 'name': 'Romance'}, {'id': 28, 'name': 'Action'}, {'id': 35, 'name': 'Comedy'}]",,21185,tt0096378,en,Vibes,"Medium Sylvia Pickel and psychometrist Nick Deezy meet at a psychic research facility in New York. Not long after, they're contacted by Harry Buscafusco, who offers them $50,000 to find his lost son in South America, in the heart of Incan territory where they discover an ancient mystical secret, and each other.",7.368928,/lILGnyPFTmzeCduCm8PZczZtK1g.jpg,"[{'name': 'Imagine Entertainment', 'id': 23}, {'name': 'Columbia Pictures Corporation', 'id': 441}]","[{'iso_3166_1': 'EC', 'name': 'Ecuador'}, {'iso_3166_1': 'US', 'name': 'United States of America'}]",1988-08-05,1883811.0,99.0,"[{'iso_639_1': 'en', 'name': 'English'}]",Released,The psychic comedy that's out of its mind.,Vibes,False,6.0,10.0
False,,0,"[{'id': 12, 'name': 'Adventure'}, {'id': 18, 'name': 'Drama'}]",,11120,tt0091557,en,The Mosquito Coast,"Allie Fox, an American inventor exhausted by the perceived danger and degradation of modern society, decides to escape with his wife and children to Belize. In the jungle, he tries with mad determination to create a utopian community with disastrous results.",6.224859,/8A1iDYSp8H5WORWZVCV3E3SpkGD.jpg,"[{'name': 'Warner Bros.', 'id': 6194}]","[{'iso_3166_1': 'US', 'name': 'United States of America'}]",1986-11-26,14302779.0,119.0,"[{'iso_639_1': 'en', 'name': 'English'}]",Released,He went too far.,The Mosquito Coast,False,6.3,126.0
False,,25000000,"[{'id': 28, 'name': 'Action'}, {'id': 12, 'name': 'Adventure'}, {'id': 35, 'name': 'Comedy'}]",,10136,tt0091129,en,The Golden Child,"A detective specializing in missing children is on a madcap mission to save a youth with mystical powers who's been abducted by an evil cult. He battles a band of super-nasties, scrambles through a booby-trapped chamber of horrors and traverses Tibet to obtain a sacred dagger.",8.236472,/auDjIWIUob3yKfL78SthUl4Cy4z.jpg,"[{'name': 'Paramount Pictures', 'id': 4}]","[{'iso_3166_1': 'US', 'name': 'United States of America'}]",1986-12-12,79817939.0,94.0,"[{'iso_639_1': 'cs', 'name': 'Český'}, {'iso_639_1': 'en', 'name': 'English'}, {'iso_639_1': 'it', 'name': 'Italiano'}]",Released,Eddie Murphy is the chosen one.,The Golden Child,False,5.6,311.0
False,,0,"[{'id': 35, 'name': 'Comedy'}, {'id': 18, 'name': 'Drama'}, {'id': 10749, 'name': 'Romance'}]",,32060,tt0090774,en,Brighton Beach Memoirs,"Eugene, a young teenage Jewish boy, recalls his memoirs of his time as an adolescent youth. He lives with his parents, his aunt, two cousins, and his brother, Stanley, whom he looks up to and admires. He goes through the hardships of puberty, sexual fantasy, and living the life of a poor boy in a crowded house.",2.563112,/lkGjEVhiI6z3dQMh4QGIRs8fTgZ.jpg,"[{'name': 'Rastar Pictures', 'id': 2070}]","[{'iso_3166_1': 'US', 'name': 'United States of America'}]",1986-01-01,0.0,108.0,"[{'iso_639_1': 'en', 'name': 'English'}]",Released,,Brighton Beach Memoirs,False,6.2,20.0
False,,0,"[{'id': 18, 'name': 'Drama'}, {'id': 28, 'name': 'Action'}, {'id': 53, 'name': 'Thriller'}]",,48686,tt0092585,en,Assassination,"Jay Killon is the bodyguard of the recently elected US president, but he is assigned to the first lady (Lara Royce). Lara hates Killon so she does all she can to escape. The story complicates when someone tries to kill Lara.",3.143618,/s7PBv17JGA1zIPuq8CucLGzr5uk.jpg,"[{'name': 'Cannon Group', 'id': 1444}]","[{'iso_3166_1': 'US', 'name': 'United States of America'}]",1987-01-09,0.0,105.0,"[{'iso_639_1': 'en', 'name': 'English'}]",Released,"A presidential bodyguard is assigned to protect an objecting first lady, as repeated attempts are made on her life.",Assassination,False,5.6,11.0
False,,0,"[{'id': 18, 'name': 'Drama'}, {'id': 10751, 'name': 'Family'}]",,48259,tt0090886,en,Crimes of the Heart,"Three sisters with quite different personalities and lives reunite when the youngest of them, Babe, has just shot her husband. The oldest sister, Lenny, takes care of their grandfather and is turning into an old maid, while Meg, who tries to make it in Hollywood as a singer/actress, has had a wild life filled with many men. Their reunion causes much joy, but also many tensions.",2.524937,/fSUFUAFsTiQJy5tDjEdYUM4Aqa1.jpg,"[{'name': 'De Laurentiis Entertainment Group (DEG)', 'id': 484}, {'name': 'De Laurentiis', 'id': 544}, {'name': 'Crimes of the Heart S.A', 'id': 62343}]","[{'iso_3166_1': 'US', 'name': 'United States of America'}]",1986-12-12,22905522.0,105.0,"[{'iso_639_1': 'en', 'name': 'English'}]",Post Production,Meg just left one. Lenny never had one. Babe just shot one. The MaGrath sisters sure have a way with men,Crimes of the Heart,False,6.0,17.0
False,,15000000,"[{'id': 18, 'name': 'Drama'}]",,873,tt0088939,en,The Color Purple,"An epic tale spanning forty years in the life of Celie (Whoopi Goldberg), an African-American woman living in the South who survives incredible abuse and bigotry.  After Celie's abusive father marries her off to the equally debasing ""Mister"" Albert Johnson (Danny Glover), things go from bad to worse, leaving Celie to find companionship anywhere she can.  She perseveres, holding on to her dream of one day being reunited with her sister in Africa.  Based on the novel by Alice Walker.",11.573562,/2a50LyRInWGLWq3u3DeGBQnvBHR.jpg,"[{'name': 'Amblin Entertainment', 'id': 56}, {'name': 'The Guber-Peters Company', 'id': 4357}, {'name': 'Warner Bros.', 'id': 6194}]","[{'iso_3166_1': 'US', 'name': 'United States of America'}]",1985-12-18,146292009.0,154.0,"[{'iso_639_1': 'en', 'name': 'English'}]",Released,It's about life. It's about love. It's about us.,The Color Purple,False,7.7,345.0
False,,0,"[{'id': 27, 'name': 'Horror'}, {'id': 878, 'name': 'Science Fiction'}]",,48660,tt0091343,en,The Kindred,"Amanda's deathbed request to her son, John, was for him to destroy all the lab notes etc. from her last experiment. She also blurts out he had a brother. At the funeral John meets Melissa, who claims to be his mothers biggest fan. Together with some of John's friends they go to Amanda's house, but none are prepared for what they find there.",0.710875,/i6CoZQgJzlX7TpBTobDUr6M08TY.jpg,"[{'name': 'Kindred Limited Partnership', 'id': 34505}]","[{'iso_3166_1': 'US', 'name': 'United States of America'}]",1987-01-09,0.0,91.0,"[{'iso_639_1': 'en', 'name': 'English'}]",Released,John's got a half brother... half human... half something else!,The Kindred,False,5.9,7.0
False,,0,"[{'id': 28, 'name': 'Action'}, {'id': 80, 'name': 'Crime'}, {'id': 53, 'name': 'Thriller'}]",,26789,tt0091637,en,No Mercy,An unconventional undercover Chicago cop and his partner are recruited to commit the murder of a New Orleans criminal kingpin.,11.273675,/iQozlPXgadwTvymHWH1mPWzM80a.jpg,"[{'name': 'TriStar Pictures', 'id': 559}]","[{'iso_3166_1': 'US', 'name': 'United States of America'}]",1986-12-19,12303904.0,106.0,"[{'iso_639_1': 'en', 'name': 'English'}]",Released,"When passion and hatred know no limits, expect no mercy.",No Mercy,False,5.7,38.0
False,,0,"[{'id': 80, 'name': 'Crime'}, {'id': 18, 'name': 'Drama'}, {'id': 35, 'name': 'Comedy'}]",,3934,tt0092068,fr,Tenue de soirée,"Menage begins as a comedy of sorts, but be warned: it develops into a very dark, very confusing probe into the seamier aspects of Parisian life. Gerard Depardieu plays a crude but charismatic thief, whose own gayness does not prevent his commiserating with those of the opposite sex. Miou-Miou and Michel Blanc are young, impoverished lovers who fall under Depardieu's influence. He gains their confidence by introducing them to kinky sex, then sucks them into a vortex of crime. Director Bertrand Blier, who in most of his films has explored the awesome power (rather than pleasure) of sex, nearly outdoes himself in Menage (aka Tenue de Soiree).",2.010505,/cwSg1tPiGVip3EksfE1EHWciJFC.jpg,"[{'name': 'Ciné Valse', 'id': 1523}, {'name': 'DD Productions', 'id': 1524}, {'name': 'Philippe Dussart S.a.r.l.', 'id': 1525}]","[{'iso_3166_1': 'FR', 'name': 'France'}]",1986-04-23,0.0,84.0,"[{'iso_639_1': 'fr', 'name': 'Français'}]",Released,,Ménage,False,6.0,25.0
False,,2000000,"[{'id': 18, 'name': 'Drama'}]",,108312,tt0091613,en,Native Son,"In 1940s Chicago, a young black man takes a job as a chauffeur to a white family, which takes a turn for the worse when he accidentally kills the teenage daughter of the couple and then tries to cover it up.",0.910047,/nRHFI0oGyCIMjno7p7iGheVDJre.jpg,"[{'name': 'American Playhouse', 'id': 3906}, {'name': 'Cinétudes Films', 'id': 8866}]","[{'iso_3166_1': 'US', 'name': 'United States of America'}]",1986-12-24,1301121.0,111.0,"[{'iso_639_1': 'en', 'name': 'English'}]",Released,,Native Son,False,2.0,2.0
False,,0,[],,198469,tt0091699,en,Otello,"Having previously staged Verdi's 1887 opera Otello at the Met and La Scala, filmmaker Franco Zeffirelli committed his production to film in 1986. Starring as the fatally jealous Moor of Venice is Placido Domingo, who had also headlined Zeffirelli's 1976 La Scala staging (production on the film was briefly interrupted while Domingo participated in the rescue operations following the Mexico City earthquake). While Katia Ricciarelli as Desdemona and Justino Diaz as Iago perform their own singing, Zeffirelli's Cassio--played by real-life European prince Urbano Barberini--is dubbed by Ezio de Cesare. The director made several cuts in the original libretto and score in order to accommodate the film's two-hour time limit, but these excisions are done with taste and discretion. Because of the excessive violence in the third act--two murders, a suicide, a superficial throat-slashing--Otello was released with a PG rating.",0.001586,/pPHMSeOVR2BVq32JP7bgcLqlSf4.jpg,[],[],1986-12-17,0.0,0.0,[],Released,,Otello,False,6.7,3.0
False,,24500000,"[{'id': 12, 'name': 'Adventure'}, {'id': 18, 'name': 'Drama'}, {'id': 28, 'name': 'Action'}, {'id': 36, 'name': 'History'}]",,11416,tt0091530,en,The Mission,"Jeremy Irons plays a Spanish Jesuit who goes into the South American wilderness to build a mission in the hope of converting the Indians of the region. Robert DeNiro plays a slave hunter who is converted and joins Irons in his mission. When Spain sells the colony to Portugal, they are forced to defend all they have built against the Portugese aggressors.",11.241995,/cFrCh3cXQIjDaHYeZspSGSx7wGM.jpg,"[{'name': 'Goldcrest Films International', 'id': 500}, {'name': 'AMLF', 'id': 1869}, {'name': 'Warner Bros.', 'id': 6194}, {'name': 'Enigma Productions', 'id': 7049}, {'name': 'Kingsmere Productions Ltd.', 'id': 13221}]","[{'iso_3166_1': 'FR', 'name': 'France'}, {'iso_3166_1': 'GB', 'name': 'United Kingdom'}]",1986-09-29,17218023.0,126.0,"[{'iso_639_1': 'en', 'name': 'English'}, {'iso_639_1': 'gn', 'name': ''}, {'iso_639_1': 'la', 'name': 'Latin'}, {'iso_639_1': 'es', 'name': 'Español'}]",Released,,The Mission,False,7.1,295.0
False,,25000000,"[{'id': 27, 'name': 'Horror'}, {'id': 35, 'name': 'Comedy'}, {'id': 10402, 'name': 'Music'}]",,10776,tt0091419,en,Little Shop of Horrors,"Seymour Krelborn is a nerdy orphan working at Mushnik's, a flower shop in urban Skid Row. He harbors a crush on fellow co-worker Audrey Fulquard, and is berated by Mr. Mushnik daily. One day as Seymour is seeking a new mysterious plant, he finds a very mysterious unidentified plant which he calls Audrey II. The plant seems to have a craving for blood and soon begins to sing for his supper.",7.409179,/bxRm8F7rnCsVDyrNh3K9yIFFBKL.jpg,"[{'name': 'The Geffen Company', 'id': 2956}, {'name': 'Warner Bros.', 'id': 6194}]","[{'iso_3166_1': 'US', 'name': 'United States of America'}]",1986-12-19,38748395.0,94.0,"[{'iso_639_1': 'en', 'name': 'English'}]",Released,Don't feed the plants.,Little Shop of Horrors,False,6.7,389.0
False,,30000,"[{'id': 35, 'name': 'Comedy'}]",,24452,tt0054033,en,The Little Shop of Horrors,Black comedy about a young man who creates a carnivorous plant and must kill in order to feed it.,4.327466,/jXAnJjYcrWfDhyj2weQhm1gud9Z.jpg,"[{'name': 'Santa Clara Productions', 'id': 34281}]","[{'iso_3166_1': 'US', 'name': 'United States of America'}]",1960-09-14,0.0,70.0,"[{'iso_639_1': 'en', 'name': 'English'}]",Released,The funniest picture of the year!,The Little Shop of Horrors,False,6.2,78.0
False,"{'id': 135502, 'name': 'Allan Quatermain Collection', 'poster_path': '/mNNITfwWSmohrgvC2OCJoGiywBX.jpg', 'backdrop_path': '/laC6eKju8ztT6URFBR0HG6vx0dd.jpg'}",0,"[{'id': 28, 'name': 'Action'}, {'id': 12, 'name': 'Adventure'}, {'id': 35, 'name': 'Comedy'}]",,9710,tt0092534,en,Allan Quatermain and the Lost City of Gold,"After his brother Robeson disappears without a trace while exploring Africa in search of a legendary 'white tribe', Allan Quatermain decides to follow in his footsteps to learn what became of him. Soon after arriving, he discovers the Lost City of Gold, controlled by the evil lord Agon, and mined by his legions of white slaves.",10.877201,/ncZ5s2GO3ABZQaS6JvZSSx0PtLj.jpg,"[{'name': 'Golan-Globus', 'id': 1445}]","[{'iso_3166_1': 'US', 'name': 'United States of America'}]",1986-12-17,0.0,99.0,"[{'iso_639_1': 'en', 'name': 'English'}]",Released,Richard Chamberlain returns in the sequel to 'King Solomon's Mines',Allan Quatermain and the Lost City of Gold,False,4.6,70.0
False,,0,"[{'id': 80, 'name': 'Crime'}, {'id': 18, 'name': 'Drama'}, {'id': 9648, 'name': 'Mystery'}, {'id': 53, 'name': 'Thriller'}]",,31924,tt0091554,en,The Morning After,"Failed actress Alex Sternbergen wakes up hungover one morning in an apartment she does not recognize, unable to remember the previous evening -- and with a dead body in bed next to her. As she tries to piece together the events of the night, Alex cannot totally rely on friends or her estranged husband, Joaquin, for assistance. Only a single ally, loner ex-policeman Turner Kendall, can help her escape her predicament and find the true killer.",2.995682,/kE4hwI5zApPvvKKfE3KSpvvw0hr.jpg,"[{'name': 'Lorimar Productions', 'id': 898}, {'name': 'American Filmworks', 'id': 8310}]","[{'iso_3166_1': 'US', 'name': 'United States of America'}]",1986-12-25,25147055.0,102.0,"[{'iso_639_1': 'fr', 'name': 'Français'}, {'iso_639_1': 'en', 'name': 'English'}]",Released,Last night she drank to forget. Today she woke up to a murder. Is he her last hope or the last man she should trust?,The Morning After,False,5.9,22.0
False,,16000000,"[{'id': 35, 'name': 'Comedy'}, {'id': 18, 'name': 'Drama'}]",,30890,tt0093818,en,Radio Days,"The Narrator (Woody Allen) tells us how the radio influenced his childhood in the days before TV. In the New York City of the late 1930s to the New Year's Eve 1944, this coming-of-age tale mixes the narrator's experiences with contemporary anecdotes and urban legends of the radio stars.",8.782912,/mrLXdWckkIYpAUZPRXNiDGnIrO2.jpg,"[{'name': 'Orion Pictures', 'id': 41}]","[{'iso_3166_1': 'US', 'name': 'United States of America'}]",1987-01-30,0.0,90.0,"[{'iso_639_1': 'en', 'name': 'English'}]",Released,,Radio Days,False,7.0,131.0
False,,0,"[{'id': 35, 'name': 'Comedy'}, {'id': 18, 'name': 'Drama'}]",,24081,tt0093051,en,From the Hip,"Apprentice lawyer Robin Weathers turns a civil suit into a headline grabbing charade. He must reexamine his scruples after his shenanigans win him a promotion in his firm, and he must now defend a college professor who is appearantly guilty of murder.",0.619481,/nQHjPC0BLa858pyFJ3yRTv0nvCs.jpg,[],"[{'iso_3166_1': 'US', 'name': 'United States of America'}]",1987-02-06,9518342.0,111.0,"[{'iso_639_1': 'en', 'name': 'English'}, {'iso_639_1': 'de', 'name': 'Deutsch'}]",Released,Getting To The Top Means Working Like A Dog!,From the Hip,False,5.8,12.0
False,,0,"[{'id': 28, 'name': 'Action'}, {'id': 35, 'name': 'Comedy'}, {'id': 9648, 'name': 'Mystery'}]",,20242,tt0093690,en,Outrageous Fortune,"Refined actress Lauren Ames finally has a chance to study with the great theatre professor Stanislav Korzenowski. Sandy Brozinsky, a brash, loud actress, decides through happenstance to also study with Korzenowski. The two women end up dating the same man (who turns out to be a double agent) and follow him across the country to force him to choose between them.",2.362974,/3f4aaMwUPI21Vs14pqIGeqc7a6l.jpg,"[{'name': 'Touchstone Pictures', 'id': 9195}, {'name': 'Interscope Communications', 'id': 10201}, {'name': 'Silver Screen Partners II', 'id': 10531}]","[{'iso_3166_1': 'US', 'name': 'United States of America'}]",1987-01-30,0.0,100.0,"[{'iso_639_1': 'en', 'name': 'English'}]",Released,"The CIA is trailing them, the KGB is tracking them, the phone company is tracing them, the police are chasing them, the cowboys are herding them, and the Indians are hunting them.  Are they going to fall for all of that?”",Outrageous Fortune,False,5.6,32.0
False,,0,"[{'id': 80, 'name': 'Crime'}, {'id': 53, 'name': 'Thriller'}, {'id': 9648, 'name': 'Mystery'}]",,39074,tt0092627,en,The Bedroom Window,"Terry Lambert is sleeping with Sylvia, the wife of his boss. One night, while in Terry's apartment, Sylvia witnesses a man assault a young woman, Denise, on the road below. Not wanting to reveal her affair with Terry, she keeps quiet. Terry instead steps forward, trying to help nab the criminal. However, he never saw the suspect and, when his lies are uncovered, the police begin to suspect his motives.",4.187498,/1V55KCCTY3hNTJgjK6DZ5w1qO96.jpg,"[{'name': 'De Laurentiis Entertainment Group (DEG)', 'id': 484}]","[{'iso_3166_1': 'US', 'name': 'United States of America'}]",1987-01-16,0.0,112.0,"[{'iso_639_1': 'en', 'name': 'English'}]",Released,A violent crime. A secret affair. A single witness. And nothing is what it appears to be through... The Bedroom Window,The Bedroom Window,False,6.2,20.0
False,,0,"[{'id': 27, 'name': 'Horror'}, {'id': 53, 'name': 'Thriller'}]",,66194,tt0092850,en,Deadtime Stories,"A babysitting uncle tells his charges three horror stories--about a killer witch, Little Red Riding Hood and a werewolf, and a story about ""Goldi Lox"" and the three bears.",1.712138,/7T4CqLmzLkZyqSh7ny4JhcBo91Z.jpg,"[{'name': 'Overseas FilmGroup', 'id': 888}, {'name': 'Scary Stuff', 'id': 23792}]","[{'iso_3166_1': 'US', 'name': 'United States of America'}]",1986-04-13,2750741.0,93.0,"[{'iso_639_1': 'en', 'name': 'English'}]",Released,You made your bed... now die in it!,Deadtime Stories,False,4.6,7.0
False,,0,"[{'id': 10402, 'name': 'Music'}, {'id': 18, 'name': 'Drama'}]",,2115,tt0093415,en,Light of Day,"Fox and Jett play a brother and sister who are lead performers in a rock band, The Barbusters, in Cleveland, Ohio. The sister, Patti Rasnick, is an unmarried mother and has a troubled relationship with her own mother, who is deeply religious. Estranged from her parents and struggling to make ends meet, Patti decides to dive headlong into a carefree rock music lifestyle. The brother, Joe Rasnick, pulls away from rock music to provide some stability for his young nephew. It takes a family crisis to bring Patti back home and force her to face the prickly past with her mother.",1.745096,/qx9oxvDaAFEB6Q3MKsFyjLY6247.jpg,"[{'name': 'Keith Barish Productions', 'id': 964}, {'name': 'TAFT Entertainment Pictures', 'id': 965}, {'name': 'Home Box Office (HBO)', 'id': 3268}]","[{'iso_3166_1': 'US', 'name': 'United States of America'}]",1987-02-06,0.0,107.0,"[{'iso_639_1': 'en', 'name': 'English'}]",Released,,Light of Day,False,5.4,10.0
False,,0,"[{'id': 28, 'name': 'Action'}, {'id': 53, 'name': 'Thriller'}, {'id': 80, 'name': 'Crime'}, {'id': 18, 'name': 'Drama'}]",,23599,tt0094293,en,Wanted: Dead or Alive,"This movie features a character who is supposed to be the descendant of the character played Steve McQueen in the television series of the same name. And like McQueen's Josh Randall, Hauer's Nick Randall is also a bounty. But also an ex-CIA operative, who is asked by his former employer to help them track down a terrorrist, Malak Al Rahim, who is in the country, and has already made a move. But he is also looking for Randall, and the people, whom Randall is working for, is telling Malak, where he can find Randall.",4.917167,/lEzNi23kwSbkJpFMsgB38FZleel.jpg,"[{'name': 'New World Pictures', 'id': 1950}]","[{'iso_3166_1': 'US', 'name': 'United States of America'}]",1987-01-16,0.0,104.0,"[{'iso_639_1': 'en', 'name': 'English'}]",Released,Nick Randall is a loner. A legend. A bounty hunter. He's the best there is at the job he hates.,Wanted: Dead or Alive,False,5.4,22.0
False,,0,"[{'id': 18, 'name': 'Drama'}]",,3526,tt0083967,en,Frances,The true story of Frances Farmer's meteoric rise to fame in Hollywood and the tragic turn her life took when she was blacklisted.,2.077869,/2x6jz5UlYQcRaEd0ZWSk4rTNUT5.jpg,"[{'name': 'Brooksfilms', 'id': 5612}, {'name': 'EMI Films', 'id': 8263}]","[{'iso_3166_1': 'US', 'name': 'United States of America'}]",1982-12-03,5000000.0,140.0,"[{'iso_639_1': 'en', 'name': 'English'}]",Released,"Her story is shocking, disturbing, compelling... and true.",Frances,False,7.1,24.0
False,,0,"[{'id': 18, 'name': 'Drama'}, {'id': 10749, 'name': 'Romance'}]",,41166,tt0089816,en,Plenty,David Hare's account of a one-time French freedom fighter who gradually realizes that her post-war life is not meeting her expectations.,0.637248,/sropBhkqnwqP79kSuvOL7iIxaw8.jpg,"[{'name': 'Pressman Productions', 'id': 21590}]","[{'iso_3166_1': 'GB', 'name': 'United Kingdom'}, {'iso_3166_1': 'US', 'name': 'United States of America'}]",1985-09-20,0.0,124.0,"[{'iso_639_1': 'en', 'name': 'English'}]",Released,,Plenty,False,5.9,8.0
False,,13000000,"[{'id': 35, 'name': 'Comedy'}]",,16406,tt0144168,en,Dick,"Comedy about two high school girls who wander off during a class trip to the White House and meet President Richard Nixon. They become the official dog walkers for Nixon's dog Checkers, and become his secret advisors during the Watergate scandal.",3.960622,/zYvJOoh6mviQcfHNbo3Y9fRoRp8.jpg,"[{'name': 'Columbia Pictures', 'id': 5}]","[{'iso_3166_1': 'CA', 'name': 'Canada'}, {'iso_3166_1': 'FR', 'name': 'France'}, {'iso_3166_1': 'US', 'name': 'United States of America'}]",1999-08-04,27500000.0,94.0,"[{'iso_639_1': 'en', 'name': 'English'}, {'iso_639_1': 'fr', 'name': 'Français'}]",Released,The unmaking of the president,Dick,False,5.7,67.0
False,,0,[],,197239,tt0129111,en,The Gambler,"Under pressure from his publisher, Russian novelist Fyodor Dostoyevsky gets work on his latest piece, 'Rouletenberg'. In the 27 days it takes for him to complete the novel reality and fiction become blurred; in this feverish atmosphere of excess Dostoyevsky's characters come to life as he struggles to complete his work.",1.650488,/Agw9swRzT91Ew7OJMpM6fnPPlmB.jpg,[],[],1997-10-30,0.0,97.0,[],Released,"In the grip of obsession, reason is suspended.",The Gambler,False,0.0,0.0
False,,70000000,"[{'id': 12, 'name': 'Adventure'}, {'id': 16, 'name': 'Animation'}, {'id': 10751, 'name': 'Family'}, {'id': 14, 'name': 'Fantasy'}, {'id': 878, 'name': 'Science Fiction'}]",https://www.warnerbros.com/iron-giant,10386,tt0129167,en,The Iron Giant,"In the small town of Rockwell, Maine in October 1957, a giant metal machine befriends a nine-year-old boy and ultimately finds its humanity by unselfishly saving people from their own fears and prejudices.",15.441459,/rdN6IjV4xlDDhrT8ewkkJfPvp2e.jpg,"[{'name': 'Warner Bros. Animation', 'id': 2785}]","[{'iso_3166_1': 'US', 'name': 'United States of America'}]",1999-08-06,23159305.0,86.0,"[{'iso_639_1': 'en', 'name': 'English'}]",Released,It came from outer space!,The Iron Giant,False,7.6,1470.0
False,,40000000,"[{'id': 9648, 'name': 'Mystery'}, {'id': 53, 'name': 'Thriller'}, {'id': 18, 'name': 'Drama'}]",,745,tt0167404,en,The Sixth Sense,"A psychological thriller about an eight year old boy named Cole Sear who believes he can see into the world of the dead. A child psychologist named Malcolm Crowe comes to Cole to help him deal with his problem, learning that he really can see ghosts of dead people.",18.449169,/imps263dHNe3SuoaAJORZyNTdDT.jpg,"[{'name': 'Spyglass Entertainment', 'id': 158}, {'name': 'The Kennedy/Marshall Company', 'id': 862}, {'name': 'Hollywood Pictures', 'id': 915}, {'name': 'Barry Mendel Productions', 'id': 17032}]","[{'iso_3166_1': 'US', 'name': 'United States of America'}]",1999-08-06,672806292.0,107.0,"[{'iso_639_1': 'la', 'name': 'Latin'}, {'iso_639_1': 'es', 'name': 'Español'}, {'iso_639_1': 'en', 'name': 'English'}]",Released,Not every gift is a blessing.,The Sixth Sense,False,7.7,3223.0
False,,48000000,"[{'id': 18, 'name': 'Drama'}, {'id': 80, 'name': 'Crime'}, {'id': 10749, 'name': 'Romance'}]",,913,tt0155267,en,The Thomas Crown Affair,"A very rich and successful playboy amuses himself by stealing artwork, but may have met his match in a seductive detective.",10.961226,/jpRUaqNuQInXxdsLIncGJW5u3u2.jpg,"[{'name': 'Irish Dreamtime', 'id': 597}, {'name': 'Metro-Goldwyn-Mayer (MGM)', 'id': 8411}]","[{'iso_3166_1': 'US', 'name': 'United States of America'}]",1999-08-06,124305181.0,113.0,"[{'iso_639_1': 'en', 'name': 'English'}]",Released,How do you get the man who has everything?,The Thomas Crown Affair,False,6.7,349.0
False,,4300000,"[{'id': 10749, 'name': 'Romance'}, {'id': 80, 'name': 'Crime'}, {'id': 53, 'name': 'Thriller'}, {'id': 18, 'name': 'Drama'}]",,912,tt0063688,en,The Thomas Crown Affair,"Young businessman, Thomas Crown is bored and decides to plan a robbery and assigns a professional agent with the right information to the job. However, Crown is soon betrayed yet cannot blow his cover because he’s in love.",9.444818,/ran8o8yJFj2rUp2x8JiO23BhN4L.jpg,"[{'name': 'The Mirisch Corporation', 'id': 219}, {'name': 'Solar Productions', 'id': 599}, {'name': 'Simkoe', 'id': 16749}]","[{'iso_3166_1': 'US', 'name': 'United States of America'}]",1968-06-19,0.0,102.0,"[{'iso_639_1': 'en', 'name': 'English'}]",Released,,The Thomas Crown Affair,False,6.9,95.0
False,,0,"[{'id': 35, 'name': 'Comedy'}, {'id': 18, 'name': 'Drama'}]",,12229,tt0122515,en,The Acid House,"THE ACID HOUSE is a surreal triptych adapted by ""Trainspotting"" author Irvine Welsh from his acclaimed collection of short stories.
 Combining a vicious sense of humor with hard-talking drama, the film reaches into the hearts and minds of the chemical generation, casting a dark and unholy light into the hidden corners of the human psyche.
 Directed by Paul McGuigan, the film dramatises three stories from the book: 1- The Granton Star Cause, 2- A Soft Touch &amp; 3- The Acid House.",4.222607,/nhRVPO3AOYDwet4YaStYdk18o79.jpg,[],"[{'iso_3166_1': 'GB', 'name': 'United Kingdom'}]",1998-07-02,0.0,106.0,"[{'iso_639_1': 'en', 'name': 'English'}]",Released,,The Acid House,False,6.4,33.0
False,,0,"[{'id': 18, 'name': 'Drama'}, {'id': 35, 'name': 'Comedy'}]",,67323,tt0168449,en,The Adventures of Sebastian Cole,"In June, 1983, in Dutchess County, New York, Sebastian Cole joins his mother, step-father, and sister for dinner. Hank, Sebastian's step-father, drops a bomb: he announces he's changing sexes. Sebastian's sister splits immediately for California, and his mother takes him back to England. Jump ahead eight months, Sebastian is back in New York, knocking on Hank's door. Hank (now Henrietta, although all the surgeries aren't complete) takes Sebastian in and is his rock over the next few months of high school. Sebastian's ""adventures"" are mostly self-destructive.",0.371975,/8ZXDdF8Z8HgPNvcehjdXkguSvD5.jpg,[],[],1998-09-11,0.0,99.0,"[{'iso_639_1': 'en', 'name': 'English'}]",Released,,The Adventures of Sebastian Cole,False,6.5,2.0
False,,0,"[{'id': 18, 'name': 'Drama'}]",,91076,tt0120709,en,Illuminata,"It's the start of the 20th century, and Tuccio, resident playwright of a theatre repertory company offers the owners of the company his new play, ""Illuminata"". They reject it, saying it's not finished, and intrigue starts that involves influential critic Bevalaqua, theatre star Celimene, young lead actors and other theatre residents",0.837943,/r3QBgkLTtZawq5WQ3lswNWncGE4.jpg,"[{'name': 'Overseas FilmGroup', 'id': 888}, {'name': 'GreeneStreet Films', 'id': 2152}, {'name': 'JVC Entertainment Networks', 'id': 4248}, {'name': 'Sogepaq', 'id': 11955}, {'name': 'CDI', 'id': 13367}]","[{'iso_3166_1': 'ES', 'name': 'Spain'}, {'iso_3166_1': 'US', 'name': 'United States of America'}, {'iso_3166_1': 'JP', 'name': 'Japan'}]",1998-05-21,0.0,119.0,"[{'iso_639_1': 'en', 'name': 'English'}]",Released,,Illuminata,False,6.3,7.0
False,,0,"[{'id': 35, 'name': 'Comedy'}]",,89861,tt0120210,en,Stiff Upper Lips,"Stiff Upper Lips is a broad parody of British period films, especially the lavish Merchant-Ivory productions of the 'eighties and early 'nineties. Although it specifically targets A Room with a View, Chariots of Fire, Maurice, A Passage to India, and many other films, in a more general way Stiff Upper Lips satirises popular perceptions of certain Edwardian traits: propriety, sexual repression, xenophobia, and class snobbery.",0.882132,/qozMEPtSjU3bvKS9E4DNYzW1h8u.jpg,[],"[{'iso_3166_1': 'GB', 'name': 'United Kingdom'}, {'iso_3166_1': 'IN', 'name': 'India'}]",1998-06-12,0.0,99.0,"[{'iso_639_1': 'en', 'name': 'English'}]",Released,,Stiff Upper Lips,False,10.0,1.0
False,,0,"[{'id': 18, 'name': 'Drama'}, {'id': 28, 'name': 'Action'}, {'id': 53, 'name': 'Thriller'}, {'id': 80, 'name': 'Crime'}]",https://www.miramax.com/movie/the-yards,19457,tt0138946,en,The Yards,"In the rail yards of Queens, contractors repair and rebuild the city's subway cars. These contracts are lucrative, so graft and corruption are rife. When Leo Handler gets out of prison, he finds his aunt married to Frank Olchin, one of the big contractors; he's battling with a minority-owned firm for contracts.",11.162383,/AtwXtU8CDWvVADgOwRkOSRZFPWI.jpg,"[{'name': 'Miramax Films', 'id': 14}, {'name': 'Industry Entertainment', 'id': 376}]","[{'iso_3166_1': 'US', 'name': 'United States of America'}]",2000-04-27,0.0,115.0,"[{'iso_639_1': 'en', 'name': 'English'}, {'iso_639_1': 'es', 'name': 'Español'}]",Released,He's the target of the most merciless family in New York. His own.,The Yards,False,6.0,98.0
False,,55000000,"[{'id': 35, 'name': 'Comedy'}]",,11353,tt0131325,en,Bowfinger,"On the verge of bankruptcy and desperate for his big break, aspiring filmmaker Bobby Bowfinger concocts a crazy plan to make his ultimate dream movie. Rallying a ragtag team that includes a starry-eyed ingenue, a has-been diva and a film studio gofer, he sets out to shoot a blockbuster featuring the biggest star in Hollywood, Kit Ramsey -- only without letting Ramsey know he's in the picture.",7.169508,/8dPucB4Dp7gdbozmuV2dxMOHy7i.jpg,"[{'name': 'Universal Pictures', 'id': 33}]","[{'iso_3166_1': 'US', 'name': 'United States of America'}]",1999-08-12,0.0,97.0,"[{'iso_639_1': 'en', 'name': 'English'}]",Released,The con is on.,Bowfinger,False,6.0,258.0
False,,25000000,"[{'id': 18, 'name': 'Drama'}, {'id': 53, 'name': 'Thriller'}]",,17707,tt0120620,en,Brokedown Palace,"Best friends Alice and Darlene take a trip to Thailand after graduating high school. In Thailand, they meet a captivating Australian man, who calls himself Nick Parks. Darlene is particularly smitten with Nick and convinces Alice to take Nick up on his offer to treat the two of them to what amounts to a day trip to Hong Kong. In the airport, the girls are seized by the police and shocked to discover that one of their bags contains heroin.",6.570918,/q429dpKlVP8uTrWJ7Tq9UFEQ8ww.jpg,"[{'name': 'Twentieth Century Fox Film Corporation', 'id': 306}, {'name': 'Fox 2000 Pictures', 'id': 711}, {'name': 'Adam Fields Productions', 'id': 3334}, {'name': 'Two Girls Productions', 'id': 81140}]","[{'iso_3166_1': 'US', 'name': 'United States of America'}]",1999-08-13,13000000.0,100.0,"[{'iso_639_1': 'en', 'name': 'English'}, {'iso_639_1': 'th', 'name': 'ภาษาไทย'}]",Released,"Their graduation present was a trip to paradise, but they never thought they would land in hell.",Brokedown Palace,False,6.2,115.0
False,,6500000,"[{'id': 35, 'name': 'Comedy'}, {'id': 10402, 'name': 'Music'}]",,9781,tt0165710,en,Detroit Rock City,"In 1978, a Kiss concert was an epoch-making event. For the three teen fans in Detroit Rock City getting tickets to the sold-out show becomes the focal point of their existence. They'll do anything for tickets -- compete in a strip club's amateur-night contest, take on religious protesters, even rob a convenience store!",6.074832,/cPL1ibw6gFs8AqpbFUe0zIQYKE8.jpg,"[{'name': 'New Line Cinema', 'id': 12}, {'name': 'Base 12 Productions', 'id': 3242}, {'name': 'Corrupter Production Service Ltd.', 'id': 90195}, {'name': 'Takoma Entertainment', 'id': 90196}, {'name': 'KISS Nation', 'id': 90197}]","[{'iso_3166_1': 'US', 'name': 'United States of America'}]",1999-08-13,4217115.0,95.0,"[{'iso_639_1': 'en', 'name': 'English'}]",Released,Kiss The Rules Goodbye.,Detroit Rock City,False,6.7,102.0
False,,0,"[{'id': 18, 'name': 'Drama'}, {'id': 10749, 'name': 'Romance'}]",,102489,tt0176422,fr,Alice et Martin,"At the age of 20, Martin leaves his home town and comes to Paris, where he fortunately becomes a model by chance. He meets Alice, his brother's friend, and falls in love with her. They start a passionate relationship, although Martin remains very mysterious about his past and the reasons why he left his family. But when Alice tells him she's pregnant, he is suddenly almost driven to madness, as his past comes back to his mind. Alice will now do anything she can to help him",0.422789,/d4MQDpvePPx2k088mKeVt0GtxII.jpg,"[{'name': 'France 2 Cinéma', 'id': 83}, {'name': 'Les Films Alain Sarde', 'id': 635}]","[{'iso_3166_1': 'FR', 'name': 'France'}, {'iso_3166_1': 'ES', 'name': 'Spain'}]",1998-10-23,0.0,124.0,"[{'iso_639_1': 'en', 'name': 'English'}, {'iso_639_1': 'fr', 'name': 'Français'}, {'iso_639_1': 'de', 'name': 'Deutsch'}, {'iso_639_1': 'es', 'name': 'Español'}]",Released,,Alice and Martin,False,6.0,6.0
False,,0,"[{'id': 18, 'name': 'Drama'}, {'id': 10749, 'name': 'Romance'}]",,18212,tt0168987,en,Better Than Chocolate,"Not long after moving into her own place, Maggie finds herself with two unsolicited roommates: her recently divorced mother, Lila, and her young brother. The timing is especially bad, considering Maggie has fallen hard for an attractive woman, Kim, only hours before they move in. What could be a nonissue becomes increasingly complicated -- since Maggie's family is unaware of her sexual orientation, and Maggie is not open to sharing that information.",5.12798,/gT38JHYcUSrwdrWX7cQda0FuaFD.jpg,"[{'name': 'British Columbia Film', 'id': 10316}, {'name': 'CITY-TV', 'id': 11572}, {'name': 'Government of British Columbia Film Incentive BC Program', 'id': 53186}]","[{'iso_3166_1': 'CA', 'name': 'Canada'}]",1999-02-14,0.0,101.0,"[{'iso_639_1': 'en', 'name': 'English'}]",Released,A delicious romantic comedy.,Better Than Chocolate,False,6.4,25.0
False,,0,"[{'id': 18, 'name': 'Drama'}]",,13817,tt0138487,en,Head On,"Nineteen-year-old Ari confronts both his sexuality and his Greek family. Ari despises his once-beloved parents, former radical activists, for having entombed themselves in insular tradition. Ari is obsessed with gay sex, although he does make an unenthusiastic attempt to satisfy the sister of one of his best friends. While all of this is going on, he's facing problems with his traditional Greek parents, who have no clue about his sexual activities.",3.466204,/gZK8dQVXdpdHIxPYWd0HNk4I75V.jpg,"[{'name': 'Head On Productions', 'id': 2815}]","[{'iso_3166_1': 'AU', 'name': 'Australia'}]",1998-08-13,378667.0,104.0,"[{'iso_639_1': 'en', 'name': 'English'}, {'iso_639_1': 'el', 'name': 'ελληνικά'}]",Released,full on - all night - come on,Head On,False,5.8,18.0
False,,0,"[{'id': 99, 'name': 'Documentary'}]",,126996,tt0119614,it,"Marcello Mastroianni: mi ricordo, sì, io mi ricordo","In 1996, Marcello Mastroianni talks about life as an actor. It's an anecdotal and philosophical memoir, moving from topic to topic, fully conscious of a man ""of a certain age"" looking back. He tells stories about Fellini and De Sica's direction, of using irony in performances, of constantly working (an actor tries to find himself in characters). He's diffident about prizes, celebrates Rome and Paris, salutes Naples and its people. He answers the question, why make bad films; recalls his father and grandfather, carpenters, his mother, deaf in her old age, and his brother, a film editor; he's modest about his looks. In repose, time's swift passage holds Mastroianni inward gaze.",0.614407,/fOjI7t91yG7oT7i4LsfTPjOlohF.jpg,[],"[{'iso_3166_1': 'IT', 'name': 'Italy'}]",1997-08-29,0.0,198.0,"[{'iso_639_1': 'it', 'name': 'Italiano'}]",Released,,Marcello Mastroianni: I Remember,False,5.5,2.0
False,,0,"[{'id': 18, 'name': 'Drama'}, {'id': 10749, 'name': 'Romance'}]",,38715,tt0015693,en,Cobra,An impoverished Italian nobleman (Rudolph Valentino) takes a job with a New York antique dealer and falls in love with the secretary. Complications arise when he makes a date with the antique dealer's wife who mysteriously is murdered at the appointed meeting place.,0.220388,/aD4vpXaTyedDgxhQXpnuzbJPMPF.jpg,"[{'name': 'Ritz-Carlton Pictures', 'id': 31062}]","[{'iso_3166_1': 'US', 'name': 'United States of America'}]",1925-01-02,0.0,70.0,[],Released,,Cobra,False,6.7,3.0
False,,6400000,"[{'id': 53, 'name': 'Thriller'}, {'id': 10749, 'name': 'Romance'}]",,48781,tt0113965,en,Never Talk to Strangers,"Sarah Taylor, a police psychologist, meets a mysterious and seductive young man, Tony Ramirez, and falls in love with him. As a cause of this relationship, she changes her personality when she begins to receive anonymous telephone calls.",7.506958,/vrtFEH0VXf12ZK30CEIunkcXvLg.jpg,"[{'name': 'TriStar Pictures', 'id': 559}]","[{'iso_3166_1': 'US', 'name': 'United States of America'}, {'iso_3166_1': 'CA', 'name': 'Canada'}, {'iso_3166_1': 'DE', 'name': 'Germany'}]",1995-10-20,6.0,86.0,"[{'iso_639_1': 'en', 'name': 'English'}]",Released,"In A World Where Love Isn't Always Safe, Trust Can Be Deadly.",Never Talk to Strangers,False,4.7,31.0
False,,0,"[{'id': 14, 'name': 'Fantasy'}, {'id': 18, 'name': 'Drama'}, {'id': 35, 'name': 'Comedy'}, {'id': 10749, 'name': 'Romance'}]",,12185,tt0077663,en,Heaven Can Wait,"Joe Pendleton is a quarterback preparing to lead his team to the superbowl when he is almost killed in an accident. An overanxious angel plucks him to heaven only to discover that he wasn't ready to die, and that his body has been cremated. A new body must be found, and that of a recently murdered millionaire is chosen. His wife and accountant, the murderers, are confused by this development, as he buys the L.A. Rams in order to once again quarterback them into the Superbowl.",5.232475,/nIK6aASJsm9FVWs4HN5aDykZLwD.jpg,"[{'name': 'Paramount Pictures', 'id': 4}]","[{'iso_3166_1': 'US', 'name': 'United States of America'}]",1978-06-28,0.0,101.0,"[{'iso_639_1': 'en', 'name': 'English'}, {'iso_639_1': 'es', 'name': 'Español'}]",Released,,Heaven Can Wait,False,6.4,84.0
False,,350000,"[{'id': 35, 'name': 'Comedy'}, {'id': 14, 'name': 'Fantasy'}, {'id': 27, 'name': 'Horror'}]",,29056,tt0057449,en,The Raven,A magician who has been turned into a raven turns to a former sorcerer for help in this film loosely based on the Edgar Allen Poe poem.,4.817514,/yx3A4mkcf0RnfqmVJoZpQXhgpoE.jpg,"[{'name': 'Alta Vista Productions', 'id': 4820}]","[{'iso_3166_1': 'US', 'name': 'United States of America'}]",1963-01-25,1499275.0,86.0,"[{'iso_639_1': 'en', 'name': 'English'}]",Released,The Macabre Masterpiece of Terror!,The Raven,False,6.3,56.0
False,,250000,"[{'id': 27, 'name': 'Horror'}]",,26857,tt0053363,en,The Tingler,"After much hard work, a pathologist discovers and captures a creature that lives in every vertebrate and grows when fear grips its host. ""Scream for your lives!""",2.28087,/AmzbPAUuCIFgnOCDUP7x7LBmsHn.jpg,"[{'name': 'Columbia Pictures', 'id': 5}]","[{'iso_3166_1': 'US', 'name': 'United States of America'}]",1959-07-29,0.0,82.0,"[{'iso_639_1': 'en', 'name': 'English'}]",Released,Ghastly Beyond Belief!,The Tingler,False,6.4,34.0
False,,200000,"[{'id': 14, 'name': 'Fantasy'}, {'id': 27, 'name': 'Horror'}, {'id': 18, 'name': 'Drama'}]",,28501,tt0055304,en,The Pit and the Pendulum,"Francis Barnard goes to Spain, when he hears his sister Elizabeth has died. Her husband Nicholas Medina, the son of the most brutal torturer of the Spanish Inquisition, tells him she has died of a blood disease, but Francis finds this hard to believe. After some investigating he finds out that it was extreme fear that was fatal to his sister and that she may have been buried alive!",4.392322,/rJH4kzgAI2PMMvXMCtyeZAIJTvQ.jpg,"[{'name': 'Alta Vista Productions', 'id': 4820}]","[{'iso_3166_1': 'US', 'name': 'United States of America'}]",1961-08-12,2000000.0,80.0,"[{'iso_639_1': 'en', 'name': 'English'}]",Released,Betrayal cuts both ways!,The Pit and the Pendulum,False,6.9,67.0
False,,0,"[{'id': 27, 'name': 'Horror'}, {'id': 18, 'name': 'Drama'}]",,29030,tt0059821,en,The Tomb of Ligeia,Story about a man haunted by the spirit of his dead wife and her effect on his second marriage.,3.631422,/7M8Muk7wZVhWrwbTFKIBKbPskw8.jpg,"[{'name': 'Alta Vista Film Production', 'id': 13862}]","[{'iso_3166_1': 'GB', 'name': 'United Kingdom'}, {'iso_3166_1': 'US', 'name': 'United States of America'}]",1964-11-01,0.0,81.0,"[{'iso_639_1': 'en', 'name': 'English'}]",Released,"Even on her wedding night she must share the man she loved with the ""female thing"" that lived in the Tomb of the Cat!",The Tomb of Ligeia,False,5.8,43.0
False,,0,"[{'id': 18, 'name': 'Drama'}, {'id': 27, 'name': 'Horror'}]",,25319,tt0058333,en,The Masque of the Red Death,"Satan-worshiper Prince Prospero invites the local nobility to his castle for protection against an oncoming plague, the Red Death. He orders his guests to attend a masked ball and, amidst an atmosphere of debauchery and depravity, notices the entry of a hooded stranger dressed all in red. Believing the figure to be his master, Satan, Prospero is horrified at the revelation of his true identity.",11.587199,/5tbQ8q0aR9GAa8zFeJ2no84MZGQ.jpg,"[{'name': 'Alta Vista Productions', 'id': 4820}]","[{'iso_3166_1': 'GB', 'name': 'United Kingdom'}, {'iso_3166_1': 'US', 'name': 'United States of America'}]",1964-06-24,0.0,90.0,"[{'iso_639_1': 'en', 'name': 'English'}, {'iso_639_1': 'de', 'name': 'Deutsch'}, {'iso_639_1': 'la', 'name': 'Latin'}]",Released,Horror has a face.,The Masque of the Red Death,False,6.6,62.0
False,,0,"[{'id': 53, 'name': 'Thriller'}, {'id': 35, 'name': 'Comedy'}, {'id': 27, 'name': 'Horror'}, {'id': 9648, 'name': 'Mystery'}]",,29074,tt0056552,en,Tales of Terror,"Three stories adapted from the work of Edgar Allen Poe:  1) A man and his daughter are reunited, but the blame for the death of his wife hangs over them, unresolved.  2) A derelict challenges the local wine-tasting champion to a competition, but finds the man's attention to his wife worthy of more dramatic action.  3) A man dying and in great pain agrees to be hypnotized at the moment of death, with unexpected consequences.",2.356666,/bckNqHEsUX2Q7XyogXNyjL0RDfQ.jpg,"[{'name': 'Alta Vista Productions', 'id': 4820}]","[{'iso_3166_1': 'US', 'name': 'United States of America'}]",1962-07-04,0.0,89.0,"[{'iso_639_1': 'en', 'name': 'English'}]",Released,A Trilogy of Shock and Horror!,Tales of Terror,False,6.3,35.0
False,,0,"[{'id': 35, 'name': 'Comedy'}, {'id': 27, 'name': 'Horror'}, {'id': 10402, 'name': 'Music'}]",,24103,tt0091178,en,Haunted Honeymoon,"Larry Abbot, speaker in the radio horror shows of Manhattan Mystery Theater wants to marry. For the marriage he takes his fiancée home to the castle where he grew up among his eccentric relatives. His uncle decides that he needs to be cured from a neurotic speech defect and exaggerated bursts of fear: he gives him a shock therapy with palace ghosts.",2.858879,/jRhLxC1rorRqWDb7xoNgxHhmAtO.jpg,"[{'name': 'Orion Pictures', 'id': 41}]","[{'iso_3166_1': 'GB', 'name': 'United Kingdom'}]",1986-07-25,8033397.0,82.0,"[{'iso_639_1': 'en', 'name': 'English'}]",Released,...A Comedy Chiller,Haunted Honeymoon,False,5.4,45.0
False,,0,"[{'id': 35, 'name': 'Comedy'}, {'id': 53, 'name': 'Thriller'}, {'id': 27, 'name': 'Horror'}]",,10552,tt0088889,en,Cat's Eye,"Three short stories by shock-meister Stephen King are linked by a stray cat that roams from one tale to the next in this creepy triptych that begins as Dick (James Woods) tries to quit smoking by any means necessary. Next, we meet Johnny, an adulterous man who's forced by his lover's husband onto a building's hazardous ledge. Finally, Amanda is threatened by an evil gnome who throws suspicion on the family cat.",6.781815,/A65sQJbEAAV4wC9QQc0Mn4ZaMZV.jpg,"[{'name': 'Famous Films (II)', 'id': 3418}, {'name': 'Metro-Goldwyn-Mayer (MGM)', 'id': 8411}, {'name': 'Dino De Laurentiis Company', 'id': 10308}]","[{'iso_3166_1': 'US', 'name': 'United States of America'}]",1985-04-12,0.0,94.0,"[{'iso_639_1': 'en', 'name': 'English'}]",Released,Follow the newest cat-and-creature game as played through,Cat's Eye,False,5.9,140.0
False,,0,"[{'id': 35, 'name': 'Comedy'}]",,9267,tt0066765,en,And Now for Something Completely Different,And Now for Something Completely Different is a film spin-off from the television comedy series Monty Python's Flying Circus featuring favourite sketches from the first two seasons.,9.132013,/CA5EsQBOnJFMN9YaKgRgrXnR9O.jpg,"[{'name': 'Columbia Pictures', 'id': 5}, {'name': 'Python (Monty) Pictures Limited', 'id': 416}, {'name': 'Playboy Productions', 'id': 8313}, {'name': 'Kettledrum Films', 'id': 12978}]","[{'iso_3166_1': 'GB', 'name': 'United Kingdom'}]",1971-09-28,0.0,88.0,"[{'iso_639_1': 'en', 'name': 'English'}]",Released,If the Motion Picture Industry dies... Monty Python killed it!,And Now for Something Completely Different,False,7.1,139.0
False,"{'id': 10919, 'name': 'The Omen Collection', 'poster_path': '/5De8Hqq0z9gmDM7SbWU0C5pTjPC.jpg', 'backdrop_path': '/97vU4Y2bBmoJ3Mwi3uOAL8ahdUC.jpg'}",6800000,"[{'id': 28, 'name': 'Action'}, {'id': 18, 'name': 'Drama'}, {'id': 27, 'name': 'Horror'}, {'id': 53, 'name': 'Thriller'}]",,10766,tt0077394,en,Damien: Omen II,"Since the sudden and highly suspicious death of his parents, 12-year-old Damien has been in the charge of his wealthy aunt and uncle (Lee Grant and William Holden). Widely feared to be the Antichrist, Damien relentlessly plots to seize control of his uncle's business empire - and the world. Meanwhile, anyone attempting to unravel the secrets of Damien's sinister past or fiendish future meets with a swift and cruel demise.",10.235373,/gXpCjRUqgWDxufXqt34qyVweJnQ.jpg,"[{'name': 'Twentieth Century Fox Film Corporation', 'id': 306}, {'name': 'Mace Neufeld Productions', 'id': 2767}]","[{'iso_3166_1': 'US', 'name': 'United States of America'}]",1978-06-09,26518355.0,107.0,"[{'iso_639_1': 'en', 'name': 'English'}]",Released,The first time was only a warning.,Damien: Omen II,False,6.1,170.0
False,"{'id': 10919, 'name': 'The Omen Collection', 'poster_path': '/5De8Hqq0z9gmDM7SbWU0C5pTjPC.jpg', 'backdrop_path': '/97vU4Y2bBmoJ3Mwi3uOAL8ahdUC.jpg'}",0,"[{'id': 18, 'name': 'Drama'}, {'id': 27, 'name': 'Horror'}, {'id': 53, 'name': 'Thriller'}]",,10768,tt0082377,en,Omen III: The Final Conflict,"Damien Thorn (Sam Neill) has helped rescue the world from a recession, appearing to be a benign corporate benefactor. When he then becomes U.S. Ambassador to England, Damien fulfills a terrifying biblical prophecy. He also faces his own potential demise as an astronomical event brings about the second coming of Christ.",7.798615,/6vbza8mUbfDiBqqYJMfsLSVIAvn.jpg,"[{'name': 'Twentieth Century Fox Film Corporation', 'id': 306}]","[{'iso_3166_1': 'GB', 'name': 'United Kingdom'}, {'iso_3166_1': 'US', 'name': 'United States of America'}]",1981-03-20,20471382.0,108.0,"[{'iso_639_1': 'en', 'name': 'English'}]",Released,The power of evil is no longer in the hands of a child.,Omen III: The Final Conflict,False,5.5,132.0
False,"{'id': 91663, 'name': 'Airplane Collection', 'poster_path': '/u8IXYbpoRcKMlnhUvND0NB8HsAM.jpg', 'backdrop_path': '/w7bNIqVMZaaWf1LnMIZ1HywXbP8.jpg'}",3500000,"[{'id': 35, 'name': 'Comedy'}]",,813,tt0080339,en,Airplane!,"Alcoholic pilot, Ted Striker has developed a fear of flying due to wartime trauma, but nevertheless boards a passenger jet in an attempt to woo back his stewardess girlfriend. Food poisoning decimates the passengers and crew, leaving it up to Striker to land the plane with the help of a glue-sniffing air traffic controller and Striker's vengeful former Air Force captain, who must both talk him down.",13.063203,/b4sAWNIbfXw4WTdc1wiVRBk2Vko.jpg,"[{'name': 'Paramount Pictures', 'id': 4}]","[{'iso_3166_1': 'US', 'name': 'United States of America'}]",1980-07-02,83453539.0,88.0,"[{'iso_639_1': 'en', 'name': 'English'}]",Released,"What's slower than a speeding bullet, and able to hit tall buildings at a single bound?",Airplane!,False,7.1,1104.0
False,"{'id': 91663, 'name': 'Airplane Collection', 'poster_path': '/u8IXYbpoRcKMlnhUvND0NB8HsAM.jpg', 'backdrop_path': '/w7bNIqVMZaaWf1LnMIZ1HywXbP8.jpg'}",0,"[{'id': 35, 'name': 'Comedy'}]",,2665,tt0083530,en,Airplane II: The Sequel,"A faulty computer causes a passenger space shuttle to head straight for the sun, and man-with-a-past, Ted Striker must save the day and get the shuttle back on track – again – all the while trying to patch up his relationship with Elaine.",7.181664,/pjI6j5sVTxJXuxnr2JM2FgvyFXS.jpg,"[{'name': 'Paramount Pictures', 'id': 4}]","[{'iso_3166_1': 'US', 'name': 'United States of America'}]",1982-12-10,27150534.0,85.0,"[{'iso_639_1': 'en', 'name': 'English'}]",Released,For the ride of your life... All you need for Christmas are your two front seats!,Airplane II: The Sequel,False,6.0,276.0
False,,22000000,"[{'id': 27, 'name': 'Horror'}, {'id': 35, 'name': 'Comedy'}]",,9406,tt0118604,en,An American Werewolf in Paris,An American man unwittingly gets involved with werewolves who have developed a serum allowing them to transform at will.,7.145784,/jqP76k3sahgh3lMfYDeXSs8FtIC.jpg,"[{'name': 'Hollywood Pictures', 'id': 915}, {'name': 'Cometstone Pictures', 'id': 10895}]","[{'iso_3166_1': 'FR', 'name': 'France'}, {'iso_3166_1': 'GB', 'name': 'United Kingdom'}, {'iso_3166_1': 'LU', 'name': 'Luxembourg'}, {'iso_3166_1': 'NL', 'name': 'Netherlands'}, {'iso_3166_1': 'US', 'name': 'United States of America'}]",1997-12-25,26570463.0,105.0,"[{'iso_639_1': 'en', 'name': 'English'}, {'iso_639_1': 'fr', 'name': 'Français'}]",Released,Things are about to get a little hairy.,An American Werewolf in Paris,False,5.3,154.0
False,"{'id': 108693, 'name': ""National Lampoon's Vacation Collection"", 'poster_path': '/zvEUkLpDO7xlgabBEA9CCc0cvAt.jpg', 'backdrop_path': '/pBmhj6KkEjlzc3e7jAPkIHgGIrE.jpg'}",0,"[{'id': 12, 'name': 'Adventure'}, {'id': 35, 'name': 'Comedy'}, {'id': 10749, 'name': 'Romance'}]",,11418,tt0089670,en,National Lampoon’s European Vacation,"The Griswalds win a vacation to Europe on a game show, and thus pack their bags for the continent. They do their best to catch the flavor of Europe, but they just don't know how to be be good tourists. Besides, they have trouble taking holidays in countries where they CAN speak the language.",11.457485,/QbyzCI54hvCIwt1SQEsq7a6rp8.jpg,"[{'name': 'Warner Bros.', 'id': 6194}]","[{'iso_3166_1': 'US', 'name': 'United States of America'}]",1985-07-25,49364621.0,95.0,"[{'iso_639_1': 'en', 'name': 'English'}]",Released,"For over two thousand years, Europe has survived many great disasters. Now for the real test. Chevy Chase & his family are coming from America!",National Lampoon’s European Vacation,False,6.0,232.0
False,"{'id': 108693, 'name': ""National Lampoon's Vacation Collection"", 'poster_path': '/zvEUkLpDO7xlgabBEA9CCc0cvAt.jpg', 'backdrop_path': '/pBmhj6KkEjlzc3e7jAPkIHgGIrE.jpg'}",15000000,"[{'id': 35, 'name': 'Comedy'}, {'id': 12, 'name': 'Adventure'}, {'id': 10749, 'name': 'Romance'}]",,11153,tt0085995,en,National Lampoon's Vacation,"Clark Griswold is on a quest to take his family on a quest to Walley World theme park for a vacation, but things don't go exactly as planned.",7.747432,/ySI88wO1IFyKGWpSKRTSPilE3t2.jpg,"[{'name': 'Warner Bros.', 'id': 6194}]","[{'iso_3166_1': 'US', 'name': 'United States of America'}]",1983-07-28,61399552.0,98.0,"[{'iso_639_1': 'en', 'name': 'English'}]",Released,Every summer Chevy Chase takes his family on a little trip. This year he went too far.,National Lampoon's Vacation,False,7.1,412.0
False,,0,"[{'id': 35, 'name': 'Comedy'}]",,14170,tt0095188,en,Funny Farm,"Chevy Chase stars as Andy Farmer, a sportswriter who moves with his schoolteacher wife Elizabeth (Madolyn Smith) to the country in order to write a novel in relative seclusion. Of course, seclusion is the last thing the Farmers find in the small, eccentric town, where disaster awaits them at every turn.",11.303489,/tW6LGDEZrJpLbvEGkHk51MyQqJC.jpg,"[{'name': 'Warner Bros.', 'id': 6194}]","[{'iso_3166_1': 'US', 'name': 'United States of America'}]",1988-06-03,0.0,101.0,"[{'iso_639_1': 'en', 'name': 'English'}]",Released,Chevy Chase finds life in the country isn't what it's cracked up to be!,Funny Farm,False,6.0,74.0
False,,18000000,"[{'id': 14, 'name': 'Fantasy'}, {'id': 18, 'name': 'Drama'}, {'id': 35, 'name': 'Comedy'}, {'id': 10749, 'name': 'Romance'}, {'id': 10751, 'name': 'Family'}]",,2280,tt0094737,en,Big,"A young boy, Josh Baskin makes a wish at a carnival machine to be big. He wakes up the following morning to find that it has been granted and his body has grown older overnight. But he is still the same 13-year-old boy inside. Now he must learn how to cope with the unfamiliar world of grown-ups including getting a job and having his first romantic encounter with a woman. What will he find out about this strange world?",9.562292,/me6uugsf6zWTkrcLBoNc9EElb5j.jpg,"[{'name': 'Gracie Films', 'id': 18}, {'name': 'Twentieth Century Fox Film Corporation', 'id': 306}, {'name': 'American Entertainment Partners II L.P.', 'id': 21451}]","[{'iso_3166_1': 'US', 'name': 'United States of America'}]",1988-06-03,151668774.0,104.0,"[{'iso_639_1': 'en', 'name': 'English'}]",Released,You're Only Young Once But For Josh It Might Just Last A Lifetime.,Big,False,6.9,1022.0
False,"{'id': 180854, 'name': 'Problem Child Collection', 'poster_path': '/aIWRqX5mJ9RPKox8sguNutPCiX8.jpg', 'backdrop_path': '/3qrIGlVQTi7Aps9IUm9vAep9C2W.jpg'}",0,"[{'id': 35, 'name': 'Comedy'}]",,11077,tt0100419,en,Problem Child,"Ben Healy (John Ritter) and his social climbing wife Flo adopt Junior a fun-loving seven year old. But they soon discover he's a little monster as he turns a camping trip, a birthday party and even a baseball game into comic nightmares. But is he really just a little angel trying to get out? Find out in this hilarious satire on modern-day family life.",5.722116,/mQQIv4xsAwT9JNB6VYIaJLbkBRZ.jpg,"[{'name': 'Imagine Entertainment', 'id': 23}, {'name': 'Universal Pictures', 'id': 33}]","[{'iso_3166_1': 'US', 'name': 'United States of America'}]",1990-07-27,0.0,81.0,"[{'iso_639_1': 'en', 'name': 'English'}, {'iso_639_1': 'it', 'name': 'Italiano'}]",Released,Attila the Hun. Ivan the Terrible. Al Capone. They were all seven once.,Problem Child,False,5.5,152.0
False,"{'id': 180854, 'name': 'Problem Child Collection', 'poster_path': '/aIWRqX5mJ9RPKox8sguNutPCiX8.jpg', 'backdrop_path': '/3qrIGlVQTi7Aps9IUm9vAep9C2W.jpg'}",0,"[{'id': 35, 'name': 'Comedy'}]",,28597,tt0102719,en,Problem Child 2,"Junior and his father, Ben, move from Cold River to Mortville. Junior becomes threatened by Ben's desire to date again and find a new mother for Junior, and sabotages each of his dates.",8.142992,/npr7j2HuRgvsKrXLIxIiXevTH8A.jpg,"[{'name': 'Imagine Entertainment', 'id': 23}, {'name': 'Universal Pictures', 'id': 33}]","[{'iso_3166_1': 'US', 'name': 'United States of America'}]",1991-07-03,0.0,90.0,"[{'iso_639_1': 'en', 'name': 'English'}, {'iso_639_1': 'it', 'name': 'Italiano'}, {'iso_639_1': 'pt', 'name': 'Português'}]",Released,,Problem Child 2,False,5.2,101.0
False,,0,"[{'id': 12, 'name': 'Adventure'}, {'id': 16, 'name': 'Animation'}, {'id': 10751, 'name': 'Family'}, {'id': 14, 'name': 'Fantasy'}]",,22611,tt0104740,en,Little Nemo: Adventures In Slumberland,"A little boy whose dreams transcend reality is sucked into his own fantasy, which is everything he has dreamed of, until he unleashes an old secret that may not only destroy this perfect dream world but reality itself.",2.770568,/5xpk0WQPNnDEjgipqCSmA4Jt7a.jpg,[],"[{'iso_3166_1': 'JP', 'name': 'Japan'}]",1989-07-15,0.0,85.0,"[{'iso_639_1': 'de', 'name': 'Deutsch'}, {'iso_639_1': 'en', 'name': 'English'}, {'iso_639_1': 'es', 'name': 'Español'}, {'iso_639_1': 'it', 'name': 'Italiano'}]",Released,"Take Off On A Wonderful Adventure With ""Little Nemo""",Little Nemo: Adventures In Slumberland,False,7.1,36.0
False,,0,"[{'id': 18, 'name': 'Drama'}, {'id': 10749, 'name': 'Romance'}]",,39780,tt0119843,en,Oscar and Lucinda,"After a childhood of abuse by his evangelistic father, misfit Oscar Hopkins becomes an Anglican minister and develops a divine obsession with gambling. Lucinda Leplastrier is a rich Australian heiress shopping in London for materials for her newly acquired glass factory back home. Deciding to travel to Australia as a missionary, Oscar meets Lucinda aboard ship, and a mutual obsession blossoms. They make a wager that will alter each of their destinies.",1.462571,/tIehCqQIgEwLGybchijTFi56AIA.jpg,"[{'name': 'Fox Searchlight Pictures', 'id': 43}, {'name': 'Australian Film Finance Corporation (AFFC)', 'id': 8724}, {'name': 'Dalton Films', 'id': 39711}]","[{'iso_3166_1': 'AU', 'name': 'Australia'}, {'iso_3166_1': 'GB', 'name': 'United Kingdom'}, {'iso_3166_1': 'US', 'name': 'United States of America'}]",1997-12-31,0.0,132.0,"[{'iso_639_1': 'fr', 'name': 'Français'}, {'iso_639_1': 'en', 'name': 'English'}]",Released,"They dared to play the game of love, faith, and chance.",Oscar and Lucinda,False,6.2,26.0
False,,23000000,"[{'id': 28, 'name': 'Action'}, {'id': 12, 'name': 'Adventure'}, {'id': 80, 'name': 'Crime'}, {'id': 10749, 'name': 'Romance'}, {'id': 53, 'name': 'Thriller'}]",,10396,tt0096244,en,Tequila Sunrise,"In a seaside California town, best friends Mac and Nick are on opposite sides of the law. Mac is a former drug dealer trying to clean up his act, while Nick is a high-profile detective trying to take down a Mexican drug lord named Carlos. Soon Nick's loyalties are put to the test when he begins an affair with restaurateur Jo Ann  -- a love interest of Mac's -- unwittingly leading his friend into a police-orchestrated trap.",6.399977,/57M9kLofAmUaHaVth3nSFGi1eZ9.jpg,"[{'name': 'The Mount Company', 'id': 1312}, {'name': 'Warner Bros.', 'id': 6194}, {'name': 'Cinema City Films', 'id': 67709}]","[{'iso_3166_1': 'US', 'name': 'United States of America'}]",1988-12-02,0.0,115.0,"[{'iso_639_1': 'en', 'name': 'English'}, {'iso_639_1': 'es', 'name': 'Español'}]",Released,A business on the line. A friendship on the edge. A woman caught in the middle.,Tequila Sunrise,False,6.0,116.0
False,,45000000,"[{'id': 18, 'name': 'Drama'}, {'id': 9648, 'name': 'Mystery'}, {'id': 53, 'name': 'Thriller'}, {'id': 80, 'name': 'Crime'}]",,9944,tt0107798,en,The Pelican Brief,Two Supreme Court Justices have been assassinated. One lone law student has stumbled upon the truth. An investigative journalist wants her story. Everybody else wants her dead.,8.708306,/kIvGL0pyXY3TzWHrUV0ytEJDgCX.jpg,"[{'name': 'Warner Bros.', 'id': 6194}]","[{'iso_3166_1': 'US', 'name': 'United States of America'}]",1993-12-16,195268056.0,141.0,"[{'iso_639_1': 'en', 'name': 'English'}]",Released,Two Supreme Court Justices have been assassinated. One lone law student has stumbled upon the truth. An investigative journalist wants her story. Everybody else wants her dead.,The Pelican Brief,False,6.3,377.0
False,"{'id': 201873, 'name': 'A Christmas Story Collection', 'poster_path': '/qjHPRBBiluOwJZp7AcMtrs0dNPr.jpg', 'backdrop_path': '/sDJLWSHdsORRGMEii0SWvm7DMwN.jpg'}",0,"[{'id': 35, 'name': 'Comedy'}, {'id': 10751, 'name': 'Family'}]",,850,tt0085334,en,A Christmas Story,"The comic mishaps and adventures of a young boy named Ralph, trying to convince his parents, teachers, and Santa that a Red Ryder B.B. gun really is the perfect Christmas gift for the 1940s.",7.337907,/1dSFarRSXwMjFODxPTwyaiNZotF.jpg,"[{'name': 'Metro-Goldwyn-Mayer (MGM)', 'id': 8411}, {'name': 'Christmas Tree Films', 'id': 10757}]","[{'iso_3166_1': 'US', 'name': 'United States of America'}, {'iso_3166_1': 'CA', 'name': 'Canada'}]",1983-11-18,19294144.0,94.0,"[{'iso_639_1': 'en', 'name': 'English'}]",Released,"Peace, Harmony, Comfort and Joy... Maybe Next Year.",A Christmas Story,False,7.4,352.0
False,,0,"[{'id': 35, 'name': 'Comedy'}, {'id': 80, 'name': 'Crime'}, {'id': 10749, 'name': 'Romance'}]",,10154,tt0130121,en,Mickey Blue Eyes,"An English auctioneer proposes to the daughter of a mafia kingpin, only to realize that certain ""favors"" would be asked of him.",6.951414,/oJsTBcWZcvcb8rseT2FraKDUo5r.jpg,"[{'name': 'Castle Rock Entertainment', 'id': 97}, {'name': 'Warner Bros.', 'id': 6194}]","[{'iso_3166_1': 'GB', 'name': 'United Kingdom'}, {'iso_3166_1': 'US', 'name': 'United States of America'}]",1999-08-16,0.0,102.0,"[{'iso_639_1': 'en', 'name': 'English'}]",Released,A romantic comedy you can't refuse,Mickey Blue Eyes,False,5.3,142.0
False,,13000000,"[{'id': 35, 'name': 'Comedy'}, {'id': 53, 'name': 'Thriller'}]",,10342,tt0133046,en,Teaching Mrs. Tingle,"Leanne is salutatorian when she needs to be valedictorian to get her scholarship to Harvard. The only class she is worse than the leader in is history, taught by Mrs. Tingle, and the teacher hates her. When an attempt to get ahead in Mrs. Tingle's class goes awry, mayhem ensues and friendships, loyalties and trust are tested by the teacher's intricate mind-games.",8.345784,/2Gg9o0qOa3OWPieySBLZbnRhlb0.jpg,"[{'name': 'Konrad Pictures', 'id': 85}, {'name': 'Dimension Films', 'id': 7405}, {'name': 'Interscope Communications', 'id': 10201}]","[{'iso_3166_1': 'US', 'name': 'United States of America'}]",1999-08-11,8946237.0,96.0,"[{'iso_639_1': 'en', 'name': 'English'}, {'iso_639_1': 'pl', 'name': 'Polski'}]",Released,"This summer, the teacher from hell is about to get taught a lesson.",Teaching Mrs. Tingle,False,5.3,94.0
False,"{'id': 10713, 'name': 'Universal Soldier Collection', 'poster_path': '/vz9ym8LnmyvEAm4ms9PH8JUmUuQ.jpg', 'backdrop_path': '/bonZuSo9YE7LFHEFE8oLD3qv32o.jpg'}",45000000,"[{'id': 28, 'name': 'Action'}, {'id': 878, 'name': 'Science Fiction'}]",,10366,tt0176269,en,Universal Soldier: The Return,"Luc Deveraux, the heroic former Universal Soldier, is about to be thrown into action once again. When Seth (Michael Jai White), the supercomputer controlled ultra-warrior, decides to take revenge and destroy its creators, only Luc can stop it. All hell breaks loose as Luc battles Seth and a deadly team of perfect soldiers in a struggle that pits man against machine and good against evil.",7.805145,/zy0M1Mf7nqiazIYh2D49bbxnlIn.jpg,"[{'name': 'TriStar Pictures', 'id': 559}, {'name': 'Baumgarten-Prophet Entertainment', 'id': 12968}]","[{'iso_3166_1': 'US', 'name': 'United States of America'}]",1999-08-05,10667893.0,82.0,"[{'iso_639_1': 'en', 'name': 'English'}]",Released,Prepare to become obsolete,Universal Soldier: The Return,False,4.2,138.0
False,"{'id': 10713, 'name': 'Universal Soldier Collection', 'poster_path': '/vz9ym8LnmyvEAm4ms9PH8JUmUuQ.jpg', 'backdrop_path': '/bonZuSo9YE7LFHEFE8oLD3qv32o.jpg'}",23000000,"[{'id': 53, 'name': 'Thriller'}, {'id': 28, 'name': 'Action'}, {'id': 878, 'name': 'Science Fiction'}, {'id': 80, 'name': 'Crime'}]",,9349,tt0105698,en,Universal Soldier,"An American soldier who had been killed during the Vietnam War is revived 25 years later by the military as a semi-android, UniSols, a high-tech soldier of the future. After the failure of the initiative to erase all the soldier's memories, he begins to experience flashbacks that are forcing him to recall his past.",8.035769,/jxOH4GsCYjwhL6VarO7MJmfmOPz.jpg,"[{'name': 'Centropolis Entertainment', 'id': 347}, {'name': 'TriStar Pictures', 'id': 559}, {'name': 'StudioCanal', 'id': 694}, {'name': 'IndieProd Company Productions', 'id': 959}, {'name': 'Carolco Pictures', 'id': 14723}]","[{'iso_3166_1': 'US', 'name': 'United States of America'}]",1992-07-10,0.0,102.0,"[{'iso_639_1': 'en', 'name': 'English'}]",Released,The future has a bad attitude.,Universal Soldier,False,5.8,382.0
False,,0,"[{'id': 35, 'name': 'Comedy'}, {'id': 10749, 'name': 'Romance'}]",,15122,tt0188863,en,Love Stinks,"A movie about a relationship...that's worse than yours. Seth (Stewart), a sitcom writer-producer, meets Chelsea (Wilson), an interior decorator, at his best friend's (Bellamy) wedding. He's immediately sexually attracted to her while she's instantly attracted to his single-ness. They both ditch their wedding dates and start their own date that same night. The two become a couple, appearing very happy until after a couple of years of postponing a marriage proposal. When Chelsea realizes that Seth wants to remain single and together, she becomes quite bitter. In the next hour of the movie, the two engage in behavior that makes the War of the Roses look like child's play.",1.097513,/xeh7zWm0oG7Ws4Zu8mXeCbFSVZL.jpg,[],"[{'iso_3166_1': 'US', 'name': 'United States of America'}]",1999-09-10,0.0,94.0,"[{'iso_639_1': 'pt', 'name': 'Português'}, {'iso_639_1': 'en', 'name': 'English'}]",Released,,Love Stinks,False,5.4,11.0
False,,0,"[{'id': 16, 'name': 'Animation'}, {'id': 53, 'name': 'Thriller'}]",http://www.madhouse.co.jp/works/1999-1997/works_movie_perfectblue.html,10494,tt0156887,ja,パーフェクトブルー,"Mima Kirigoe is a singer who leaves her trio to become an actress, a career move that angers her fans, who prefer to see her as the pop idol. Plagued by self-doubt and tormented by humiliating compromises, she begins to be stalked, in her waking and sleeping moments, by an alter ego who claims to be ""the real Mima"", until she collapses into madness as her coworkers are brutally slain around her.",6.487495,/qDLeGIVhni3bRDunByBzhgY4wKZ.jpg,"[{'name': 'Madhouse', 'id': 4288}, {'name': 'Rex Entertainment', 'id': 22817}]","[{'iso_3166_1': 'JP', 'name': 'Japan'}]",1997-07-11,0.0,81.0,"[{'iso_639_1': 'ja', 'name': '日本語'}]",Released,The color of illusion is Perfect Blue.,Perfect Blue,False,7.9,261.0
False,,0,"[{'id': 27, 'name': 'Horror'}, {'id': 878, 'name': 'Science Fiction'}]",,126152,tt0119692,en,With Friends Like These...,"Four small-time two-bit character actors, all close friends, are competing for same important part in the next Martin Scorsese mob film.",0.056395,/iaOiRKh9o8hoAEAUWc7Dq71w2cl.jpg,"[{'name': 'Miramax Films', 'id': 14}]","[{'iso_3166_1': 'US', 'name': 'United States of America'}]",1998-09-10,0.0,105.0,[],Released,,With Friends Like These...,False,0.0,0.0
False,,7000000,"[{'id': 18, 'name': 'Drama'}, {'id': 28, 'name': 'Action'}, {'id': 53, 'name': 'Thriller'}, {'id': 80, 'name': 'Crime'}]",,22314,tt0160401,en,In Too Deep,A fearless cop is taking on a ruthless crimelord. He knew the risks. He just didn't know how far he would have to go.,1.615319,/uylbVab2pYVFJhrZB2ujhG0MxQq.jpg,"[{'name': 'Suntaur Entertainment Company', 'id': 4380}]","[{'iso_3166_1': 'US', 'name': 'United States of America'}]",1999-08-25,14011454.0,97.0,"[{'iso_639_1': 'it', 'name': 'Italiano'}, {'iso_639_1': 'en', 'name': 'English'}, {'iso_639_1': 'ru', 'name': 'Pусский'}]",Released,,In Too Deep,False,6.3,18.0
False,,0,"[{'id': 99, 'name': 'Documentary'}, {'id': 10769, 'name': 'Foreign'}]",,51679,tt0181833,en,The Source,"Traces the Beats from Allen Ginsberg and Jack Kerouac's meeting in 1944 at Columbia University to the deaths of Ginsberg and William S. Burroughs in 1997. Three actors provide dramatic interpretations of the work of these three writers, and the film chronicles their friendships, their arrival into American consciousness, their travels, frequent parodies, Kerouac's death, and Ginsberg's politicization. Their movement connects with bebop, John Cage's music, abstract expressionism, and living theater. In recent interviews, Ginsberg, Burroughs, Kesey, Ferlinghetti, Mailer, Jerry Garcia, Tom Hayden, Gary Snyder, Ed Sanders, and others measure the Beats' meaning and impact.",0.447313,/3C6B4u9QIQqmvtw3YHTcx2ubsXj.jpg,[],[],1999-01-01,360895.0,88.0,[],Released,,The Source,False,4.9,5.0
False,,0,"[{'id': 27, 'name': 'Horror'}, {'id': 9648, 'name': 'Mystery'}, {'id': 53, 'name': 'Thriller'}]",,35813,tt0052602,en,The Bat,"Mystery writer Cornelia Van Gorder has rented a country house called ""The Oaks"", which not long ago had been the scene of some murders committed by a strange and violent criminal known as ""The Bat"".Meanwhile, the house's owner, bank president John Fleming, has recently embezzled one million dollars in securities, and has hidden the proceeds in the house, but he is killed before he can retrieve it.",8.819138,/kuqbKnzULGFDZEBrOjQooBray5w.jpg,"[{'name': 'Liberty Pictures', 'id': 20938}]","[{'iso_3166_1': 'US', 'name': 'United States of America'}]",1959-08-09,0.0,80.0,"[{'iso_639_1': 'de', 'name': 'Deutsch'}]",Released,When Someone SCREAMS ... It Will Be YOU!,The Bat,False,5.9,18.0
False,"{'id': 123251, 'name': 'Iron Eagle Collection', 'poster_path': '/bAXtdm522B1kVaripFoZLJRU7Ba.jpg', 'backdrop_path': None}",0,"[{'id': 28, 'name': 'Action'}, {'id': 53, 'name': 'Thriller'}, {'id': 10752, 'name': 'War'}]",,11037,tt0091278,en,Iron Eagle,"When Doug's father, an Air Force Pilot, is shot down by MiGs belonging to a radical Middle Eastern state, no one seems able to get him out. Doug finds Chappy, an Air Force Colonel who is intrigued by the idea of sending in two fighters piloted by himself and Doug to rescue Doug's father after bombing the MiG base.",4.33058,/Wav0BfhK8dXQGhGbkhnL7MlLl3.jpg,"[{'name': 'TriStar Pictures', 'id': 559}]","[{'iso_3166_1': 'CA', 'name': 'Canada'}, {'iso_3166_1': 'US', 'name': 'United States of America'}]",1986-01-17,0.0,117.0,"[{'iso_639_1': 'nl', 'name': 'Nederlands'}, {'iso_639_1': 'en', 'name': 'English'}]",Released,,Iron Eagle,False,4.8,64.0
False,"{'id': 123251, 'name': 'Iron Eagle Collection', 'poster_path': '/bAXtdm522B1kVaripFoZLJRU7Ba.jpg', 'backdrop_path': None}",0,"[{'id': 28, 'name': 'Action'}, {'id': 12, 'name': 'Adventure'}, {'id': 18, 'name': 'Drama'}, {'id': 53, 'name': 'Thriller'}]",,11955,tt0095382,en,Iron Eagle II,Chappy Sinclair is called to gather together a mixed Soviet/U.S. strike force that will perform a surgical strike on a massively defended nuclear missile site in the Middle East. Chappy finds that getting the Soviet and U.S. Pilots to cooperate is only the most minor of his problems as he discovers someone in the Pentagon is actively sabotaging his mission.,2.331052,/86JBY9iKNk7ASZ0J69gYVYzkY2P.jpg,"[{'name': 'TriStar Pictures', 'id': 559}, {'name': 'Carolco Pictures', 'id': 14723}]","[{'iso_3166_1': 'CA', 'name': 'Canada'}, {'iso_3166_1': 'IL', 'name': 'Israel'}]",1988-11-11,0.0,105.0,"[{'iso_639_1': 'en', 'name': 'English'}]",Released,,Iron Eagle II,False,4.3,17.0
False,"{'id': 123251, 'name': 'Iron Eagle Collection', 'poster_path': '/bAXtdm522B1kVaripFoZLJRU7Ba.jpg', 'backdrop_path': None}",0,"[{'id': 28, 'name': 'Action'}, {'id': 53, 'name': 'Thriller'}]",,2038,tt0103617,en,Iron Eagle III,"Chappy discovers a drug-smuggling scheme at his own air base. It turns out that the lives of some village people in Peru are at stake, and he decides to fly there with ancient airplanes and friends to free them.",8.48487,/qPdxlQGQ4SUpDU2CPpXODeqPDkv.jpg,"[{'name': 'Seven Arts Pictures', 'id': 14159}, {'name': 'Carolco Pictures', 'id': 14723}]","[{'iso_3166_1': 'GB', 'name': 'United Kingdom'}, {'iso_3166_1': 'US', 'name': 'United States of America'}]",1992-01-09,0.0,98.0,"[{'iso_639_1': 'en', 'name': 'English'}]",Released,,Iron Eagle III,False,3.6,15.0
False,"{'id': 123251, 'name': 'Iron Eagle Collection', 'poster_path': '/bAXtdm522B1kVaripFoZLJRU7Ba.jpg', 'backdrop_path': None}",0,"[{'id': 28, 'name': 'Action'}, {'id': 12, 'name': 'Adventure'}]",,28737,tt0113438,en,Iron Eagle IV,"While Chappy Sinclair is saddled with a bunch of misfits and delinquents for his flight school, he turns to his protégé Doug Masters to assist him in rounding them into shape for an important competition. During their training, they stumble upon a group of subversive air force officers who are dealing in toxic waste as a sideline.",1.286323,/8Nb3avhmn3o6P3p7pPAX40oP0Mt.jpg,[],[],1995-01-01,0.0,96.0,"[{'iso_639_1': 'en', 'name': 'English'}]",Released,,Iron Eagle IV,False,3.2,8.0
False,,0,"[{'id': 28, 'name': 'Action'}, {'id': 53, 'name': 'Thriller'}, {'id': 9648, 'name': 'Mystery'}]",,11963,tt0073802,en,Three Days of the Condor,"A bookish CIA researcher finds all his co-workers dead, and must outwit those responsible until he figures out who he can really trust.",14.364447,/gbd3kO5kANvFrgPyxB0p6RNsOQC.jpg,"[{'name': 'Paramount Pictures', 'id': 4}, {'name': 'Wildwood Enterprises', 'id': 316}, {'name': 'Dino De Laurentiis Company', 'id': 10308}, {'name': 'Tom Ward Enterprises', 'id': 10879}]","[{'iso_3166_1': 'US', 'name': 'United States of America'}]",1975-09-24,27476252.0,117.0,"[{'iso_639_1': 'en', 'name': 'English'}, {'iso_639_1': 'fr', 'name': 'Français'}]",Released,His CIA code name is Condor. In the next seventy-two hours almost everyone he trusts will try to kill him.,Three Days of the Condor,False,7.2,234.0
False,,0,[],,141489,tt0058175,en,Hamlet from the Lunt-Fontanne Theatre,A stage production of Hamlet filmed at the Lunt-Fontanne Theatre in New York.,0.512134,/mBAakSLANF6WrMBodmVfpkVoMWZ.jpg,[],[],1964-09-23,0.0,191.0,[],Released,,Hamlet from the Lunt-Fontanne Theatre,False,6.0,2.0
False,,0,"[{'id': 12, 'name': 'Adventure'}, {'id': 18, 'name': 'Drama'}]",,53761,tt0010418,en,Male and Female,"Gloria Swanson plays a spoiled maiden who always gets her way until shipwrecked with her butler, then learns which qualities are really admirable in a person.",1.175646,/uVCT5kpdx1YiT432rKbvVZaOXIx.jpg,"[{'name': 'Paramount Pictures', 'id': 4}]","[{'iso_3166_1': 'US', 'name': 'United States of America'}]",1919-11-23,0.0,116.0,[],Released,,Male and Female,False,5.0,1.0
False,,40000000,"[{'id': 12, 'name': 'Adventure'}]",,9096,tt0104839,en,Medicine Man,"An eccentric scientist working for a large drug company is working on a research project in the Amazon jungle. He sends for a research assistant and a gas chromatograph because he's close to a cure for cancer. When the assistant turns out to be a ""mere woman,"" he rejects her help. Meanwhile the bulldozers get closer to the area in which they are conducting research, and they eventually learn to work together, and begin falling in love.",7.431005,/lQAvyFcppZhqbz5coICwfbgcylY.jpg,"[{'name': 'Hollywood Pictures', 'id': 915}, {'name': 'Cinergi Pictures Entertainment', 'id': 1504}]","[{'iso_3166_1': 'US', 'name': 'United States of America'}]",1992-02-07,0.0,106.0,"[{'iso_639_1': 'en', 'name': 'English'}]",Released,He turned his back on civilization. Only to discover he had the power to save it.,Medicine Man,False,5.8,114.0
False,"{'id': 189295, 'name': 'The Spiders Serial', 'poster_path': '/qrIkWMlpPL6WBPKJQVgjO5lygxc.jpg', 'backdrop_path': None}",0,"[{'id': 12, 'name': 'Adventure'}]",,91893,tt0010726,en,"Die Spinnen, 1. Teil - Der Goldene See","In San Francisco, well-known sportsman Kay Hoog announces to a club that he has found a message in a bottle with a map drawn by a Harvard professor who has gone missing. The map tells of a lost Incan civilization that possesses an immense treasure. Hoog immediately plans an expedition to find it. But Lio Sha, the head of a criminal organization known as the Spiders, is determined to get the treasure for herself and plans a rival expedition.",0.301984,/89HHXHuyqn181J6IwR83ooYtg13.jpg,"[{'name': 'Decla-Bioscop AG', 'id': 6762}, {'name': 'Decla-Film-Gesellschaft Holz & Co.', 'id': 44382}]","[{'iso_3166_1': 'DE', 'name': 'Germany'}]",1919-10-03,0.0,69.0,"[{'iso_639_1': 'de', 'name': 'Deutsch'}]",Released,,The Spiders - The Golden Sea,False,5.7,5.0
False,,0,[],,113273,tt0181733,en,On the Ropes,The story of three young boxers and their coach who is determined to guide them in a positive direction in and out of the ring.,0.140027,/6LNzYl7oH9ui7baYbo0UG9if8rJ.jpg,[],[],1999-01-01,0.0,94.0,[],Released,The real fight is outside the ring.,On the Ropes,False,5.0,1.0
False,,0,[],,103793,tt0163185,nl,Rosie,"In a juvenile lockup, a new ward answers questions: she's Rosie, 13, no parents, a sister Irene, a brother Michel. In flashbacks we find out what happened. She lives with Irene, who's 27, whom Rosie knows is in fact her mother, but that's their secret. Irene's brother Michel, unemployed, a compulsive gambler, comes to stay with them. Around then, Irene meets Bernard; they come to care for each other. This leaves Rosie without attention, so she puts all her adolescent hopes and romantic fantasies into a relationship with Jimi, a good looking kid she sees on a bus. Is it adventures with Jimi that land her in juvie? Once she's there, why doesn't he answer her letters?",0.100686,/ydSOyC95do1ELcf11kk1xldTGmM.jpg,[],[],1998-11-18,0.0,0.0,"[{'iso_639_1': 'nl', 'name': 'Nederlands'}]",Released,,Rosie,False,5.0,2.0
False,,160000000,"[{'id': 12, 'name': 'Adventure'}, {'id': 14, 'name': 'Fantasy'}, {'id': 28, 'name': 'Action'}]",,1911,tt0120657,en,The 13th Warrior,"In AD 922, Arab courtier, Ahmad Ibn Fadlan accompanies a party of Vikings to the barbaric North to combat a terror that slaughters Vikings and devours their flesh.",10.308026,/ooR8S0O0ZgxK2OBnT1GWHrr9w92.jpg,"[{'name': 'Touchstone Pictures', 'id': 9195}]","[{'iso_3166_1': 'US', 'name': 'United States of America'}]",1999-08-27,61698899.0,102.0,"[{'iso_639_1': 'en', 'name': 'English'}, {'iso_639_1': 'no', 'name': 'Norsk'}]",Released,Prey for the living.,The 13th Warrior,False,6.4,524.0
False,,75000000,"[{'id': 18, 'name': 'Drama'}, {'id': 878, 'name': 'Science Fiction'}, {'id': 53, 'name': 'Thriller'}]",,2900,tt0138304,en,The Astronaut's Wife,"When astronaut Spencer Armacost returns to Earth after a mission that nearly cost him his life, he decides to take a desk job in order to see his beautiful wife, Jillian, more often. Gradually, Jillian notices that Spencer's personality seems to have changed, but her concerns fade when she discovers that she's pregnant. As Jillian grows closer to becoming a mother, her suspicions about Spencer return. Why does it seem as if he's a different person?",14.705865,/2zm3a3453aWN078Qd6nIQngbEkM.jpg,"[{'name': 'New Line Cinema', 'id': 12}, {'name': 'Mad Chance', 'id': 1757}]","[{'iso_3166_1': 'US', 'name': 'United States of America'}]",1999-08-26,19598588.0,109.0,"[{'iso_639_1': 'en', 'name': 'English'}]",Released,How well do you know the one you love?,The Astronaut's Wife,False,5.5,263.0
False,,70000000,"[{'id': 35, 'name': 'Comedy'}, {'id': 10751, 'name': 'Family'}, {'id': 10749, 'name': 'Romance'}]",,17709,tt0160236,en,Dudley Do-Right,"Based on the 60's-era cartoon of the same name. Royal Canadian Mountie Dudley Do-right is busy keeping the peace in his small mountain town when his old rival, Snidely Whiplash, comes up with a plot to buy all the property in town, then start a phony gold rush by seeding the river with gold nuggets. Can this well-meaning (though completely incompetent) Mountie stop Whiplash's evil plan?",4.431577,/eCf1PsMl3rp94Oa4nFmOioqHq2n.jpg,"[{'name': 'Universal Pictures', 'id': 33}, {'name': 'Joseph M. Singer Entertainment', 'id': 1301}, {'name': 'Davis Entertainment', 'id': 1302}]","[{'iso_3166_1': 'US', 'name': 'United States of America'}]",1999-08-27,0.0,77.0,"[{'iso_639_1': 'cs', 'name': 'Český'}, {'iso_639_1': 'en', 'name': 'English'}]",Released,From the creator of 'George of the Jungle' comes a new kind of hero,Dudley Do-Right,False,3.8,49.0
False,,0,"[{'id': 14, 'name': 'Fantasy'}, {'id': 35, 'name': 'Comedy'}]",,37718,tt0164108,en,The Muse,"What happens when a screenwriter (Brooks) loses his edge, he turns to anyone he can for help... even if it's the mythical ""Zeus's Daughter"" (Stone). And he's willing to pay, albeit reluctantly, whatever price it takes to satisfy this goddess, especially when her advice gets him going again on a sure-fire script. However, this is not the limit of her help, she also gets the writer's wife (MacDowell) going on her own bakery enterprise, much to the chagrin of Brooks, who has already had to make many personal sacrifices for his own help.",1.533253,/yaYmUguKw05ZaUe0BdwcoNVefVz.jpg,"[{'name': 'October Films', 'id': 236}]","[{'iso_3166_1': 'US', 'name': 'United States of America'}]",1999-08-27,0.0,97.0,"[{'iso_639_1': 'en', 'name': 'English'}]",Released,In Goddess we trust.,The Muse,False,5.3,31.0
False,,0,"[{'id': 18, 'name': 'Drama'}]",,47144,tt0169145,sr,Bure baruta,"The film takes place in Belgrade in the mid nineties of the twentieth century, when the brutality and violence are becoming part of everyday reality. A series of separate stories each linked inheritance situations. The painful atmosphere of increasing brutality from which you can not see the output as the main motiv is repeated in the question of accountability: ""Who is guilty?""",0.569218,/KYfW84rEgeajJSerY3WB1SBhTD.jpg,"[{'name': 'MACT Productions', 'id': 393}, {'name': 'Eurimages', 'id': 850}, {'name': 'Ministère de la Culture', 'id': 10901}, {'name': 'Canal (II)', 'id': 31157}, {'name': 'Vans', 'id': 36746}, {'name': 'Mine Film', 'id': 57301}, {'name': 'Stefi S.A.', 'id': 76880}, {'name': 'Gradski Kina', 'id': 83478}, {'name': 'Ticket Productions', 'id': 83479}]","[{'iso_3166_1': 'RS', 'name': 'Serbia'}, {'iso_3166_1': 'FR', 'name': 'France'}, {'iso_3166_1': 'GR', 'name': 'Greece'}, {'iso_3166_1': 'MK', 'name': 'Macedonia'}, {'iso_3166_1': 'TR', 'name': 'Turkey'}]",1998-08-01,0.0,102.0,"[{'iso_639_1': 'sr', 'name': 'Srpski'}]",Released,,Cabaret Balkan,False,7.3,4.0
False,,0,"[{'id': 18, 'name': 'Drama'}, {'id': 10751, 'name': 'Family'}]",,104896,tt0160216,en,A Dog Of Flanders,"Poor but happy, young Nello and his grandfather live alone, delivering milk as a livelihood, in the outskirts of Antwerp, a city in Flanders (the Flemish or Dutch-speaking part of modern-day Belgium). They discover a beaten dog (a Bouvier, a large sturdy dog native to Flanders) and adopt it and nurse it back to health, naming it Patrasche, the middle name of Nello's mother Mary, who died when Nello was very young. Nello's mother was a talented artist, and like his mother, he delights in drawing, and his friend Aloise is his model and greatest fan and supporter.",0.513308,/w65gcoD1zwmaPLM0gM8s9eynGcj.jpg,[],[],1999-08-27,0.0,96.0,"[{'iso_639_1': 'en', 'name': 'English'}]",Released,,A Dog Of Flanders,False,6.4,6.0
False,,0,"[{'id': 9648, 'name': 'Mystery'}, {'id': 53, 'name': 'Thriller'}]",,30964,tt0144286,en,The Lost Son,"Xavier Lombard is a world-weary private eye in London, in exile from his native Paris; his best friend is Nathalie, a high-class call girl. He gets a call from an old friend from the Paris police department, now a businessman whose brother-in-law is missing. The missing man's parents hire Xavier over their daughter's objections, and quickly he finds himself in the realm of children's sexual slavery.",0.504739,/c5qXIOYoHrcg1ds9ZG7fnSHA19n.jpg,[],"[{'iso_3166_1': 'FR', 'name': 'France'}, {'iso_3166_1': 'GB', 'name': 'United Kingdom'}, {'iso_3166_1': 'US', 'name': 'United States of America'}]",1999-06-25,0.0,102.0,"[{'iso_639_1': 'en', 'name': 'English'}, {'iso_639_1': 'fr', 'name': 'Français'}]",Released,,The Lost Son,False,5.8,6.0
False,,0,"[{'id': 18, 'name': 'Drama'}]",,52366,tt0119586,fr,Lucie Aubrac,"A love story or a tale of the resistance, this poignant movie tells both the haunting story of a French resistance cell in Lyon but also the love of Lucie Aubrac for her husband...",1.122218,/foVSyDZmfvXpcNlOcIHgW3Ja84w.jpg,"[{'name': 'D.A. Films', 'id': 6541}, {'name': 'Pricel', 'id': 6542}]","[{'iso_3166_1': 'FR', 'name': 'France'}]",1997-02-26,458557.0,115.0,"[{'iso_639_1': 'fr', 'name': 'Français'}]",Released,,Lucie Aubrac,False,5.9,8.0
False,,0,"[{'id': 35, 'name': 'Comedy'}, {'id': 10749, 'name': 'Romance'}]",,6373,tt0120747,en,"Martha – Meet Frank, Daniel and Laurence","Laurence recounts to his neighbour how his life long friendship with Frank and Daniel has been overturned in just three days by their each independently meeting, and falling for, Martha, who has no idea of their connection. Slowly the tale unfolds, the narrative moving backwards and forwards gradually filling in the gaps until we see the whole picture",1.233052,/4j4Vr6iwFp5Myba8Zz8uHy2tGjw.jpg,"[{'name': 'Channel Four Films', 'id': 181}, {'name': 'Banshee', 'id': 2079}]","[{'iso_3166_1': 'GB', 'name': 'United Kingdom'}]",1998-05-08,0.0,88.0,"[{'iso_639_1': 'en', 'name': 'English'}]",Released,Two's Company. Three's a Crowd. Four's a Disaster.,The Very Thought of You,False,5.0,11.0
False,,70000000,"[{'id': 28, 'name': 'Action'}, {'id': 35, 'name': 'Comedy'}, {'id': 53, 'name': 'Thriller'}]",,2162,tt0163579,en,Chill Factor,A store clerk and an ice cream truck driver are thrown together when a dying scientist entrusts them with a deadly chemical kept in ice. This chemical will kill every living thing once it melts. They have to take the chemical codenamed 'Elvis' to the next nearest military base while being chased by terrorists who want it to hold the country for ransom.,3.062626,/Teyo0W5euwLChQvFT0NQDfbvcQ.jpg,"[{'name': 'Warner Bros.', 'id': 6194}, {'name': 'Morgan Creek Productions', 'id': 10210}]","[{'iso_3166_1': 'US', 'name': 'United States of America'}]",1999-09-01,11263966.0,101.0,"[{'iso_639_1': 'en', 'name': 'English'}]",Released,"This Fall, Action is served on the rocks, with a twist.",Chill Factor,False,5.3,30.0
False,,7000000,"[{'id': 10749, 'name': 'Romance'}, {'id': 35, 'name': 'Comedy'}, {'id': 18, 'name': 'Drama'}]",,14578,tt0125971,en,Outside Providence,"In this coming-of-age comedy, Tim Dunphy is leading a go-nowhere existence, spending his days smoking pot and hanging out with his best friend, Drugs Delaney. But Tim's lazy days of getting high are jettisoned after a brush with the law convinces his blue-collar dad to send him to a Connecticut prep school. The one saving grace of the new school is Jane, a fellow student Tim falls for immediately.",3.10924,/9zQMVhYgJkklEyDCMee6QbizxFG.jpg,"[{'name': 'Miramax Films', 'id': 14}, {'name': 'Eagle Beach Productions', 'id': 8014}]","[{'iso_3166_1': 'US', 'name': 'United States of America'}]",1999-08-16,7292175.0,96.0,"[{'iso_639_1': 'en', 'name': 'English'}]",Released,Tim's getting a future... whether he likes it or not!,Outside Providence,False,5.6,30.0
False,,0,"[{'id': 35, 'name': 'Comedy'}, {'id': 18, 'name': 'Drama'}, {'id': 10749, 'name': 'Romance'}]",,40694,tt0126810,en,Bedrooms and Hallways,"At the suggestion of a friend, gay Leo (Kevin McKidd) enters therapy after many failed relationships make him fear for his social life. In a group session (led by Simon Callow), Leo comes clean about his feelings for a straight member of the group (James Purefoy), which leads to an affair between the two. The situation becomes further complicated by the appearance of Leo's high school sweetheart (Jennifer Ehle), who still has feelings for him.",1.016117,/7U8mT0R9GCwujbzBuL8s2Xs6XHC.jpg,"[{'name': 'StudioCanal', 'id': 694}]","[{'iso_3166_1': 'GB', 'name': 'United Kingdom'}]",1998-08-01,0.0,96.0,"[{'iso_639_1': 'en', 'name': 'English'}, {'iso_639_1': 'de', 'name': 'Deutsch'}]",Released,Re-model Your Love Life.,Bedrooms and Hallways,False,5.9,11.0
False,,0,"[{'id': 35, 'name': 'Comedy'}]",,4338,tt0125211,en,I Woke Up Early The Day I Died,"A mental patient escapes from the looney bin in drag, robs a bank, and goes on the lam!",0.563637,/y9KIwLkWJruCii7l3hf6AlBJRxi.jpg,[],"[{'iso_3166_1': 'US', 'name': 'United States of America'}]",1998-09-13,0.0,90.0,"[{'iso_639_1': 'en', 'name': 'English'}]",Released,,I Woke Up Early The Day I Died,False,4.7,3.0
False,,0,"[{'id': 10749, 'name': 'Romance'}, {'id': 18, 'name': 'Drama'}, {'id': 35, 'name': 'Comedy'}]",,49184,tt0157183,en,West Beyrouth,"In April, 1975, civil war breaks out; Beirut is partitioned along a Moslem-Christian line. Tarek is in high school, making Super 8 movies with his friend, Omar. At first the war is a lark: school has closed, the violence is fascinating, getting from West to East is a game. His mother wants to leave; his father refuses. Tarek spends time with May, a Christian, orphaned and living in his building. By accident, Tarek goes to an infamous brothel in the war-torn Olive Quarter, meeting its legendary madam, Oum Walid. He then takes Omar and May there using her underwear as a white flag for safe passage. Family tensions rise. As he comes of age, the war moves inexorably from adventure to tragedy.",0.219485,/mevHjimIVDlQEPYlYnYNmUNYrdh.jpg,"[{'name': 'Radio Télévision Belge Francophone', 'id': 792}, {'name': 'Exposed Film Productions AS', 'id': 5006}, {'name': 'Norsk Rikskringkasting (NRK)', 'id': 5404}, {'name': 'Ministère de la Culture de la Republique Française', 'id': 11694}, {'name': 'Centre National de la Cinématographie (CNC)', 'id': 18367}, {'name': 'La Sept ARTE', 'id': 19136}, {'name': 'Douri Films', 'id': 26890}, {'name': 'Ciné Libre', 'id': 84496}, {'name': 'ACCI', 'id': 88165}, {'name': '38 Productions', 'id': 88166}]","[{'iso_3166_1': 'LB', 'name': 'Lebanon'}, {'iso_3166_1': 'BE', 'name': 'Belgium'}, {'iso_3166_1': 'FR', 'name': 'France'}, {'iso_3166_1': 'NO', 'name': 'Norway'}]",1998-09-01,0.0,105.0,"[{'iso_639_1': 'ar', 'name': 'العربية'}, {'iso_639_1': 'fr', 'name': 'Français'}]",Released,,West Beyrouth,False,8.8,5.0
False,,29000000,"[{'id': 27, 'name': 'Horror'}]",,10307,tt0145531,en,Stigmata,"A young woman with no strong religious beliefs, Frankie Paige begins having strange and violent experiences, showing signs of the wounds that Jesus received when crucified. When the Vatican gets word of Frankie's situation, a high-ranking cardinal requests that the Rev. Andrew Kiernan investigate her case. Soon Kiernan realizes that very sinister forces are at work, and tries to rescue Frankie from the entity that is plaguing her.",9.304144,/23ld0uMga2AnnOP3iSHv40gDwsK.jpg,"[{'name': 'FGM Entertainment', 'id': 2347}, {'name': 'Metro-Goldwyn-Mayer (MGM)', 'id': 8411}]","[{'iso_3166_1': 'US', 'name': 'United States of America'}]",1999-09-10,50041732.0,103.0,"[{'iso_639_1': 'en', 'name': 'English'}, {'iso_639_1': 'it', 'name': 'Italiano'}, {'iso_639_1': 'pt', 'name': 'Português'}]",Released,The messenger must be silenced.,Stigmata,False,6.0,248.0
False,"{'id': 143757, 'name': 'Stir of Echoes Collection', 'poster_path': None, 'backdrop_path': None}",12000000,"[{'id': 27, 'name': 'Horror'}, {'id': 9648, 'name': 'Mystery'}, {'id': 53, 'name': 'Thriller'}]",,11601,tt0164181,en,Stir of Echoes,"After being hypnotized by his sister in law, Tom Witzky begins seeing haunting visions of a girl's ghost and a mystery begins to unfold around her.",5.875606,/pjdmvS3I5HElkJHzCNkqn5o8Kjf.jpg,"[{'name': 'Artisan Entertainment', 'id': 2188}]","[{'iso_3166_1': 'US', 'name': 'United States of America'}]",1999-09-10,21133087.0,99.0,"[{'iso_639_1': 'en', 'name': 'English'}]",Released,In every mind there is a door that should never be opened.,Stir of Echoes,False,6.5,334.0
False,,0,"[{'id': 18, 'name': 'Drama'}, {'id': 53, 'name': 'Thriller'}, {'id': 80, 'name': 'Crime'}]",,18621,tt0133412,en,Best Laid Plans,"Rich, successful Bryce meets beautiful Lissa at a bar one night and invites her back to his house, not suspecting for a moment that Lissa isn't really who she seems. What unfolds next is a dangerous, tangled web of double-crosses and seduction.",4.374187,/cuGI1gMEAaAdvtS8u031f2kY5GH.jpg,"[{'name': 'Fox 2000 Pictures', 'id': 711}, {'name': 'Dogstar Films', 'id': 17422}]","[{'iso_3166_1': 'US', 'name': 'United States of America'}]",1999-04-09,0.0,92.0,"[{'iso_639_1': 'it', 'name': 'Italiano'}, {'iso_639_1': 'en', 'name': 'English'}]",Released,Keeping a relationship alive can be murder,Best Laid Plans,False,6.0,30.0
False,,0,"[{'id': 35, 'name': 'Comedy'}, {'id': 10749, 'name': 'Romance'}]",,1075,tt0118843,sr,"Crna mačka, beli mačor","Matko is a small time hustler, living by the Danube with his 17 year old son Zare. After a failed business deal he owes money to the much more successful gangster Dadan. Dadan has a sister, Afrodita, that he desperately wants to see get married so they strike a deal: Zare is to marry her.",6.261475,/yofEv6q0vdtErGo49z1vQL7RdWT.jpg,"[{'name': 'Ciby 2000', 'id': 105}]","[{'iso_3166_1': 'RS', 'name': 'Serbia'}, {'iso_3166_1': 'RO', 'name': 'Romania'}, {'iso_3166_1': 'DE', 'name': 'Germany'}, {'iso_3166_1': 'AT', 'name': 'Austria'}, {'iso_3166_1': 'FR', 'name': 'France'}]",1998-06-01,0.0,127.0,"[{'iso_639_1': 'sr', 'name': 'Srpski'}]",Released,,"Black Cat, White Cat",False,7.7,160.0
False,,0,"[{'id': 18, 'name': 'Drama'}, {'id': 53, 'name': 'Thriller'}]",,21719,tt0151582,en,The Minus Man,"The Minus Man is a 1999 film based on the novel by Lew McCreary. It was directed by Hampton Fancher, who also wrote the screenplay. The film centers on a psychotic killer whom Fancher describes as ""a cross between Psycho's Norman Bates, Melville's Billy Budd and Being There's Chauncey Gardner""",2.255032,/kYWiKvqpIOCj1AyKa8E60tsvRcj.jpg,"[{'name': 'Shooting Gallery', 'id': 1596}, {'name': 'Fida Attieh Productions', 'id': 91526}]","[{'iso_3166_1': 'US', 'name': 'United States of America'}]",1999-02-25,370668.0,111.0,"[{'iso_639_1': 'en', 'name': 'English'}]",Released,,The Minus Man,False,6.4,19.0
False,,0,"[{'id': 35, 'name': 'Comedy'}, {'id': 18, 'name': 'Drama'}, {'id': 10402, 'name': 'Music'}]",,40879,tt0178988,en,Whiteboyz,"In a virtually all-white Iowa town, Flip daydreams of being a hip-hop star, hanging with Snoop Doggy Dogg and Dr. Dre. He practices in front of a mirror and with his two pals, James and Trevor. He talks Black slang, he dresses Black. He's also a wannabe pusher, selling flour as cocaine. And while he talks about ""keeping it real,"" he hardly notices real life around him: his father's been laid off, his mother uses Food Stamps, his girlfriend is pregnant, James may be psychotic, one of his friends (one of the town's few Black kids) is preparing for college, and, on a trip to Chicago to try to buy drugs, the cops shoot real bullets. What will it take for Flip to get real?",1.483082,/k5hHP3JaD6wak6ovkuZL7Ggqzyz.jpg,"[{'name': 'BAC Films', 'id': 5821}]","[{'iso_3166_1': 'FR', 'name': 'France'}, {'iso_3166_1': 'US', 'name': 'United States of America'}]",1999-09-10,0.0,92.0,"[{'iso_639_1': 'en', 'name': 'English'}]",Released,They dreamed of the ghetto...But they woke up in Iowa.,Whiteboyz,False,4.8,4.0
False,,0,"[{'id': 12, 'name': 'Adventure'}, {'id': 18, 'name': 'Drama'}, {'id': 10751, 'name': 'Family'}]",,47951,tt0097050,ja,Koneko monogatari,"The story of two animals and their adventures. Milo, the cat, and Otis, the dog, are two animals who grew up together on the same farm. One day, the two are separated and begin a journey to find each other. The adventurous, and often perilous quest finds the two animals traveling across mountains, plains, and snow-covered lands searching for one another.",2.500605,/lBxvuwlwdOYkSuIUkVm4ddtbM2Y.jpg,"[{'name': 'Fuji Television Network', 'id': 3341}]","[{'iso_3166_1': 'JP', 'name': 'Japan'}]",1986-06-27,0.0,90.0,"[{'iso_639_1': 'ja', 'name': '日本語'}]",Released,Milo is one lucky cat. He's got nine lives and a best friend.,The Adventures of Milo and Otis,False,6.7,54.0
False,,0,"[{'id': 28, 'name': 'Action'}, {'id': 12, 'name': 'Adventure'}, {'id': 18, 'name': 'Drama'}, {'id': 10749, 'name': 'Romance'}]",,43832,tt0031762,en,Only Angels Have Wings,"Geoff Carter (Cary Grant) is the head of a crumbling air freight service in desperate need of a replacement pilot. He is forced to hire a descredited aviator (Richard Barthelmess) who arrives with his wife (Rita Hayworth), Carter's ex-lover. Meanwhile, traveler Bonnie Lee (Jean Arthur) tries to get close to the emotionally closed-off Carter. The film received two Academy Award nominations.",2.611512,/smHIUBkZpzaSRLDlZVOYMeemJhJ.jpg,"[{'name': 'Columbia Pictures Corporation', 'id': 441}]","[{'iso_3166_1': 'US', 'name': 'United States of America'}]",1939-05-15,0.0,121.0,"[{'iso_639_1': 'es', 'name': 'Español'}, {'iso_639_1': 'en', 'name': 'English'}]",Released,BIG As The Fog-Shrouded Andes!,Only Angels Have Wings,False,7.0,47.0
False,,0,"[{'id': 18, 'name': 'Drama'}, {'id': 10749, 'name': 'Romance'}]",,47697,tt0045251,en,Othello,"Desdemona, daughter of a Venetian aristocrat, elopes with Moorish military hero Othello, to the great resentment of Othello's envious underling Iago. Alas, Iago knows Othello's weakness, and with chilling malice works on him with but too good effect...",2.698585,/61A7EJqfMsrQO0YWsUWq8gbgbu0.jpg,"[{'name': 'Les Films Marceau', 'id': 2260}, {'name': 'Mercury Productions', 'id': 11447}]","[{'iso_3166_1': 'FR', 'name': 'France'}, {'iso_3166_1': 'IT', 'name': 'Italy'}, {'iso_3166_1': 'MA', 'name': 'Morocco'}, {'iso_3166_1': 'US', 'name': 'United States of America'}]",1951-11-27,0.0,90.0,"[{'iso_639_1': 'en', 'name': 'English'}]",Released,Orson Welles' magnificent screening of Shakespeare's immortal tragedy,Othello,False,6.5,35.0
False,,0,"[{'id': 35, 'name': 'Comedy'}, {'id': 18, 'name': 'Drama'}]",,49792,tt0102741,en,Queens Logic,"When childhood friends Al, Dennis and Eliot get together for Ray's wedding, which may or may not happen, they end up on a roller-coaster ride through reality. During one tumultuous, crazy weekend, they face adulthood and each other with new found maturity and discover what Queens Logic is all about. This comedy takes a look at friendship, loyalty, and love.",6.24172,/3hFeEhS6xr7f0JUNu5m0okitJai.jpg,"[{'name': 'Seven Arts Pictures', 'id': 14159}, {'name': 'Carolco Pictures', 'id': 14723}]","[{'iso_3166_1': 'US', 'name': 'United States of America'}]",1991-02-01,0.0,100.0,"[{'iso_639_1': 'en', 'name': 'English'}]",Released,We're Talkin' Human Experience Here!,Queens Logic,False,5.7,6.0
False,,0,"[{'id': 18, 'name': 'Drama'}, {'id': 53, 'name': 'Thriller'}]",,77064,tt0107895,en,Public Access,"Brewster seems to be an almost too perfect example of idyllic small-town America, with everyone living in peace and harmony. So when newcomer Whiley Pritcher starts up his own local cable TV show with the question ""what's wrong with Brewster?"", there surely can't be any deep dark secrets in the town that are just waiting to come to the surface - or can there? And when the question becomes ""who's wrong with Brewster?"" things start getting seriously nasty.",1.292256,/sQB0eneu7sSTztfqvlOASe2uBqo.jpg,[],[],1993-01-01,0.0,90.0,[],Released,Is it wise to talk to strangers?,Public Access,False,5.5,3.0
False,,6000000,"[{'id': 18, 'name': 'Drama'}, {'id': 9648, 'name': 'Mystery'}, {'id': 10752, 'name': 'War'}]",,26522,tt0088146,en,A Soldier's Story,"In the towm of Tynen, Louisiana, a black Master Sergeant is found shot to death just outside the local Army Base. A military lawyer, also a black man, is sent from Washington to conduct an investigation. Facing an uncooperative chain of command and fearful black troops, Captain Davenport must battle with deceipt and prejudice in order to find out exactly who really did kill Sergeant Waters.",12.019262,/x7aHIC6TguRhwAI0k7OPLhI86lW.jpg,"[{'name': 'Columbia Pictures Corporation', 'id': 441}, {'name': 'Caldix', 'id': 92340}]","[{'iso_3166_1': 'US', 'name': 'United States of America'}]",1984-09-14,21821347.0,101.0,"[{'iso_639_1': 'en', 'name': 'English'}, {'iso_639_1': 'de', 'name': 'Deutsch'}]",Released,"Alone, far from home, and far from justice, he has three days to learn the truth about a murder...and the truth is a story you won't forget.",A Soldier's Story,False,6.2,54.0
False,,340000,"[{'id': 27, 'name': 'Horror'}, {'id': 9648, 'name': 'Mystery'}, {'id': 53, 'name': 'Thriller'}]",,23761,tt0076150,en,Alice Sweet Alice,"Alice is a withdrawn 12-year-old who lives with her mother and her younger sister, Karen, who gets most of the attention from her mother, leaving Alice out of the spotlight. But when Karen is found brutally murdered in a church, suspicions start to turn toward Alice. But could a 12-year-old girl really be capable of such savagery?",3.274172,/scjfMHHjZRKkmhoqPtNJmMfpcs4.jpg,"[{'name': 'Harristown Funding', 'id': 6114}]","[{'iso_3166_1': 'US', 'name': 'United States of America'}]",1976-11-13,0.0,98.0,"[{'iso_639_1': 'en', 'name': 'English'}]",Released,If you survive this night... nothing will scare you again.,Alice Sweet Alice,False,6.4,58.0
False,,0,"[{'id': 27, 'name': 'Horror'}, {'id': 53, 'name': 'Thriller'}]",,24097,tt0069994,en,Don't Look in the Basement,"A young psychiatric nurse goes to work at a lonesome asylum following a murder. There, she experiences varying degrees of torment from the patients.",0.689278,/iTHRsUG0f3zh8Mwk4bhNOutuMHH.jpg,"[{'name': 'Camera 2 Productions', 'id': 4283}, {'name': 'Century Films', 'id': 4284}]","[{'iso_3166_1': 'US', 'name': 'United States of America'}]",1973-09-01,0.0,89.0,"[{'iso_639_1': 'en', 'name': 'English'}]",Released,Hell... has found a new home!,Don't Look in the Basement,False,5.2,19.0
False,,0,"[{'id': 878, 'name': 'Science Fiction'}, {'id': 27, 'name': 'Horror'}]",,42114,tt0086014,en,Nightmares,"A collection of short stories. In one a woman who leaves her house late at night to drive to the store while a killer is loose encounters some problems. In the second an arcade whiz kid's obsession with a game leads to deadly consequences. In the third a small town priest loses his faith and decides to leave town, but in the desert is stalked by a mysterious black pick-up truck. In the final story, a family's problem with a rat is larger than they think.",3.861469,/5MMoKHH62pMfCvTXsDiQ0FTrDwB.jpg,"[{'name': 'Universal Pictures', 'id': 33}]","[{'iso_3166_1': 'US', 'name': 'United States of America'}]",1983-09-02,6670680.0,99.0,"[{'iso_639_1': 'en', 'name': 'English'}]",Released,Nightmares... is this year's sleeper.,Nightmares,False,5.4,23.0
False,,0,"[{'id': 27, 'name': 'Horror'}, {'id': 9648, 'name': 'Mystery'}, {'id': 53, 'name': 'Thriller'}]",,28295,tt0059297,en,I Saw What You Did,"When two teenagers make prank phone calls to strangers, they become the target for terror when they whisper ""I Saw What You Did, And I Know Who You Are!"" to psychopath Steve Marek who has just murdered his wife. But somebody else knows of the terrible crime that was committed that night, the killer's desperately amorous neighbor Amy Nelson.",1.88974,/90uQa6L0E5IQT2WfDjdhI2tijGH.jpg,"[{'name': 'William Castle Productions', 'id': 10324}]","[{'iso_3166_1': 'US', 'name': 'United States of America'}]",1965-07-21,0.0,82.0,"[{'iso_639_1': 'en', 'name': 'English'}]",Released,You May Be the Target... of the Next Phone Call...,I Saw What You Did,False,5.8,11.0
False,,0,"[{'id': 16, 'name': 'Animation'}, {'id': 14, 'name': 'Fantasy'}, {'id': 10402, 'name': 'Music'}]",,12105,tt0063823,en,Yellow Submarine,"The Blue Meanies take over Pepperland, draining it of all its color and music, firing anti-music missiles, bonking people with green apples, and turning the inhabitants to stone by way of the pointed finger of a giant blue glove. As the only survivor, the Lord Admiral escapes in the yellow submarine and goes to Liverpool to enlist the help of the Beatles.",14.950187,/l2u1MDnR89ptsKZDxIF4LFTiBWP.jpg,"[{'name': 'United Artists', 'id': 60}, {'name': 'Apple Corps', 'id': 3797}, {'name': 'King Features Production', 'id': 16915}]","[{'iso_3166_1': 'GB', 'name': 'United Kingdom'}, {'iso_3166_1': 'US', 'name': 'United States of America'}]",1968-07-17,0.0,90.0,"[{'iso_639_1': 'en', 'name': 'English'}]",Released,Nothing Is Real.,Yellow Submarine,False,7.1,114.0
False,,15000000,"[{'id': 18, 'name': 'Drama'}]",http://www.dreamworks.com/ab/,14,tt0169547,en,American Beauty,"Lester Burnham, a depressed suburban father in a mid-life crisis, decides to turn his hectic life around after developing an infatuation with his daughter's attractive friend.",20.726578,/or1MP8BZIAjqWYxPdPX724ydKar.jpg,"[{'name': 'DreamWorks SKG', 'id': 27}, {'name': 'Jinks/Cohen Company', 'id': 2721}]","[{'iso_3166_1': 'US', 'name': 'United States of America'}]",1999-09-15,356296601.0,122.0,"[{'iso_639_1': 'en', 'name': 'English'}]",Released,Look closer.,American Beauty,False,7.9,3438.0
False,,1200000,"[{'id': 99, 'name': 'Documentary'}, {'id': 10402, 'name': 'Music'}]",,24128,tt0088178,en,Stop Making Sense,"David Byrne walks onto the stage and does a solo ""Psycho Killer"". Jerry Harrison, Tina Weymouth and Chris Frantz join him for two more songs. The crew is busy, still setting up. Then, three more musicians and two back-up singers join the band. Everybody sings, plays, harmonizes, dances, and runs. In this concert film, the Talking Heads hardly talk, don't stop, and always make sense.",2.359569,/93dC3z7u9TbaFuLT4rVqqWiZ6K9.jpg,"[{'name': 'Talking Heads', 'id': 5479}, {'name': 'Arnold Stiefel Company', 'id': 15806}]","[{'iso_3166_1': 'US', 'name': 'United States of America'}]",1984-11-16,4978922.0,88.0,"[{'iso_639_1': 'en', 'name': 'English'}]",Released,Why stop making sense? Why a movie? Why a big suit? Where do the odd movements come from? What will the band do next?,Stop Making Sense,False,8.7,47.0
False,,65000000,"[{'id': 28, 'name': 'Action'}, {'id': 35, 'name': 'Comedy'}, {'id': 80, 'name': 'Crime'}]",,11001,tt0181316,en,Blue Streak,"Miles Logan is a jewel thief who just hit the big time by stealing a huge diamond. However, after two years in jail, he comes to find out that he hid the diamond in a police building that was being built at the time of the robbery. In an attempt to regain his diamond, he poses as a LAPD detective",6.229424,/jek2osBtFhzU6Hjj7yp1egOtbqO.jpg,"[{'name': 'Columbia Pictures', 'id': 5}]","[{'iso_3166_1': 'DE', 'name': 'Germany'}, {'iso_3166_1': 'US', 'name': 'United States of America'}]",1999-09-17,117758500.0,93.0,"[{'iso_639_1': 'en', 'name': 'English'}]",Released,He's A Cop That's Not.,Blue Streak,False,6.1,359.0
False,,50000000,"[{'id': 18, 'name': 'Drama'}, {'id': 10749, 'name': 'Romance'}]",,10390,tt0126916,en,For Love of the Game,"A baseball legend almost finished with his distinguished career at the age of forty has one last chance to prove who he is, what he is capable of, and win the heart of the woman he has loved for the past four years.",4.950061,/nvsXIOYg8CHFS7WYh0anh7WFYtN.jpg,"[{'name': 'Universal Pictures', 'id': 33}, {'name': 'Beacon Pictures', 'id': 10157}]","[{'iso_3166_1': 'US', 'name': 'United States of America'}]",1999-09-17,0.0,137.0,"[{'iso_639_1': 'en', 'name': 'English'}]",Released,Billy Chapel must choose between the woman he loves and the game he lives for.,For Love of the Game,False,6.3,88.0
False,,17500000,"[{'id': 18, 'name': 'Drama'}, {'id': 36, 'name': 'History'}, {'id': 10749, 'name': 'Romance'}]",,9453,tt0080491,en,Caligola,"The perversion behind imperial Rome, the epic story of Rome's mad Emporer. All the details of his cruel, bizarre reign are revealed right here: His unholy sexual passion for his sister, his marriage to Rome's most infamous prostitute, his fiendishly inventive means of disposing those who would oppose him, and more.",11.157288,/PHfmIVnKpLI76BhKmJk9CjNjZ1.jpg,"[{'name': 'Penthouse Films International', 'id': 12872}, {'name': 'Felix Cinematorgrafica', 'id': 12873}]","[{'iso_3166_1': 'IT', 'name': 'Italy'}, {'iso_3166_1': 'US', 'name': 'United States of America'}]",1979-01-21,23438120.0,156.0,"[{'iso_639_1': 'en', 'name': 'English'}, {'iso_639_1': 'it', 'name': 'Italiano'}]",Released,What would you have done if you had been given absolute power of life and death over everybody else in the whole world?,Caligula,False,5.3,147.0
False,,560000,"[{'id': 35, 'name': 'Comedy'}, {'id': 10402, 'name': 'Music'}]",http://www.thebeatles.com/film/hard-days-night,704,tt0058182,en,A Hard Day's Night,"Capturing John Lennon, Paul McCartney, George Harrison and Ringo Starr in their electrifying element, 'A Hard Day's Night' is a wildly irreverent journey through this pastiche of a day in the life of The Beatles during 1964. The band have to use all their guile and wit to avoid the pursuing fans and press to reach their scheduled television performance, in spite of Paul's troublemaking grandfather and Ringo's arrest.",5.719266,/zGadcmcF48gy8rKCX2ubBz2ZlbF.jpg,"[{'name': 'Proscenium Films', 'id': 413}, {'name': 'Walter Shenson Films', 'id': 3462}, {'name': 'Maljack Productions', 'id': 11506}]","[{'iso_3166_1': 'GB', 'name': 'United Kingdom'}]",1964-07-06,12299668.0,88.0,"[{'iso_639_1': 'en', 'name': 'English'}]",Released,"The Beatles, starring in their first full-length, hilarious, action-packed film!",A Hard Day's Night,False,7.3,172.0
False,,0,"[{'id': 35, 'name': 'Comedy'}]",,35122,tt0127296,en,Splendor,"Veronica is a white-bread beauty searching for a good man in Los Angeles. While slam dancing at a Halloween rave, she meets Abel, a sensitive poet. Then she meets Zed, a supersexy tattooed drummer with incredible biceps. Who will she choose? Does she go for true love or cheap sex? She can't decide so she chooses both. But after managing to nurture a picture-perfect threesome, along comes Ernest, a rich movie director with deep baby blues that sweep Veronica off her feet. What's a girl to do now?",3.508075,/1nbcquysc6Y69xzQckeHnD1rmil.jpg,"[{'name': 'Summit Entertainment', 'id': 491}, {'name': 'Newmarket Capital Group', 'id': 506}, {'name': 'Desperate Pictures', 'id': 1474}, {'name': 'Dragon Pictures', 'id': 2997}]","[{'iso_3166_1': 'GB', 'name': 'United Kingdom'}, {'iso_3166_1': 'US', 'name': 'United States of America'}]",1999-01-29,45703.0,93.0,"[{'iso_639_1': 'en', 'name': 'English'}]",Released,Explore the possibilities...,Splendor,False,5.5,14.0
False,,0,"[{'id': 35, 'name': 'Comedy'}]",,142132,tt0173390,en,Sugar Town,"Look at the lives of struggling L.A. scene rock stars follows main character, Gwen, on her quest for the top. Working as an assistant to a film production designer, she tries to steal her boy friend who is a music producer by offering sexual favors. The producer meanwhile is trying to orchestrate a comeback for a former glam band comprised of Michael Des Barres, John Taylor and Martin Kemp. Rosanna Arquette plays the former movie star wife of the lead singer, who is fretting because she has just been offered the role as the mother of one of the new ingenious. Beverly D'Angelo also shows up as a millionairess who agrees to bankroll the group, but only if she gets a roll in the hay with the lead singer. All of the career problems, including drug proclivity, are represented in this film.",0.20833,/eKUemqyt6OSyZENeHgTZUwIGN8r.jpg,"[{'name': 'Channel Four Films', 'id': 181}, {'name': 'October Films', 'id': 236}]","[{'iso_3166_1': 'GB', 'name': 'United Kingdom'}, {'iso_3166_1': 'US', 'name': 'United States of America'}]",1999-09-17,0.0,92.0,"[{'iso_639_1': 'en', 'name': 'English'}]",Released,,Sugar Town,False,5.5,2.0
False,,1200000,"[{'id': 18, 'name': 'Drama'}]",,24153,tt0077280,en,The Buddy Holly Story,A film about the life and career of the early rock and roll star.,2.017413,/3aDrhKfuL5SRGLmsQNE1MewmhHx.jpg,"[{'name': 'Columbia Pictures', 'id': 5}, {'name': 'Innovisions', 'id': 13962}]","[{'iso_3166_1': 'US', 'name': 'United States of America'}]",1978-05-18,14363400.0,113.0,"[{'iso_639_1': 'en', 'name': 'English'}]",Released,"His Story Will Have You Singing, Laughing, Crying, Cheering And Stomping Your Feet.",The Buddy Holly Story,False,7.5,33.0
False,"{'id': 98168, 'name': 'Fright Night Collection', 'poster_path': '/4u9zOuYFwfks3ZO2FvgduYnjUi2.jpg', 'backdrop_path': '/qFkOju5f8h7SayY33Zm8A1dl943.jpg'}",9000000,"[{'id': 27, 'name': 'Horror'}]",,11797,tt0089175,en,Fright Night,"Nobody believes teenager Charley Brewster (William Ragsdale) when he discovers that his suave new neighbor, Jerry Dandrige (Chris Sarandon), is a vampire. So when the bloodsucker starts stalking Charley, he turns to has-been actor Peter Vincent (Roddy McDowall), famed for portraying a ghoul hunter. Unfortunately for the would-be vampire slayers, Dandrige has set his sights on Charley's girlfriend (Amanda Bearse) in this clever spoof of the horror genre.",7.472509,/jE0YbuFlmaZUWeVTyYNpzYXjIbn.jpg,"[{'name': 'Columbia Pictures', 'id': 5}, {'name': 'Delphi IV Productions', 'id': 7401}, {'name': 'Vistar Films', 'id': 7402}]","[{'iso_3166_1': 'US', 'name': 'United States of America'}]",1985-08-02,24922237.0,106.0,"[{'iso_639_1': 'en', 'name': 'English'}]",Released,There are some very good reasons to be afraid of the dark.,Fright Night,False,6.9,279.0
False,"{'id': 98168, 'name': 'Fright Night Collection', 'poster_path': '/4u9zOuYFwfks3ZO2FvgduYnjUi2.jpg', 'backdrop_path': '/qFkOju5f8h7SayY33Zm8A1dl943.jpg'}",0,"[{'id': 35, 'name': 'Comedy'}, {'id': 27, 'name': 'Horror'}]",,18086,tt0097390,en,Fright Night Part 2,"After three years of therapy Charley Brewster, now a college student, is convinced that Jerry Dandridge was a serial killer posing as a vampire. But when Regine, a mysterious actress and her entourage move into Peter Vincent's apartment block, the nightmare starts again - and this time it's personal!",5.777858,/eAVhOq0laPRh54qRZpoWca0c9Tg.jpg,"[{'name': 'Vista Organization', 'id': 4535}]","[{'iso_3166_1': 'US', 'name': 'United States of America'}]",1988-04-07,2983784.0,104.0,"[{'iso_639_1': 'en', 'name': 'English'}]",Released,Welcome back...,Fright Night Part 2,False,6.4,81.0
False,,0,"[{'id': 18, 'name': 'Drama'}, {'id': 10769, 'name': 'Foreign'}]",,124475,tt0111342,en,La séparation,"In Paris, Pierre and Anne have been living together for a couple of years and they have the eighteen months son Loulou, who stays with the nanny Laurence during the day while they work. Their best friends are the couple Victor and Claire, who also is not married but live together. Out of the blue, Pierre feels Anne estranged with him and sooner she discloses that she is in love with another man. Pierre seems to accept her affair but their relationship rapidly deteriorates, and Pierre becomes violent with her.",0.533479,/zJn2kuYfk5aXBfpJuCNhsWRzOzH.jpg,[],[],1994-11-09,0.0,88.0,[],Released,,La séparation,False,5.4,7.0
False,,0,"[{'id': 35, 'name': 'Comedy'}, {'id': 10749, 'name': 'Romance'}]",,17887,tt0061385,en,Barefoot in the Park,"In this film based on a Neil Simon play, newlyweds Corie, a free spirit, and Paul Bratter, an uptight lawyer, share a sixth-floor apartment in Greenwich Village. Soon after their marriage, Corie tries to find a companion for mother, Ethel, who is now alone, and sets up Ethel with neighbor Victor. Inappropriate behavior on a double date causes conflict, and the young couple considers divorce.",8.380744,/6CS1n9tKncLCkNfGVS6I6U98aGt.jpg,"[{'name': 'Paramount Pictures', 'id': 4}, {'name': 'Hal Wallis Productions', 'id': 3468}, {'name': 'Nancy Enterprises Inc. (I)', 'id': 43995}]","[{'iso_3166_1': 'US', 'name': 'United States of America'}]",1967-05-25,0.0,106.0,"[{'iso_639_1': 'en', 'name': 'English'}]",Released,"Broadway's barest, rarest, unsquarest love play.",Barefoot in the Park,False,6.9,105.0
False,,2000000,"[{'id': 18, 'name': 'Drama'}, {'id': 12, 'name': 'Adventure'}, {'id': 53, 'name': 'Thriller'}]",http://www.warnerbros.com/deliverance,10669,tt0068473,en,Deliverance,"Intent on seeing the Cahulawassee River before it's turned into one huge lake, outdoor fanatic Lewis Medlock takes his friends on a river-rafting trip they'll never forget into the dangerous American back-country.",8.476681,/jJhO7qkasC3xBAS6fhLPWpUjGZb.jpg,"[{'name': 'Warner Bros.', 'id': 6194}, {'name': 'Elmer Enterprises', 'id': 12282}]","[{'iso_3166_1': 'US', 'name': 'United States of America'}]",1972-07-30,46122355.0,109.0,"[{'iso_639_1': 'en', 'name': 'English'}]",Released,What did happen on the Cahulawassee River?,Deliverance,False,7.2,441.0
False,,11000000,"[{'id': 14, 'name': 'Fantasy'}, {'id': 12, 'name': 'Adventure'}]",,11527,tt0082348,en,Excalibur,"The myth of King Arthur brought to the screen. Uthur Pendragon is given the mystical sword Excalibur by Merlyn. At his death Uthur buries the sword into a stone, and the next man that can pull it out will be King of England. Years later Arthur, Uthur's bastard son draws Excalibur and becomes king. Arthur's evil half-sister Morgana sires a son with him, who may prove his downfall.",8.800455,/j8UmbdA1TrIVY4FANymwBSmUuCH.jpg,"[{'name': 'Orion Pictures', 'id': 41}, {'name': 'Warner Bros.', 'id': 6194}]","[{'iso_3166_1': 'GB', 'name': 'United Kingdom'}, {'iso_3166_1': 'US', 'name': 'United States of America'}]",1981-04-10,34967437.0,140.0,"[{'iso_639_1': 'en', 'name': 'English'}]",Released,Forged by a god. Foretold by a wizard. Found by a king.,Excalibur,False,7.1,241.0
False,,0,"[{'id': 18, 'name': 'Drama'}, {'id': 9648, 'name': 'Mystery'}, {'id': 10749, 'name': 'Romance'}, {'id': 53, 'name': 'Thriller'}]",,42848,tt0125879,en,Lulu on the Bridge,"This film is about a famous jazz saxophonist, Izzy who's life is forever changed after he is accidentally shot.",1.415493,/1W6uXRHDiB66U3RKzgYeKWdNpey.jpg,"[{'name': 'Capitol Films', 'id': 826}, {'name': 'Redeemable Features', 'id': 1483}]","[{'iso_3166_1': 'US', 'name': 'United States of America'}]",1998-09-06,0.0,103.0,"[{'iso_639_1': 'en', 'name': 'English'}]",Released,Is she real? ..or did he make her up?,Lulu on the Bridge,False,5.8,5.0
False,,0,"[{'id': 35, 'name': 'Comedy'}, {'id': 10402, 'name': 'Music'}]",,40867,tt0050814,en,The Pajama Game,Employees of the Sleeptite Pajama Factory are looking for a whopping seven-and-a-half cent an hour increase and they won't take no for an answer. Babe Williams is their feisty employee representative but she may have found her match in shop superintendent Sid Sorokin. When the two get together they wind up discussing a whole lot more than job actions! Written by A.L. Beneteau,0.681871,/fGzJvlWYcGfBwf81fOSjVSkILx5.jpg,"[{'name': 'Warner Bros.', 'id': 6194}]","[{'iso_3166_1': 'US', 'name': 'United States of America'}]",1957-08-29,0.0,101.0,"[{'iso_639_1': 'en', 'name': 'English'}]",Released,"Based on the hit Broadway musical, featuring the choreography of Bob Fosse.",The Pajama Game,False,6.3,12.0
False,,0,"[{'id': 18, 'name': 'Drama'}, {'id': 53, 'name': 'Thriller'}, {'id': 9648, 'name': 'Mystery'}, {'id': 10749, 'name': 'Romance'}]",,1049,tt0108185,en,Sommersby,"Set in the south of the United States just after the Civil War, Laurel Sommersby is just managing to work the farm without her husband Jack, believed killed in the Civil War. By all accounts, Jack Sommersby was not a pleasant man, thus when he returns, Laurel has mixed emotions. It appears that Jack has changed a great deal, leading some people to believe that this is not actually Jack but an imposter. Laurel herself is unsure, but willing to take the man into her home, and perhaps later into her heart...",4.359884,/tTknufUur6nxMHEAR3iZ71kJXHt.jpg,"[{'name': 'Canal Plus', 'id': 104}, {'name': 'Regency Enterprises', 'id': 508}, {'name': 'Alcor Films', 'id': 644}]","[{'iso_3166_1': 'FR', 'name': 'France'}, {'iso_3166_1': 'US', 'name': 'United States of America'}]",1993-02-05,140081992.0,109.0,"[{'iso_639_1': 'en', 'name': 'English'}]",Released,She knew his face. His touch. His voice. She knew everything about him... But the truth.,Sommersby,False,6.0,82.0
False,,28000000,"[{'id': 16, 'name': 'Animation'}, {'id': 18, 'name': 'Drama'}, {'id': 10751, 'name': 'Family'}, {'id': 14, 'name': 'Fantasy'}]",,28032,tt0111419,en,Thumbelina,The tiny girl meets a fairy prince who saves her from the creatures of the woods.,13.856199,/v74V6CEe4XlUVJI89Z1paMK9CVr.jpg,"[{'name': 'Warner Bros.', 'id': 6194}, {'name': 'Don Bluth Productions', 'id': 90512}]","[{'iso_3166_1': 'IE', 'name': 'Ireland'}, {'iso_3166_1': 'US', 'name': 'United States of America'}]",1994-03-30,11373501.0,87.0,"[{'iso_639_1': 'en', 'name': 'English'}]",Released,Follow your heart and nothing is impossible.,Thumbelina,False,6.1,117.0
False,,5000000,"[{'id': 18, 'name': 'Drama'}, {'id': 10402, 'name': 'Music'}]",,11326,tt0073812,en,Tommy,"A psychosomatically deaf, dumb and blind boy becomes a master pinball player and the object of a religious cult.",6.335814,/4viJcRFgF4cCPnJWgpvb3CRd2pK.jpg,"[{'name': 'Columbia Pictures', 'id': 5}, {'name': 'Hemdale Film', 'id': 3952}, {'name': 'Robert Stigwood Organization (RSO)', 'id': 3978}]","[{'iso_3166_1': 'GB', 'name': 'United Kingdom'}]",1975-03-19,34251525.0,111.0,"[{'iso_639_1': 'en', 'name': 'English'}]",Released,Your senses will never be the same.,Tommy,False,6.5,69.0
False,,0,"[{'id': 27, 'name': 'Horror'}]",,28377,tt0082511,en,Hell Night,Four college pledges are forced to spend the night in a deserted old mansion where they get killed off one by one by the monstrous surviving members of a family massacre years earlier for trespassing on their living grounds.,3.682167,/3HoLXaoobRVNhUQevJJWSO4GkGN.jpg,"[{'name': 'BLT Productions', 'id': 4724}, {'name': 'Media Home Entertainment', 'id': 18329}]","[{'iso_3166_1': 'US', 'name': 'United States of America'}]",1981-08-28,0.0,101.0,"[{'iso_639_1': 'en', 'name': 'English'}]",Released,Pray for day.,Hell Night,False,5.6,32.0
False,"{'id': 146136, 'name': 'Armour of God Collection', 'poster_path': '/amUwRtyJEiYyGPlbOFJBqAnM5mk.jpg', 'backdrop_path': '/rXGl1WJINCV2yFOikNBqYvdyeAn.jpg'}",0,"[{'id': 28, 'name': 'Action'}, {'id': 12, 'name': 'Adventure'}, {'id': 80, 'name': 'Crime'}, {'id': 53, 'name': 'Thriller'}]",,10975,tt0099558,cn,飛鷹計劃,Agent Jackie is hired to find WWII Nazi gold hidden in the Sahara desert. He teams up with three bungling women (the 3 stooges?) who are all connected in some way. However a team of mercenries have ideas on the ownership of the gold. A battle / chase ensues as to who gets there first. Lots of choregraphed Kung-Fu and quirky Chan humor.,12.276235,/cU3UPFvOG1Jq7dVE0gmMGnvVboH.jpg,"[{'name': 'Golden Harvest Company', 'id': 2521}]","[{'iso_3166_1': 'HK', 'name': 'Hong Kong'}]",1991-02-07,0.0,106.0,"[{'iso_639_1': 'cn', 'name': '广州话 / 廣州話'}]",Released,"On his most dangerous mission ever, the world's toughest secret agent isn't going in alone.",Armour of God II: Operation Condor,False,7.0,109.0
False,"{'id': 146136, 'name': 'Armour of God Collection', 'poster_path': '/amUwRtyJEiYyGPlbOFJBqAnM5mk.jpg', 'backdrop_path': '/rXGl1WJINCV2yFOikNBqYvdyeAn.jpg'}",15000000,"[{'id': 12, 'name': 'Adventure'}, {'id': 28, 'name': 'Action'}, {'id': 35, 'name': 'Comedy'}]",,10974,tt0091431,cn,龍兄虎弟,"Jackie Chan stars as Asian Hawk, an Indiana Jones-style adventurer looking to make a fortune in exotic antiquities. After Hawk discovers a mysterious sword in Africa, a band of Satan-worshipping monks kidnap his ex-girlfriend Lorelei, demanding the sword as ransom as well as other pieces of the legendary Armour of God - a magical outfit dating back to the Crusades.",7.278549,/AjgHw0FH8DwjB3fL6EWAxl02wgG.jpg,"[{'name': 'Jadran Film', 'id': 168}, {'name': 'Golden Harvest Company', 'id': 2521}, {'name': 'Golden Way Films Ltd.', 'id': 3054}]","[{'iso_3166_1': 'HK', 'name': 'Hong Kong'}, {'iso_3166_1': 'HR', 'name': 'Croatia'}]",1986-08-16,0.0,88.0,"[{'iso_639_1': 'cn', 'name': '广州话 / 廣州話'}]",Released,Jackie Chan in his greatest adventure ever!,Armour of God,False,6.8,111.0
False,,70000000,"[{'id': 80, 'name': 'Crime'}, {'id': 18, 'name': 'Drama'}, {'id': 9648, 'name': 'Mystery'}, {'id': 53, 'name': 'Thriller'}]",,10398,tt0150377,en,Double Jeopardy,"A woman framed for her husband's murder suspects he is still alive; as she has already been tried for the crime, she can't be re-prosecuted if she finds and kills him.",10.876463,/9Pl7lqUzU7lxQHYjcmTT6ZvbbDY.jpg,"[{'name': 'Paramount Pictures', 'id': 4}]","[{'iso_3166_1': 'CA', 'name': 'Canada'}, {'iso_3166_1': 'US', 'name': 'United States of America'}]",1999-09-24,177841558.0,105.0,"[{'iso_639_1': 'en', 'name': 'English'}]",Released,Murder isn't always a crime.,Double Jeopardy,False,6.2,282.0
False,,0,"[{'id': 35, 'name': 'Comedy'}, {'id': 18, 'name': 'Drama'}, {'id': 36, 'name': 'History'}]",,2290,tt0120716,en,Jakob the Liar,"In 1944 Poland, a Jewish shop keeper named Jakob is summoned to ghetto headquarters after being caught out after curfew. While waiting for the German Kommondant, Jakob overhears a German radio broadcast about Russian troop movements. Returned to the ghetto, the shopkeeper shares his information with a friend and then rumors fly that there is a secret radio within the ghetto.",9.217935,/kadiPVZ1GjoFsom1hCgAcOVN337.jpg,"[{'name': 'Columbia Pictures', 'id': 5}, {'name': 'Global Entertainment Productions GmbH & Company Medien KG', 'id': 9269}, {'name': 'Blue Wolf', 'id': 10230}, {'name': 'Kasso Inc. Productions', 'id': 22684}]","[{'iso_3166_1': 'FR', 'name': 'France'}, {'iso_3166_1': 'HU', 'name': 'Hungary'}, {'iso_3166_1': 'US', 'name': 'United States of America'}]",1999-09-16,0.0,120.0,"[{'iso_639_1': 'en', 'name': 'English'}]",Released,"When all hope was lost, he invented it.",Jakob the Liar,False,6.1,91.0
False,,0,"[{'id': 35, 'name': 'Comedy'}, {'id': 18, 'name': 'Drama'}, {'id': 10749, 'name': 'Romance'}]",,24071,tt0140397,en,Mumford,"In the small town of Mumford, a psychologist of the same name moves in and quickly becomes very popular, despite a questionable past.",8.102656,/7h3EpKEOGs1UBw5GyIi22ilXOIj.jpg,"[{'name': 'Touchstone Pictures', 'id': 9195}]","[{'iso_3166_1': 'US', 'name': 'United States of America'}]",1999-09-24,0.0,112.0,"[{'iso_639_1': 'en', 'name': 'English'}]",Released,Some towns have all the fun.,Mumford,False,6.3,27.0
False,,0,"[{'id': 10749, 'name': 'Romance'}, {'id': 35, 'name': 'Comedy'}]",,62994,tt0129884,en,Dog Park,"Sex comedy takes a look at contemporary dating mores and hypothesizes that the new dating location may be the dog walk in the park. A mild-mannered man loses his present girl friend to another man. His attraction to a kid's TV show hostess goes nowhere because of her obsession with her dog, Peanut. He then gets hooked up with an overly exuberant blonde who overwhelms him. He even lost his collie, Mogley, when his girl friend moved out. In a funny sub-plot, the collie is going to a doggie psychiatrist who determines the dog is being traumatized by his mistress' sexual antics. Jeri and Jeff are best friends whose constant smooching simply makes the leads life less comfortable.",0.437857,/fXq3pWtHrcfXFg6m7sLZoJRmBBq.jpg,[],"[{'iso_3166_1': 'CA', 'name': 'Canada'}, {'iso_3166_1': 'US', 'name': 'United States of America'}]",1998-09-14,0.0,91.0,"[{'iso_639_1': 'en', 'name': 'English'}]",Released,"When it comes to dating, you better watch your step.",Dog Park,False,5.8,4.0
False,,2600000,"[{'id': 18, 'name': 'Drama'}, {'id': 10749, 'name': 'Romance'}]",,60994,tt0160338,en,Guinevere,A young girl from an affluent family rebels and becomes involved with a much older photographer.,4.004968,/pnSQUsQicNltvcoN3LrVfA370L4.jpg,"[{'name': 'Miramax Films', 'id': 14}, {'name': 'Bandeira Entertainment', 'id': 377}, {'name': 'Millennium Films', 'id': 10254}]","[{'iso_3166_1': 'US', 'name': 'United States of America'}]",1999-09-04,614202.0,104.0,"[{'iso_639_1': 'en', 'name': 'English'}]",Released,He was her first love... she was his last.,Guinevere,False,5.9,9.0
False,,0,"[{'id': 10751, 'name': 'Family'}]",,16112,tt0159421,en,The Adventures of Elmo in Grouchland,"Elmo loves his fuzzy, blue blanket, and would never let anything happen to it. However, a tug-of-war with his friend Zoe sends his blanket to a faraway land, and Elmo in hot pursuit. Facing life without his cherished blanket, Elmo musters all of his determination and courage and heads off on an action-packed rescue mission that plunges him into Grouchland-a place full of grouchy creatures, stinky garbage and the villainous Huxley. Along the way, Elmo learns an important lesson about sharing, realizing that he was selfish with his friend and responsible for what happened.",2.86282,/3ISkXfByVN0kwGnCSFDNhFonPz7.jpg,"[{'name': 'Columbia Pictures', 'id': 5}, {'name': ""Children's Television Workshop"", 'id': 5061}, {'name': 'Jim Henson Pictures', 'id': 6255}]","[{'iso_3166_1': 'US', 'name': 'United States of America'}]",1999-10-01,0.0,73.0,"[{'iso_639_1': 'en', 'name': 'English'}]",Released,"The Good, The Bad and The Stinky.",The Adventures of Elmo in Grouchland,False,6.3,14.0
False,,0,"[{'id': 28, 'name': 'Action'}, {'id': 35, 'name': 'Comedy'}, {'id': 53, 'name': 'Thriller'}]",,32305,tt0168172,en,Simon Sez,A tattooed Interpol agent helps an old classmate find the kidnapped daughter of a computer software tycoon.,3.106424,/s2RXbJtzYj6CbPrevsxORX7mC0j.jpg,[],"[{'iso_3166_1': 'BE', 'name': 'Belgium'}, {'iso_3166_1': 'DE', 'name': 'Germany'}, {'iso_3166_1': 'US', 'name': 'United States of America'}]",1999-01-01,0.0,85.0,"[{'iso_639_1': 'en', 'name': 'English'}]",Released,,Simon Sez,False,3.6,17.0
False,,8000000,"[{'id': 18, 'name': 'Drama'}, {'id': 35, 'name': 'Comedy'}, {'id': 10749, 'name': 'Romance'}, {'id': 10751, 'name': 'Family'}]",,14429,tt0164114,en,Drive Me Crazy,"Nicole and Chase live next door to each other but are worlds apart. However, they plot a scheme to date each other in order to attract the interest and jealousy of their respective romantic prey. But in the mist of planning a gala centennial celebration, Nicole and Chase find that the one they always wanted was closer than they ever thought.",4.606395,/ljg0qL7RPUaP8Td6jQ1yOPVSodK.jpg,"[{'name': 'Twentieth Century Fox Film Corporation', 'id': 306}, {'name': 'Grand March Productions', 'id': 81132}, {'name': 'Amy Robinson Productions', 'id': 81133}]","[{'iso_3166_1': 'US', 'name': 'United States of America'}]",1999-10-01,22593409.0,91.0,"[{'iso_639_1': 'en', 'name': 'English'}]",Released,The last guy she wants is the only one she needs.,Drive Me Crazy,False,5.8,62.0
False,,28000000,"[{'id': 18, 'name': 'Drama'}, {'id': 35, 'name': 'Comedy'}]",,15198,tt0134618,en,"Mystery, Alaska","In Mystery, Alaska, life revolves around the legendary Saturday hockey game at the local pond. But everything changes when the hometown team unexpectedly gets booked in an exhibition match against the New York Rangers. When quirky small-towners, slick promoters and millionaire athletes come together.",4.512767,/y7yReQXgyOX8GEMicQvA3w9JxYh.jpg,"[{'name': 'Hollywood Pictures', 'id': 915}]","[{'iso_3166_1': 'CA', 'name': 'Canada'}, {'iso_3166_1': 'US', 'name': 'United States of America'}]",1999-10-01,8888143.0,119.0,"[{'iso_639_1': 'en', 'name': 'English'}]",Released,A Small Town on the Outskirts of Greatness.,"Mystery, Alaska",False,6.0,71.0
False,,75000000,"[{'id': 28, 'name': 'Action'}, {'id': 12, 'name': 'Adventure'}, {'id': 35, 'name': 'Comedy'}]",,6415,tt0120188,en,Three Kings,"A group of American soldiers stationed in Iraq at the end of the Gulf War find a map they believe will take them to a huge cache of stolen Kuwaiti gold hidden near their base, and they embark on a secret mission that's destined to change everything.",12.287636,/7CPVhTgTU5s1a2chC4yne9FuYV7.jpg,"[{'name': 'Village Roadshow Pictures', 'id': 79}, {'name': 'Atlas Entertainment', 'id': 507}, {'name': 'Warner Bros.', 'id': 6194}, {'name': 'Village-A.M. Partnership', 'id': 23689}, {'name': 'Coast Ridge', 'id': 23690}, {'name': 'Junger Witt Productions', 'id': 23691}]","[{'iso_3166_1': 'US', 'name': 'United States of America'}]",1999-09-27,108000000.0,114.0,"[{'iso_639_1': 'en', 'name': 'English'}, {'iso_639_1': 'ar', 'name': 'العربية'}]",Released,It's good to be King.,Three Kings,False,6.6,709.0
False,,1700000,"[{'id': 35, 'name': 'Comedy'}, {'id': 80, 'name': 'Crime'}]",,24066,tt0162360,en,"Happy, Texas","Two escaped convicts roll into the village of Happy, Texas, where they're mistaken for a gay couple who work as beauty pageant consultants. They go along with it to duck the police, but the local sheriff has a secret of his own.",2.939685,/6wnLYEHQHE5bYVN8KwjOv3KvPCE.jpg,"[{'name': 'Miramax Films', 'id': 14}, {'name': 'Marked Entertainment', 'id': 16833}]","[{'iso_3166_1': 'US', 'name': 'United States of America'}]",1999-12-03,1943649.0,98.0,"[{'iso_639_1': 'en', 'name': 'English'}]",Released,Escaped convicts disguised as beauty pageant experts? This could get ugly,"Happy, Texas",False,5.5,39.0
False,,0,"[{'id': 18, 'name': 'Drama'}, {'id': 878, 'name': 'Science Fiction'}, {'id': 9648, 'name': 'Mystery'}]",,21430,tt0133122,en,New Rose Hotel,A corporate raider (Christopher Walken) and his henchman (Willem Dafoe) use a chanteuse (Asia Argento) to lure a scientific genius away from his employer and family.,10.255215,/zRgR1UEHV7xolS2eE2W1uzH9F5I.jpg,"[{'name': 'Quadra Entertainment', 'id': 1438}, {'name': 'Edward R. Pressman Film', 'id': 6455}]","[{'iso_3166_1': 'US', 'name': 'United States of America'}]",1998-09-05,0.0,93.0,"[{'iso_639_1': 'ja', 'name': '日本語'}, {'iso_639_1': 'en', 'name': 'English'}, {'iso_639_1': 'de', 'name': 'Deutsch'}]",Released,No possession is sacred.  No secret is safe.,New Rose Hotel,False,5.0,24.0
False,,0,"[{'id': 18, 'name': 'Drama'}, {'id': 28, 'name': 'Action'}, {'id': 35, 'name': 'Comedy'}]",,10381,tt0134033,en,Plunkett & MacLeane,"Will Plunkett and Captain James Macleane, two men from different ends of the social spectrum in 18th-century England, enter a gentlemen's agreement: They decide to rid the aristocrats of their belongings. With Plunkett's criminal know-how and Macleane's social connections, they team up to be soon known as ""The Gentlemen Highwaymen"". But when one day these gentlemen hold up Lord Chief Justice Gibson's coach, Macleane instantly falls in love with his beautiful and cunning niece, Lady Rebecca Gibson. Unfortunately, Thief Taker General Chance, who also is quite fond of Rebecca, is getting closer and closer to getting both: The Gentlemen Highwaymen and Rebecca, who, needless to tell, don't want to get any closer to him. But Plunkett still has a thing to sort out with Chance, and his impulsiveness gets all of them in a little trouble.",10.285949,/g2EyZJFozd5jfEvAt7U8Wo3OxpB.jpg,"[{'name': 'Arts Council of England', 'id': 718}, {'name': 'PolyGram Filmed Entertainment', 'id': 1382}, {'name': 'Working Title Films', 'id': 10163}]","[{'iso_3166_1': 'GB', 'name': 'United Kingdom'}]",1999-01-22,0.0,93.0,"[{'iso_639_1': 'en', 'name': 'English'}]",Released,They Robbed The Rich...And That's It,Plunkett & MacLeane,False,6.1,49.0
False,,0,"[{'id': 10749, 'name': 'Romance'}, {'id': 18, 'name': 'Drama'}, {'id': 35, 'name': 'Comedy'}]",,171982,tt2378428,en,Romance,She's as hot as Britney Spears. Hotter. She parties like Hollywood. She's way out of his league. Or that's the story he's sticking to.,0.052377,/yyISPCAcYwWKhu1XXQtL419CIyK.jpg,[],[],2012-10-09,0.0,27.0,"[{'iso_639_1': 'en', 'name': 'English'}]",Released,,Romance,False,0.0,0.0
False,,0,"[{'id': 28, 'name': 'Action'}, {'id': 12, 'name': 'Adventure'}, {'id': 18, 'name': 'Drama'}, {'id': 10751, 'name': 'Family'}]",,42486,tt0068990,en,Napoleon and Samantha,"Two young children, who, rather than part with an old pet lion who was once a circus performer, go on a perilous mountain trek to stay with a recluse friend.",0.832361,/xKqxGuRTkhyf4SfW58XpMIgx9n2.jpg,[],"[{'iso_3166_1': 'US', 'name': 'United States of America'}]",1972-07-05,0.0,92.0,"[{'iso_639_1': 'en', 'name': 'English'}]",Released,Two runaways and a guardian lion lost in the wilderness... AN INCREDIBLE ADVENTURE!,Napoleon and Samantha,False,6.6,8.0
False,,0,"[{'id': 28, 'name': 'Action'}, {'id': 10752, 'name': 'War'}, {'id': 37, 'name': 'Western'}]",,60285,tt0060095,en,Alvarez Kelly,A suave Mexican cattleman inadvertently gets involved in the Civil War.,1.49303,/9IRDS4zsAZWo0ecb5JRPaj8TXSZ.jpg,"[{'name': 'Columbia Pictures Corporation', 'id': 441}]","[{'iso_3166_1': 'US', 'name': 'United States of America'}]",1966-10-01,0.0,116.0,"[{'iso_639_1': 'en', 'name': 'English'}]",Released,Carving a legend of greatness from the Blue Ridge to the Rio Grande !,Alvarez Kelly,False,6.6,10.0
False,,0,"[{'id': 35, 'name': 'Comedy'}, {'id': 18, 'name': 'Drama'}, {'id': 10769, 'name': 'Foreign'}, {'id': 10402, 'name': 'Music'}]",,5622,tt0087188,it,E la nave va,"In 1914, a cruise ship sets sail from Naples to spread the ashes of beloved opera singer Edmea Tetua near Erimo, the isle of her birth. During the voyage, the eclectic array of passengers discovers a group of Serbian refugees aboard the vessel. Peace and camaraderie abound until the ship is descended upon by an Austrian flagship. The Serbians are forced to board it, but naturally they resist, igniting a skirmish that ends in destruction.",1.715072,/daEKCPyuRpm5m97ej8mldo6Doip.jpg,"[{'name': 'Gaumont', 'id': 9}, {'name': 'Rai 1', 'id': 44406}, {'name': 'Societa Investimenti Milanese (S.I.M.)', 'id': 93143}, {'name': 'Vides Produzione', 'id': 93144}]","[{'iso_3166_1': 'IT', 'name': 'Italy'}]",1983-10-06,0.0,128.0,"[{'iso_639_1': 'it', 'name': 'Italiano'}]",Released,,And the Ship Sails On,False,7.0,22.0
False,,15000000,"[{'id': 9648, 'name': 'Mystery'}, {'id': 27, 'name': 'Horror'}]",,10349,tt0106664,en,The Dark Half,"Thad Beaumont is the author of a highly successful series of violent pulp thrillers written under the pseudonym of ‘George Stark’, but when he decides to ‘kill-off’ his alter-ego in a mock ceremony, it precipitates a string of sadistic murders matching those in his pulp novels, which are soon discovered to be the work of Stark himself. Looking like a maniacal version of his counterpart, Stark is not so willing to quit the writing game – even if it means coming after Thad's wife and their baby.",13.412785,/x9ROx7QrJkMK7vet6uhsgrM4Y8Z.jpg,"[{'name': 'Orion Pictures', 'id': 41}, {'name': 'George A. Romero Productions', 'id': 40490}]","[{'iso_3166_1': 'US', 'name': 'United States of America'}]",1993-04-23,10611160.0,122.0,"[{'iso_639_1': 'en', 'name': 'English'}]",Released,There are very good reasons to be afraid of the dark.,The Dark Half,False,5.4,91.0
False,,0,"[{'id': 28, 'name': 'Action'}, {'id': 12, 'name': 'Adventure'}, {'id': 16, 'name': 'Animation'}, {'id': 10751, 'name': 'Family'}]",,42518,tt0031397,en,Gulliver's Travels,"Gulliver washes ashore on Lilliput and attempts to prevent war between that tiny kingdom and its equally-miniscule rival, Blefiscu, as well as smooth the way for the romance between the Princess and Prince of the opposing lands. In this he is alternately aided and hampered by the Lilliputian town crier and general fussbudget, Gabby. A life-threatening situation develops when the bumbling trio of Blefiscu spies, Sneak, Snoop, and Snitch, manage to steal Gulliver's pistol.",2.059715,/tmbkx9I7t11qKF0e688o0XwcTCj.jpg,"[{'name': 'Paramount Pictures', 'id': 4}, {'name': 'Fleischer Studios', 'id': 8302}]","[{'iso_3166_1': 'US', 'name': 'United States of America'}]",1939-11-10,0.0,76.0,"[{'iso_639_1': 'en', 'name': 'English'}]",Released,The Amazing Characters in Jonathan Swift's Immortal Fantasy Come To Life !,Gulliver's Travels,False,6.3,26.0
False,,7000000,"[{'id': 53, 'name': 'Thriller'}, {'id': 18, 'name': 'Drama'}, {'id': 27, 'name': 'Horror'}, {'id': 878, 'name': 'Science Fiction'}]",,29787,tt0095652,en,Monkey Shines,"A quadriplegic man is given a trained monkey help him with every day activities, until the little monkey begins to develop feelings, and rage, against its new master and those who get too close to him.",8.120652,/ddcNlSKvfLzYzZ44NLTrF3gYNMS.jpg,"[{'name': 'Orion Pictures', 'id': 41}]","[{'iso_3166_1': 'US', 'name': 'United States of America'}]",1988-07-29,5344577.0,113.0,"[{'iso_639_1': 'en', 'name': 'English'}]",Released,"Once there was a man whose prison was a chair. The man had a monkey, they made the strangest pair. The monkey ruled the man, it climbed inside his head. And now as fate would have it, one of them is dead.",Monkey Shines,False,6.2,58.0
False,"{'id': 47770, 'name': 'Phantasm Collection', 'poster_path': '/xqgAkKmQRrk0UaIbWMak4RRSQm7.jpg', 'backdrop_path': '/bu33EKctcBJvN5KHR780lWQkyJd.jpg'}",300000,"[{'id': 27, 'name': 'Horror'}, {'id': 878, 'name': 'Science Fiction'}]",http://phantasm.com,9638,tt0079714,en,Phantasm,"A young boy and his friends face off against a mysterious grave robber known only as the Tall Man, who keeps a mysterious arsenal of terrible weapons with him.",6.609336,/59GIYULisvSYMwawbbtCnjaPMAn.jpg,"[{'name': 'AVCO Embassy Pictures', 'id': 494}, {'name': 'New Breed Productions', 'id': 22540}]","[{'iso_3166_1': 'US', 'name': 'United States of America'}]",1979-03-28,11988469.0,89.0,"[{'iso_639_1': 'en', 'name': 'English'}]",Released,"If this one doesn’t scare you, you’re already dead.",Phantasm,False,6.5,166.0
False,"{'id': 119674, 'name': 'Psycho Collection', 'poster_path': '/29pDqAgmb4idzWzuZncoT7LZplA.jpg', 'backdrop_path': '/bPQZkZjNnsYuPZWzoRRl9k0VSQ8.jpg'}",5000000,"[{'id': 27, 'name': 'Horror'}, {'id': 9648, 'name': 'Mystery'}, {'id': 53, 'name': 'Thriller'}]",,10576,tt0086154,en,Psycho II,"Years of treatment at a mental institution for the criminally insane, Norman Bates still can't quite elude the demands of ""Mother."" Vera Miles also returns as the inquisitive woman who is haunted by her sister's brutal murder and the ominous motel where it all occurred.",6.370495,/tYNx7yIU9Q3O2xxjy3ie5YCkIak.jpg,"[{'name': 'Universal Pictures', 'id': 33}, {'name': 'Oak', 'id': 16838}]","[{'iso_3166_1': 'US', 'name': 'United States of America'}]",1983-06-03,34725000.0,113.0,"[{'iso_639_1': 'en', 'name': 'English'}]",Released,"It's 22 years later, and Norman Bates is finally coming home.",Psycho II,False,6.0,128.0
False,"{'id': 119674, 'name': 'Psycho Collection', 'poster_path': '/29pDqAgmb4idzWzuZncoT7LZplA.jpg', 'backdrop_path': '/bPQZkZjNnsYuPZWzoRRl9k0VSQ8.jpg'}",0,"[{'id': 27, 'name': 'Horror'}, {'id': 53, 'name': 'Thriller'}]",,12662,tt0091799,en,Psycho III,"Norman Bates is still running his little motel, and he has kept the dressed skeleton he calls mother. One of his guests is a young girl who has left the convent where she lived. To get some help he employs a young man. One day a nosey journalist comes to see him to ask questions about his past.",6.345885,/gLmUIPVQtEsxtIrvaj5WRKkbvX9.jpg,"[{'name': 'Universal Pictures', 'id': 33}]","[{'iso_3166_1': 'US', 'name': 'United States of America'}]",1986-06-27,14481606.0,93.0,"[{'iso_639_1': 'en', 'name': 'English'}]",Released,Norman Bates is back to normal. But Mother's off her rocker again!,Psycho III,False,5.4,79.0
False,,0,"[{'id': 18, 'name': 'Drama'}]",,61369,tt0023369,en,Rain,A missionary tries to reform a prostitute trapped on a Pacific island.,0.577818,/96QZLgnFYyu18zoTZJIVCb3brkz.jpg,"[{'name': 'Feature Productions', 'id': 13914}]","[{'iso_3166_1': 'US', 'name': 'United States of America'}]",1932-10-12,0.0,94.0,"[{'iso_639_1': 'en', 'name': 'English'}]",Released,A woman without shame. A woman without soul.,Rain,False,5.1,8.0
False,,0,"[{'id': 18, 'name': 'Drama'}, {'id': 28, 'name': 'Action'}, {'id': 35, 'name': 'Comedy'}]",,11712,tt0056443,ja,椿三十郎,"Toshiro Mifune swaggers and snarls to brilliant comic effect in Kurosawa's tightly paced, beautifully composed ""Sanjuro."" In this companion piece and sequel to ""Yojimbo,"" jaded samurai Sanjuro helps an idealistic group of young warriors weed out their clan's evil influences, and in the process turns their image of a proper samurai on its ear.",11.293611,/zW47oIH3bc3ggmmmzTvKqM4Fqjk.jpg,"[{'name': 'Toho Company', 'id': 882}]","[{'iso_3166_1': 'JP', 'name': 'Japan'}]",1962-01-01,0.0,96.0,"[{'iso_639_1': 'ja', 'name': '日本語'}]",Released,Akira Kurosawa's Powerful and Newest Japanese Masterpiece,Sanjuro,False,7.8,122.0
False,,64000000,"[{'id': 18, 'name': 'Drama'}, {'id': 10749, 'name': 'Romance'}]",,12618,tt0156934,en,Random Hearts,After the death of their loved ones in a tragic plane crash 'Harrison Ford' and Kristin Scott Thomas find each others keys in each others loved ones posessions and realize that they were having an affair and must figure out all the details. Written by Andy HeitzThe wife of Police Sergeant Dutch Van Den Broek and the husband of politician Kay Chandler are killed in a plane crash. Now Dutch discovers some anomalies in what he told her before she left and discovers that she and Chandler's husband were travelling together. Dutch then goes to Chandler and tells her that he suspects that they were having an affair. He tells her that he wants to know the truth; she tells him that she doesn't but she later joins him and they grow close.,4.140398,/753JNSDgzCnOGd6qCzO0jEIHM4D.jpg,"[{'name': 'Columbia Pictures', 'id': 5}]","[{'iso_3166_1': 'US', 'name': 'United States of America'}]",1999-10-08,74608570.0,133.0,"[{'iso_639_1': 'en', 'name': 'English'}]",Released,In a perfect world...they never would have met.,Random Hearts,False,5.3,63.0
False,,0,"[{'id': 35, 'name': 'Comedy'}, {'id': 10751, 'name': 'Family'}]",,13824,tt0167427,en,Superstar,"Orphan Mary Katherine Gallagher, an ugly duckling at St. Monica High School, has a dream: to be kissed soulfully. She decides she can realize this dream if she becomes a superstar, so her prayers, her fantasies, and her conversations with her only friend focus on achieving super-stardom.",4.155147,/lWZCiOAOCreWtoSIox0ovJU5cX3.jpg,"[{'name': 'SNL Studios', 'id': 2822}]","[{'iso_3166_1': 'CA', 'name': 'Canada'}]",1999-10-08,0.0,81.0,"[{'iso_639_1': 'en', 'name': 'English'}]",Released,Dare to dream.,Superstar,False,5.0,85.0
False,,2000000,"[{'id': 80, 'name': 'Crime'}, {'id': 18, 'name': 'Drama'}]",http://www.foxsearchlight.com/boysdontcry/,226,tt0171804,en,Boys Don't Cry,"Female born, Teena Brandon adopts his male identity of Brandon Teena and attempts to find himself and love in Nebraska.",6.536006,/6bqIZTEuJnUrgnxcymciszvOz8J.jpg,"[{'name': 'Fox Searchlight Pictures', 'id': 43}, {'name': 'The Independent Film Channel Productions', 'id': 54}, {'name': 'IFC Films', 'id': 307}, {'name': 'Killer Films', 'id': 1422}, {'name': 'Hart-Sharp Entertainment', 'id': 11351}]","[{'iso_3166_1': 'US', 'name': 'United States of America'}]",1999-09-02,11540607.0,118.0,"[{'iso_639_1': 'en', 'name': 'English'}]",Released,A true story about finding the courage to be yourself.,Boys Don't Cry,False,7.2,360.0
False,,0,"[{'id': 99, 'name': 'Documentary'}]",http://www.fivewives.com/,288772,tt0150574,en,"Five Wives, Three Secretaries and Me","Filmmaker Teresa Blake's portrait of an 88-year-old man with a trail of Texas Exes: Houston oil man, Hollywood playboy, hotshot lawyer and serial monogamist Tommy Blake on a quirky and intimate journey, a daughter looks beyond myth, money, and society -- and all that hair -- in seeking the truth of her father.",0.001648,/jrxeRsWUeenMzpp8Y6mPyq3nJUD.jpg,[],[],1999-10-08,0.0,0.0,[],Released,,"Five Wives, Three Secretaries and Me",False,0.0,0.0
False,,0,"[{'id': 18, 'name': 'Drama'}, {'id': 10749, 'name': 'Romance'}]",,55107,tt0168740,fr,L'ennui,"A philosophy teacher restless with the need to do something with his life meets a young woman suspected of driving an artist to his death. He finds the very simple Cecilia irritating but develops a sexual rapport with her. Obsessed with the need to own and tormented by her inability to respond to him, he becomes increasingly violent in a quest he can't name - a quest that slowly begins to undermine his certainties.",1.535323,/p5gAhWf1rZGJcMs4Kdu6FH9CcG5.jpg,"[{'name': 'Canal+', 'id': 5358}, {'name': 'Gemini Films', 'id': 6584}, {'name': 'Madragoa Filmes', 'id': 11143}, {'name': 'Centre National de la Cinématographie (CNC)', 'id': 18367}, {'name': 'Ima Films', 'id': 30576}]","[{'iso_3166_1': 'PT', 'name': 'Portugal'}, {'iso_3166_1': 'FR', 'name': 'France'}]",1998-11-14,0.0,122.0,"[{'iso_639_1': 'fr', 'name': 'Français'}]",Released,,L'ennui,False,6.1,12.0
False,,0,"[{'id': 18, 'name': 'Drama'}, {'id': 10769, 'name': 'Foreign'}]",,69851,tt0176415,es,El abuelo,"After his son dies, an elderly man comes back to Spain from the US and hopes to find out which of his granddaughters is true, and which one is bastard.",0.81126,/u3skCiuJxbAZzHW92WnPBKheaJG.jpg,"[{'name': 'Radio Televisión Española (RTVE)', 'id': 35442}]","[{'iso_3166_1': 'ES', 'name': 'Spain'}]",1998-10-16,0.0,151.0,"[{'iso_639_1': 'es', 'name': 'Español'}]",Released,Love or honor? How can one choose?,The Grandfather,False,6.7,11.0
False,,10000000,"[{'id': 28, 'name': 'Action'}, {'id': 80, 'name': 'Crime'}, {'id': 18, 'name': 'Drama'}, {'id': 9648, 'name': 'Mystery'}, {'id': 53, 'name': 'Thriller'}]",,10388,tt0165854,en,The Limey,"The Limey follows Wilson (Terence Stamp), a tough English ex-con who travels to Los Angeles to avenge his daughter's death. Upon arrival, Wilson goes to task battling Valentine (Peter Fonda) and an army of L.A.'s toughest criminals, hoping to find clues and piece together what happened. After surviving a near-death beating, getting thrown from a building and being chased down a dangerous mountain road, the Englishman decides to dole out some bodily harm of his own.",7.807741,/3WFYpRRP0sHc5XlWfUX7dv9mo5S.jpg,"[{'name': 'Artisan Entertainment', 'id': 2188}]","[{'iso_3166_1': 'US', 'name': 'United States of America'}]",1999-05-15,3193102.0,89.0,"[{'iso_639_1': 'en', 'name': 'English'}, {'iso_639_1': 'fr', 'name': 'Français'}]",Released,Vengeance knows no boundaries.,The Limey,False,6.6,110.0
False,,0,"[{'id': 35, 'name': 'Comedy'}, {'id': 10749, 'name': 'Romance'}, {'id': 878, 'name': 'Science Fiction'}]",,17198,tt0165874,en,The Mating Habits of the Earthbound Human,"David Hyde Pierce, playing an alien (credited as infinity-cubed in the opening credits), narrates a courtship in a late-20th century American city as an extraterrestrial nature documentary. The relationship ""footage"" is played straight, while the voice-over (with its most often wildly inaccurate theories) and elaborate visual metaphors add comedy.",6.571586,/rk1720rbqtyLCF5vzorcNsmGxPX.jpg,"[{'name': 'Earthbound Human Productions Inc.', 'id': 3919}]","[{'iso_3166_1': 'US', 'name': 'United States of America'}]",1999-09-03,0.0,88.0,"[{'iso_639_1': 'en', 'name': 'English'}]",Released,A How-To-Do-It Guide.,The Mating Habits of the Earthbound Human,False,6.4,18.0
False,,0,"[{'id': 18, 'name': 'Drama'}, {'id': 35, 'name': 'Comedy'}, {'id': 10749, 'name': 'Romance'}]",,44857,tt0143746,en,Molly,"Molly McKay is a profoundly autistic twenty-something woman who has lived in an institution from a young age following her parents' death in a car accident. When the institution must close due budget cuts, Molly is left in the charge of her neurotypical, older brother, Buck McKay, an advertising executive and perennial bachelor. Buck allows her to undergo an experimental medical treatment, with unexpectedly drastic results.",7.697,/4MAsTnS5CeD2Kv6qQffsjiHsZhi.jpg,"[{'name': 'Metro-Goldwyn-Mayer (MGM)', 'id': 8411}, {'name': 'Absolute Entertainment (II)', 'id': 67883}, {'name': 'Cockamamie', 'id': 67884}, {'name': 'Heckerling-Caplan', 'id': 67885}]","[{'iso_3166_1': 'US', 'name': 'United States of America'}]",1999-10-22,0.0,102.0,"[{'iso_639_1': 'en', 'name': 'English'}]",Released,Innocence is bliss. See the world through her.,Molly,False,5.5,14.0
False,,6200000,"[{'id': 35, 'name': 'Comedy'}, {'id': 10749, 'name': 'Romance'}]",,9346,tt0086200,en,Risky Business,"Meet Joel Goodson, an industrious, college-bound 17-year-old and a responsible, trustworthy son. However, when his parents go away and leave him home alone in the wealthy Chicago suburbs with the Porsche at his disposal he quickly decides he has been good for too long and it is time to enjoy himself. After an unfortunate incident with the Porsche Joel must raise some cash, in a risky way.",6.505209,/60ioiHP0H6PHYcXz7oJvqildpNZ.jpg,"[{'name': 'Geffen Company, The', 'id': 4354}]","[{'iso_3166_1': 'US', 'name': 'United States of America'}]",1983-08-05,63541777.0,98.0,"[{'iso_639_1': 'de', 'name': 'Deutsch'}, {'iso_639_1': 'en', 'name': 'English'}]",Released,"Time of your life, Huh Kid.",Risky Business,False,6.4,340.0
False,,65000000,"[{'id': 28, 'name': 'Action'}, {'id': 12, 'name': 'Adventure'}, {'id': 878, 'name': 'Science Fiction'}]",,861,tt0100802,en,Total Recall,"Construction worker Douglas Quaid discovers a memory chip in his brain during a virtual-reality trip. He also finds that his past has been invented to conceal a plot of planetary domination. Soon, he's off to Mars to find out who he is and who planted the chip.",12.954444,/ikYpJ0AjGBNnAYFnPJDUVIOcduR.jpg,"[{'name': 'TriStar Pictures', 'id': 559}, {'name': 'Carolco Pictures', 'id': 14723}, {'name': 'Carolco International N.V.', 'id': 80461}]","[{'iso_3166_1': 'US', 'name': 'United States of America'}]",1990-06-01,261317921.0,113.0,"[{'iso_639_1': 'en', 'name': 'English'}]",Released,"They stole his mind, now he wants it back.",Total Recall,False,7.1,1745.0
False,,0,"[{'id': 18, 'name': 'Drama'}, {'id': 53, 'name': 'Thriller'}, {'id': 80, 'name': 'Crime'}, {'id': 10749, 'name': 'Romance'}]",,14412,tt0082089,en,Body Heat,"In the midst of a searing Florida heat wave, a woman convinces her lover, a small-town lawyer, to murder her rich husband.",5.991482,/zjKyX72bNa6aSXZUvQpB223zDBe.jpg,"[{'name': 'Warner Bros.', 'id': 6194}, {'name': 'The Ladd Company', 'id': 7965}]","[{'iso_3166_1': 'US', 'name': 'United States of America'}]",1981-08-28,24058838.0,113.0,"[{'iso_639_1': 'en', 'name': 'English'}]",Released,"As the temperature rises, the suspense begins.",Body Heat,False,7.1,128.0
False,,6000000,"[{'id': 35, 'name': 'Comedy'}]",,9377,tt0091042,en,Ferris Bueller's Day Off,Charismatic teen Ferris Bueller plays hooky in Chicago with his girlfriend and best friend.,12.724645,/kto49vDiSzooEdy4WQH2RtaC9oP.jpg,"[{'name': 'Paramount Pictures', 'id': 4}]","[{'iso_3166_1': 'US', 'name': 'United States of America'}]",1986-06-11,70136369.0,103.0,"[{'iso_639_1': 'en', 'name': 'English'}]",Released,One man's struggle to take it easy.,Ferris Bueller's Day Off,False,7.5,1340.0
False,,6000000,"[{'id': 10752, 'name': 'War'}, {'id': 18, 'name': 'Drama'}, {'id': 10749, 'name': 'Romance'}]",,11541,tt0086617,en,The Year of Living Dangerously,"Australian journalist Guy Hamilton travels to Indonesia to cover civil strife in 1965. There, on the eve of an attempted coup, he befriends a Chinese Australian photographer with a deep connection to and vast knowledge of the Indonesian people and also falls in love with a British national.",13.293569,/3fBuFmNLTDKuL3QOlgeIvLdekJn.jpg,"[{'name': 'Metro-Goldwyn-Mayer (MGM)', 'id': 8411}, {'name': 'McElroy & McElroy', 'id': 8808}]","[{'iso_3166_1': 'AU', 'name': 'Australia'}, {'iso_3166_1': 'US', 'name': 'United States of America'}]",1982-12-17,1317657.0,115.0,"[{'iso_639_1': 'en', 'name': 'English'}]",Released,A love caught in the fire of revolution.,The Year of Living Dangerously,False,6.8,84.0
False,,0,"[{'id': 18, 'name': 'Drama'}, {'id': 10749, 'name': 'Romance'}]",,2457,tt0037674,fr,Les Enfants du Paradis,"Filmed during the German occupation, this French milestone centers around the theatrical life of a beautiful courtesan and the four men who love her. Voted the ""Best French Film in History"" by the French Film Academy in 1990.",5.353954,/yiy9stl1jjVhW44ypkWMFDT8Ix3.jpg,"[{'name': 'Société Nouvelle Pathé Cinéma', 'id': 643}]","[{'iso_3166_1': 'FR', 'name': 'France'}]",1945-03-15,0.0,191.0,"[{'iso_639_1': 'fr', 'name': 'Français'}]",Released,The Gone With the Wind of art films,Children of Paradise,False,7.9,79.0
False,,5500000,"[{'id': 37, 'name': 'Western'}]",,11901,tt0068699,en,High Plains Drifter,"A gunfighting stranger comes to the small settlement of Lago. After gunning down three gunmen who tried to kill him, the townsfolk decide to hire the Stranger to hold off three outlaws who are on their way.",9.91087,/557vwDdOIQ07Q1QvTwHVmxHJpXU.jpg,"[{'name': 'Universal Pictures', 'id': 33}, {'name': 'Malpaso Productions', 'id': 171}]","[{'iso_3166_1': 'US', 'name': 'United States of America'}]",1973-04-19,15700000.0,105.0,"[{'iso_639_1': 'en', 'name': 'English'}]",Released,Welcome to Hell,High Plains Drifter,False,7.4,284.0
False,,1800000,"[{'id': 37, 'name': 'Western'}]",,4929,tt0061747,en,Hang 'em High,"Marshall Jed Cooper survives a hanging, vowing revenge on the lynch mob that left him dangling. To carry out his oath for vengeance, he returns to his former job as a lawman. Before long, he's caught up with the nine men on his hit list and starts dispensing his own brand of Wild West justice.",7.266576,/qnOknsL20MuvQfQDtG7zWTmPB4o.jpg,"[{'name': 'United Artists', 'id': 60}]","[{'iso_3166_1': 'US', 'name': 'United States of America'}]",1968-07-31,6800000.0,114.0,"[{'iso_639_1': 'en', 'name': 'English'}]",Released,The hanging was the best show in town. But they made two mistakes. They hung the wrong man and they didn't finish the job!,Hang 'em High,False,6.7,197.0
False,,0,"[{'id': 35, 'name': 'Comedy'}]",,85325,tt0076123,en,Citizen's Band,The interlaced stories of several characters in a small town united by their use of CB (citizen's band) radio.,1.799462,/1GHl5epPqL0ib7IxUx9D5127DI9.jpg,"[{'name': 'Paramount Pictures', 'id': 4}]","[{'iso_3166_1': 'US', 'name': 'United States of America'}]",1977-09-29,0.0,98.0,"[{'iso_639_1': 'en', 'name': 'English'}]",Released,,Citizen's Band,False,4.7,6.0
False,"{'id': 12203, 'name': 'Drunken Master Collection', 'poster_path': '/4YKqOyFW1IP4jyX1vy5BooM0dU.jpg', 'backdrop_path': '/iu1fYfR5qu1m37ugZFHG9qVpIeV.jpg'}",0,"[{'id': 28, 'name': 'Action'}, {'id': 35, 'name': 'Comedy'}]",,11230,tt0080179,cn,醉拳,"Jackie Chan stars as Wong Fei-Hung, whose mischievous antics land him in hot water. Having tolerated enough of his son's mishaps, Fei-Hung's dad enlists his sadistic uncle, who specializes in drunken-style kung fu, to teach the lad some discipline. This Hong Kong martial-arts comedy helped establish the slapstick fighting style that would become Chan's trademark.",7.404755,/cf43J2SH8tECZVl9N5n0Q6Ckche.jpg,"[{'name': 'Seasonal Film Corporation', 'id': 13433}]","[{'iso_3166_1': 'HK', 'name': 'Hong Kong'}]",1978-10-05,0.0,111.0,"[{'iso_639_1': 'cn', 'name': '广州话 / 廣州話'}]",Released,The Original Kung Fu Comedy!,Drunken Master,False,7.2,178.0
False,,750000,"[{'id': 18, 'name': 'Drama'}]",,8416,tt0065571,it,Il conformista,"A weak-willed Italian man becomes a fascist flunky who goes abroad to arrange the assassination of his old teacher, now a political dissident.",9.931025,/hIjOdQW7vRHjK3VBEYC3fRTfi52.jpg,"[{'name': 'Paramount Pictures', 'id': 4}, {'name': 'Mars Films', 'id': 819}, {'name': 'Marianne Productions', 'id': 1497}, {'name': 'Maran Film', 'id': 1627}]","[{'iso_3166_1': 'IT', 'name': 'Italy'}, {'iso_3166_1': 'DE', 'name': 'Germany'}, {'iso_3166_1': 'FR', 'name': 'France'}]",1970-10-21,0.0,107.0,"[{'iso_639_1': 'en', 'name': 'English'}, {'iso_639_1': 'fr', 'name': 'Français'}, {'iso_639_1': 'it', 'name': 'Italiano'}, {'iso_639_1': 'la', 'name': 'Latin'}, {'iso_639_1': 'zh', 'name': '普通话'}]",Released,Bertolucci's Masterpiece about Sex and Politics,The Conformist,False,7.6,129.0
False,,0,"[{'id': 35, 'name': 'Comedy'}, {'id': 10751, 'name': 'Family'}, {'id': 10402, 'name': 'Music'}]",,11054,tt0095270,en,Hairspray,"Ample teen Tracy Turnblad wants nothing more than to be on the hip local TV dance program, ""The Corny Collins Show"" -- and when her dream comes true, her lively moves and bubbly personality meet with unexpected popularity. But after witnessing firsthand the terrible state of race relations in 1960s Baltimore, Turnblad becomes an outspoken advocate for desegregation.",6.453409,/awlcy51BoQxqxI6M6hqaQyUeEDj.jpg,"[{'name': 'New Line Cinema', 'id': 12}]","[{'iso_3166_1': 'US', 'name': 'United States of America'}]",1988-02-16,0.0,92.0,"[{'iso_639_1': 'en', 'name': 'English'}, {'iso_639_1': 'fr', 'name': 'Français'}, {'iso_639_1': 'ru', 'name': 'Pусский'}]",Released,The world was in a mess... but their hair was perfect!!,Hairspray,False,6.6,102.0
False,,0,"[{'id': 18, 'name': 'Drama'}, {'id': 10749, 'name': 'Romance'}]",,851,tt0037558,en,Brief Encounter,"Returning home from a shopping trip to a nearby town, bored suburban housewife Laura Jesson is thrown by happenstance into an acquaintance with virtuous doctor Alec Harvey. Their casual friendship soon develops during their weekly visits into something more emotionally fulfilling than either expected, and they must wrestle with the potential havoc their deepening relationship would have on their lives and the lives of those they love.",5.408818,/yEnLvpbX5c3cUsBqXBufoOzjO00.jpg,"[{'name': 'Cineguild', 'id': 2886}]","[{'iso_3166_1': 'GB', 'name': 'United Kingdom'}]",1945-11-24,0.0,86.0,"[{'iso_639_1': 'en', 'name': 'English'}]",Released,A story of the most precious moments in woman's life!,Brief Encounter,False,7.6,123.0
False,,0,"[{'id': 18, 'name': 'Drama'}]",,24453,tt0087980,en,The Razor's Edge,He had everything and wanted nothing. He learned that he had nothing and wanted everything. He saved the world and then it shattered. The path to enlightenment is as sharp and narrow as a razor's edge.,1.697455,/ai6iFng036xuBGeDVSEOdhkKrZ2.jpg,[],[],1984-10-19,0.0,129.0,"[{'iso_639_1': 'en', 'name': 'English'}]",Released,The story of one man's search for himself.,The Razor's Edge,False,6.9,16.0
False,,32000000,"[{'id': 18, 'name': 'Drama'}, {'id': 36, 'name': 'History'}]",,18254,tt0082979,en,Reds,A radical American journalist becomes involved with the Communist revolution in Russia and hopes to bring its spirit and idealism to the United States.,5.463216,/5GMPURI5crYPsgS3Gy8Gz9Zh063.jpg,"[{'name': 'Barclays Mercantile Industrial Finance', 'id': 553}, {'name': 'JRS Productions', 'id': 44485}]","[{'iso_3166_1': 'US', 'name': 'United States of America'}]",1981-12-25,40382659.0,195.0,"[{'iso_639_1': 'de', 'name': 'Deutsch'}, {'iso_639_1': 'fi', 'name': 'suomi'}, {'iso_639_1': 'fr', 'name': 'Français'}, {'iso_639_1': 'ru', 'name': 'Pусский'}, {'iso_639_1': 'en', 'name': 'English'}]",Released,Not since Gone With The Wind has there been a great romantic epic like it!,Reds,False,7.1,70.0
False,,1000000,"[{'id': 99, 'name': 'Documentary'}]",http://www.pbs.org/wgbh/amex/honor/,56235,tt0176093,en,Return with Honor,The story of U.S. fighter pilots shot down over North Vietnam who became POWs for up to 8 and a half years.,0.15025,/8tDiA2fbYvOIGPmgWynTYn6WEEe.jpg,[],[],1999-06-11,0.0,101.0,"[{'iso_639_1': 'en', 'name': 'English'}]",Released,,Return with Honor,False,4.0,2.0
False,,0,"[{'id': 18, 'name': 'Drama'}, {'id': 35, 'name': 'Comedy'}, {'id': 80, 'name': 'Crime'}, {'id': 14, 'name': 'Fantasy'}]",,20123,tt0097223,sh,Dom za vešanje,"In this luminous tale set in the former Yugoslavia, Perhan, an engaging young Romany with telekinetic powers, is seduced by the quick-cash world of petty crime that threatens to destroy him and those he loves.",5.443964,/bexabpIfDX6LpOHzmgtyjXCunJM.jpg,"[{'name': 'Ljubavny Film', 'id': 3719}, {'name': 'Kinema Sarajevo', 'id': 44449}, {'name': 'Televizija Sarajevo', 'id': 49255}]","[{'iso_3166_1': 'BA', 'name': 'Bosnia and Herzegovina'}, {'iso_3166_1': 'IT', 'name': 'Italy'}, {'iso_3166_1': 'GB', 'name': 'United Kingdom'}]",1988-12-21,0.0,142.0,"[{'iso_639_1': 'bs', 'name': 'Bosanski'}, {'iso_639_1': 'en', 'name': 'English'}, {'iso_639_1': 'it', 'name': 'Italiano'}]",Released,,Time of the Gypsies,False,7.2,53.0
False,,0,"[{'id': 18, 'name': 'Drama'}, {'id': 10749, 'name': 'Romance'}]",,16642,tt0077405,en,Days of Heaven,"In 1910, a Chicago steel worker accidentally kills his supervisor and flees to the Texas panhandle with his girlfriend and little sister to work harvesting wheat in the fields of a stoic farmer. A love triangle, a swarm of locusts, a hellish fire—Malick captures it all with dreamlike authenticity, creating at once a timeless American idyll and a gritty evocation of turn-of-the-century labor.",7.380825,/rjw7tQbiBnbIeufyEt02oVickDM.jpg,"[{'name': 'Paramount Pictures', 'id': 4}]","[{'iso_3166_1': 'US', 'name': 'United States of America'}]",1978-09-13,0.0,94.0,"[{'iso_639_1': 'en', 'name': 'English'}, {'iso_639_1': 'it', 'name': 'Italiano'}]",Released,Your eyes... Your ears... Your senses... will be overwhelmed.,Days of Heaven,False,7.6,236.0
False,,0,"[{'id': 18, 'name': 'Drama'}]",,2593,tt0057058,fr,Le Feu Follet,"Alain Leroy is a recovering alcoholic who decides to end his life, but first decides to visit his friends in Paris one last time, in an attempt at finding a reason to continue living.",2.441347,/kOymqN0CSX44GxpkUCumNKQ7O9p.jpg,"[{'name': 'Nouvelles Éditions de Films (NEF)', 'id': 753}]","[{'iso_3166_1': 'FR', 'name': 'France'}]",1963-10-14,0.0,108.0,"[{'iso_639_1': 'fr', 'name': 'Français'}]",Released,,The Fire Within,False,7.4,38.0
False,,0,[],,42020,tt0090636,es,El amor brujo,"In a Gypsy village, the fathers of Candela and José promise their children to each other. Years later, the unfaithful José marries Candela but while defending his lover Lucía in a brawl, he is stabbed to death. Carmelo, who secretly loves Candela since he was a boy, is arrested while helping José and unfairly sent to prison. Four years later he is released and declares his love for Candela. However, the woman is cursed by a bewitched love and every night she goes to the place where José died to dance with his ghost.",0.185772,/8EA9bmQgeH6KUlsneql6GHydqYy.jpg,[],"[{'iso_3166_1': 'ES', 'name': 'Spain'}]",1986-03-23,0.0,100.0,"[{'iso_639_1': 'es', 'name': 'Español'}]",Released,,El Amor Brujo,False,7.0,4.0
False,,0,"[{'id': 35, 'name': 'Comedy'}, {'id': 10749, 'name': 'Romance'}]",,3086,tt0033804,en,The Lady Eve,"Returning from a year up the Amazon studying snakes, the rich but unsophisticated Charles Pike meets con-artist Jean Harrington on a ship. They fall in love, but a misunderstanding causes them to split on bad terms. To get back at him, Jean disguises herself as an English lady, and comes back to tease and torment him.",8.35844,/uw5bo4j6LG5wivQGHMMFnRPnhNR.jpg,"[{'name': 'Paramount Pictures', 'id': 4}]","[{'iso_3166_1': 'US', 'name': 'United States of America'}]",1941-02-25,0.0,97.0,"[{'iso_639_1': 'en', 'name': 'English'}]",Released,Barbara Stanwyck has Henry Fonda Bewitched and Bewildered,The Lady Eve,False,7.5,74.0
False,,689665,"[{'id': 12, 'name': 'Adventure'}, {'id': 35, 'name': 'Comedy'}, {'id': 18, 'name': 'Drama'}, {'id': 10749, 'name': 'Romance'}]",,16305,tt0034240,en,Sullivan's Travels,"Sullivan is a successful, spoiled, and naive director of fluff films, with a heart-o-gold, who decides he wants to make a film about the troubles of the downtrodden poor. Much to the chagrin of his producers, he sets off in tramp's clothing with a single dime in his pocket to experience poverty first-hand, and gets a reality shock...",8.64244,/bZfw8EpYfbEG325mlzcE59fv20N.jpg,"[{'name': 'Paramount Pictures', 'id': 4}]","[{'iso_3166_1': 'US', 'name': 'United States of America'}]",1941-11-30,0.0,90.0,"[{'iso_639_1': 'en', 'name': 'English'}]",Released,"The Creator of ""Lady Eve"" brings you his latest and most lilting laugh-fest!",Sullivan's Travels,False,8.0,100.0
False,,0,"[{'id': 35, 'name': 'Comedy'}, {'id': 10749, 'name': 'Romance'}]",,32255,tt0035169,en,The Palm Beach Story,Gerry and Tom Jeffers are finding married life hard. Tom is an inventor/ architect and there is little money for them to live on. They are about to be thrown out of their apartment when Gerry meets rich businessman being shown around as a prospective tenant. He gives Gerry $700 to start life afresh but Tom refuses to believe her story and they quarrel. Gerry decides the marriage is over and heads to Palm Beach for a quick divorce but Tom has plans to stop her.,3.926841,/zif5rzeW1odL8KQKmVG8xMdo2co.jpg,"[{'name': 'Paramount Pictures', 'id': 4}]","[{'iso_3166_1': 'US', 'name': 'United States of America'}]",1942-11-07,0.0,88.0,"[{'iso_639_1': 'en', 'name': 'English'}]",Released,,The Palm Beach Story,False,7.3,46.0
False,,0,"[{'id': 9648, 'name': 'Mystery'}, {'id': 878, 'name': 'Science Fiction'}, {'id': 18, 'name': 'Drama'}]",,48797,tt0091214,es,Hombre mirando al sudeste,"A new patient mysteriously appears in a psychiatric ward. He claims to come from another planet to study humans and their behavior. The alien is gentle but criticizes humans for their harsh treatment of each other. The assigned psychiatrist is himself unhappy, and affected by the patient's insight. But he is ordered to treat the patient according to institutional procedure.",1.011919,/xb8voDxmQnMHVKdNNGtxZFZ9dGx.jpg,"[{'name': 'Cinequanon', 'id': 16918}, {'name': 'Transeuropa S.A. Cinematografica', 'id': 80256}]","[{'iso_3166_1': 'AR', 'name': 'Argentina'}]",1986-09-09,0.0,103.0,"[{'iso_639_1': 'es', 'name': 'Español'}]",Released,Somewhere Between The Insane And The Unreal Lies The Mystery Of The Man Facing Southeast.,Man Facing Southeast,False,7.1,12.0
False,,1250000,"[{'id': 80, 'name': 'Crime'}, {'id': 18, 'name': 'Drama'}, {'id': 53, 'name': 'Thriller'}]",,19997,tt0046126,en,Niagara,"Rose Loomis and her older, gloomier husband, George, are vacationing at a cabin in Niagara Falls, N.Y. The couple befriend Polly and Ray Cutler, who are honeymooning in the area. Polly begins to suspect that something is amiss between Rose and George, and her suspicions grow when she sees Rose in the arms of another man. While Ray initially thinks Polly is overreacting, things between George and Rose soon take a shockingly dark turn.",14.605464,/tPmeDXhF7dNgntoaaxCl6SoMZw3.jpg,"[{'name': 'Twentieth Century Fox Film Corporation', 'id': 306}]","[{'iso_3166_1': 'US', 'name': 'United States of America'}]",1953-01-26,8500000.0,92.0,"[{'iso_639_1': 'en', 'name': 'English'}]",Released,A raging torrent of emotion that even nature can't control!,Niagara,False,6.7,84.0
False,,0,"[{'id': 18, 'name': 'Drama'}, {'id': 10749, 'name': 'Romance'}, {'id': 53, 'name': 'Thriller'}]",,3767,tt0038559,en,Gilda,"Just arrived in Argentina, small-time crooked gambler Johnny Farrell is saved from a gunman by sinister Ballin Mundson, who later makes Johnny his right-hand man. But their friendship based on mutual lack of scruples is strained when Mundson returns from a trip with a wife: the supremely desirable Gilda, whom Johnny once knew and learned to hate. The relationship of Johnny and Gilda, a battlefield of warring emotions, becomes even more bizarre after Mundson disappears...",4.562074,/hz2gG5D3GHaaPZUSnRNjMC3Wl1r.jpg,"[{'name': 'Columbia Pictures', 'id': 5}]","[{'iso_3166_1': 'US', 'name': 'United States of America'}]",1946-02-14,0.0,110.0,"[{'iso_639_1': 'en', 'name': 'English'}, {'iso_639_1': 'fr', 'name': 'Français'}, {'iso_639_1': 'de', 'name': 'Deutsch'}, {'iso_639_1': 'es', 'name': 'Español'}]",Released,There NEVER was a woman like Gilda!,Gilda,False,7.6,113.0
False,,6000000,"[{'id': 10402, 'name': 'Music'}, {'id': 10749, 'name': 'Romance'}, {'id': 10752, 'name': 'War'}]",,17352,tt0052225,en,South Pacific,"Can a girl from Little Rock find happiness with a mature French planter she got to know one enchanted evening away from the military hospital where she is a nurse? Or should she just wash that man out of her hair? Bloody Mary is the philosopher of the island and it's hard to believe she could be the mother of Liat who has captured the heart of Lt. Joseph Cable USMC. While waiting for action in the war in the South Pacific, sailors and nurses put on a musical comedy show. The war gets closer and the saga of Nellie Forbush and Emile de Becque becomes serious drama.",2.747118,/2LMfkNvFtfkkCC98AMORmZUxQpJ.jpg,"[{'name': 'Twentieth Century Fox Film Corporation', 'id': 306}, {'name': 'Magna Theatre Corporation', 'id': 89188}, {'name': 'South Pacific Enterprises', 'id': 89189}, {'name': 'Rodgers & Hammerstein Productions', 'id': 89190}]","[{'iso_3166_1': 'US', 'name': 'United States of America'}]",1958-03-18,36800000.0,157.0,"[{'iso_639_1': 'en', 'name': 'English'}, {'iso_639_1': 'fr', 'name': 'Français'}]",Released,There is nothing you can name that is anything like... [South Pacific],South Pacific,False,6.3,29.0
False,,4000000,"[{'id': 18, 'name': 'Drama'}, {'id': 10402, 'name': 'Music'}, {'id': 10749, 'name': 'Romance'}]",,535,tt0085549,en,Flashdance,The popular 1980’s dance movie that depicts the life of an exotic dancer with a side job as a welder who true desire is to get into ballet school. It’s her dream to be a professional dancer and now is her chance. The film has a great soundtrack with an Oscar winning song.,9.888958,/pW8tRnHJbZfobnEX16CjkOg8bAH.jpg,"[{'name': 'Paramount Pictures', 'id': 4}]","[{'iso_3166_1': 'US', 'name': 'United States of America'}]",1983-04-14,92921203.0,95.0,"[{'iso_639_1': 'en', 'name': 'English'}, {'iso_639_1': 'pt', 'name': 'Português'}]",Released,When the dancer becomes the dance.,Flashdance,False,6.1,313.0
False,,0,"[{'id': 18, 'name': 'Drama'}, {'id': 10749, 'name': 'Romance'}]",,2731,tt0104507,fr,Indochine,"The story starts in the 1930's at one of the largest rubber-tree plantations in Indochine (Vietnam). This plantation is owned by the French colonist Eliane, a proud woman who lives with her father and her native adoptive daughter Camille. She doesn't have a husband or a man in her life (apart from her father), but gets to know the young officer Jean-Baptiste when both want to buy the same painting at an auction. They have a short affair, but then she refuses to see him again. In the meantime it's Camille who has fallen in love with Jean-Baptiste and Eliane knows it. She makes sure he's sent to one of the most desolate outposts on some remote island, making sure that the two will never see each other again. Camille has no choice, but to marry the man she was promised to, but in the meantime she starts a search to find the man she really loves.",10.762325,/kR2yxgnO9pTnUxoZNTvFTCTETPh.jpg,"[{'name': 'Bac Films', 'id': 208}, {'name': 'Paradis Films', 'id': 255}, {'name': 'Orly Films', 'id': 354}, {'name': 'Ciné Cinq', 'id': 1179}, {'name': ""La Générale d'Images"", 'id': 1180}, {'name': 'Canal+', 'id': 5358}, {'name': 'Investimage 3', 'id': 12965}, {'name': 'Centre National de la Cinématographie (CNC)', 'id': 18367}, {'name': 'Sofinergie 2', 'id': 25023}, {'name': 'Club des Investissments', 'id': 84953}, {'name': 'Sofica Sofinergie', 'id': 84954}]","[{'iso_3166_1': 'FR', 'name': 'France'}]",1992-04-15,0.0,148.0,"[{'iso_639_1': 'fr', 'name': 'Français'}, {'iso_639_1': 'vi', 'name': 'Tiếng Việt'}]",Released,,Indochine,False,7.2,32.0
False,"{'id': 124492, 'name': 'The Dirty Dozen Collection', 'poster_path': '/xCLD1Pul4d6iJJdFf3el7PfMpLc.jpg', 'backdrop_path': '/z5Wj3wkksrRjyjhZ2flr00gSjTR.jpg'}",5400000,"[{'id': 28, 'name': 'Action'}, {'id': 12, 'name': 'Adventure'}, {'id': 10752, 'name': 'War'}]",,1654,tt0061578,en,The Dirty Dozen,"12 American military prisoners in World War II are ordered to infiltrate a well-guarded enemy château and kill the Nazi officers vacationing there. The soldiers, most of whom are facing death sentences for a variety of violent crimes, agree to the mission and the possible commuting of their sentences.",15.640007,/5SawqeuARDbUPrFohTulwd2PZ2N.jpg,"[{'name': 'Metro-Goldwyn-Mayer (MGM)', 'id': 8411}, {'name': 'Seven Arts Pictures', 'id': 14159}, {'name': 'MKH', 'id': 79298}]","[{'iso_3166_1': 'GB', 'name': 'United Kingdom'}, {'iso_3166_1': 'US', 'name': 'United States of America'}]",1967-06-15,45300000.0,150.0,"[{'iso_639_1': 'la', 'name': 'Latin'}, {'iso_639_1': 'en', 'name': 'English'}, {'iso_639_1': 'de', 'name': 'Deutsch'}, {'iso_639_1': 'fr', 'name': 'Français'}, {'iso_639_1': 'es', 'name': 'Español'}]",Released,Train them! Excite them! Arm them!...Then turn them loose on the Nazis!,The Dirty Dozen,False,7.5,309.0
False,,0,"[{'id': 18, 'name': 'Drama'}, {'id': 9648, 'name': 'Mystery'}, {'id': 53, 'name': 'Thriller'}]",,31043,tt0087722,en,Mike's Murder,"Betty has a crush on her tennis coach Mike. He keeps on promising to call, but never does – she doesn’t know that he’s a little dealer. After a failed deal in someone else’s district he has to disappear for three months. He contacts Betty again, but she waits in vain – he’s killed before they meet. Now she tries to find out what happened, asks around among his friends. This leads her right into the drug scenery.",0.855695,/yX9n7XHMR6prb2GlaEfDoSFjhZA.jpg,"[{'name': 'Warner Bros.', 'id': 6194}, {'name': 'The Ladd Company', 'id': 7965}, {'name': 'Skyewiay', 'id': 14222}]","[{'iso_3166_1': 'US', 'name': 'United States of America'}]",1984-03-09,0.0,109.0,"[{'iso_639_1': 'en', 'name': 'English'}]",Released,The mystery that led her into a world of incredible danger.,Mike's Murder,False,5.5,4.0
False,,1500000,"[{'id': 35, 'name': 'Comedy'}, {'id': 10402, 'name': 'Music'}]",,14831,tt0059260,en,Help!,"This Beatles film has an obscure Asian cult, that believes in human sacrifice, chasing Ringo after he accidentally put on the their victim's ceremonial ring. He is pursued by the cult, a pair of mad scientists, a member of a side cult that no longer believes in human sacrifice, and the London police who are trying to help.",10.045007,/lrziqxryaFpneILX7XzPGRx2BUz.jpg,"[{'name': 'Subafilms', 'id': 6095}]","[{'iso_3166_1': 'GB', 'name': 'United Kingdom'}]",1965-07-29,0.0,92.0,"[{'iso_639_1': 'en', 'name': 'English'}]",Released,Stop worrying! HELP! is on the way!,Help!,False,6.5,85.0
False,"{'id': 645, 'name': 'James Bond Collection', 'poster_path': '/HORpg5CSkmeQlAolx3bKMrKgfi.jpg', 'backdrop_path': '/6VcVl48kNKvdXOZfJPdarlUGOsk.jpg'}",2500000,"[{'id': 12, 'name': 'Adventure'}, {'id': 28, 'name': 'Action'}, {'id': 53, 'name': 'Thriller'}]",http://www.mgm.com/view/movie/760/Goldfinger/,658,tt0058150,en,Goldfinger,"Special agent 007 (Sean Connery) comes face to face with one of the most notorious villains of all time, and now he must outwit and outgun the powerful tycoon to prevent him from cashing in on a devious scheme to raid Fort Knox -- and obliterate the world's economy.",13.78884,/vBNbFU3OS6okJIQBOos1aZXpy2Z.jpg,"[{'name': 'United Artists', 'id': 60}, {'name': 'Eon Productions', 'id': 7576}, {'name': 'Danjaq', 'id': 10761}]","[{'iso_3166_1': 'GB', 'name': 'United Kingdom'}, {'iso_3166_1': 'US', 'name': 'United States of America'}]",1964-09-17,124881062.0,110.0,"[{'iso_639_1': 'zh', 'name': '普通话'}, {'iso_639_1': 'en', 'name': 'English'}, {'iso_639_1': 'es', 'name': 'Español'}]",Released,Everything he touches turns into excitement!,Goldfinger,False,7.2,1005.0
False,"{'id': 645, 'name': 'James Bond Collection', 'poster_path': '/HORpg5CSkmeQlAolx3bKMrKgfi.jpg', 'backdrop_path': '/6VcVl48kNKvdXOZfJPdarlUGOsk.jpg'}",2000000,"[{'id': 28, 'name': 'Action'}, {'id': 53, 'name': 'Thriller'}, {'id': 12, 'name': 'Adventure'}]",http://www.mgm.com/view/movie/717/From-Russia-With-Love/,657,tt0057076,en,From Russia with Love,"Agent 007 is back in the second installment of the James Bond series, this time battling a secret crime organization known as SPECTRE. Russians Rosa Klebb and Kronsteen are out to snatch a decoding device known as the Lektor, using the ravishing Tatiana to lure Bond into helping them. Bond willingly travels to meet Tatiana in Istanbul, where he must rely on his wits to escape with his life in a series of deadly encounters with the enemy",12.536729,/fvIG285JwenrV1K6kVASi1TECJ0.jpg,"[{'name': 'United Artists', 'id': 60}, {'name': 'Eon Productions', 'id': 7576}, {'name': 'Danjaq', 'id': 10761}]","[{'iso_3166_1': 'GB', 'name': 'United Kingdom'}]",1963-10-11,78898765.0,115.0,"[{'iso_639_1': 'en', 'name': 'English'}, {'iso_639_1': 'ru', 'name': 'Pусский'}, {'iso_639_1': 'tr', 'name': 'Türkçe'}, {'iso_639_1': 'ro', 'name': 'Română'}]",Released,The world's masters of murder pull out all the stops to destroy Agent 007!,From Russia with Love,False,6.9,773.0
False,"{'id': 645, 'name': 'James Bond Collection', 'poster_path': '/HORpg5CSkmeQlAolx3bKMrKgfi.jpg', 'backdrop_path': '/6VcVl48kNKvdXOZfJPdarlUGOsk.jpg'}",950000,"[{'id': 12, 'name': 'Adventure'}, {'id': 28, 'name': 'Action'}, {'id': 53, 'name': 'Thriller'}]",http://www.mgm.com/#/our-titles/566/Dr.-No,646,tt0055928,en,Dr. No,"In the film that launched the James Bond saga, Agent 007 battles mysterious Dr. No, a scientific genius bent on destroying the U.S. space program. As the countdown to disaster begins, Bond must go to Jamaica, where he encounters beautiful Honey Ryder, to confront a megalomaniacal villain in his massive island headquarters.",19.931606,/gRdfLVVf6FheOw6mw6wOsKhZG1l.jpg,"[{'name': 'United Artists', 'id': 60}, {'name': 'Eon Productions', 'id': 7576}]","[{'iso_3166_1': 'GB', 'name': 'United Kingdom'}]",1962-10-04,59600000.0,110.0,"[{'iso_639_1': 'en', 'name': 'English'}, {'iso_639_1': 'fr', 'name': 'Français'}]",Released,NOW meet the most extraordinary gentleman spy in all fiction!,Dr. No,False,6.9,953.0
False,"{'id': 59586, 'name': 'The Blue Lagoon collection', 'poster_path': '/A4U11Zhp5KjiKOrghNlqNlmrbhw.jpg', 'backdrop_path': '/m8LAOuIhlCBr6dWdtVF2C2ioMrc.jpg'}",4500000,"[{'id': 10749, 'name': 'Romance'}, {'id': 12, 'name': 'Adventure'}, {'id': 18, 'name': 'Drama'}]",,5689,tt0080453,en,The Blue Lagoon,"Two small children and a ship's cook survive a shipwreck and find safety on an idyllic tropical island. Soon, however, the cook dies and the young boy and girl are left on their own. Days become years and Emmeline (Brooke Shields) and Richard (Christopher Atkins) make a home for themselves surrounded by exotic creatures and nature's beauty. But will they ever see civilization again?",11.578578,/6zmAK0Ormo2xQh0K4FYPAnsKYc0.jpg,"[{'name': 'Columbia Pictures Corporation', 'id': 441}]","[{'iso_3166_1': 'US', 'name': 'United States of America'}]",1980-07-05,58853106.0,104.0,"[{'iso_639_1': 'en', 'name': 'English'}]",Released,A sensuous story of natural love.,The Blue Lagoon,False,5.8,422.0
False,"{'id': 48317, 'name': 'The Man With No Name Collection', 'poster_path': '/lzUZptOL6iQqulMvhB2jfT5GepD.jpg', 'backdrop_path': '/uAkE1MAvFUiYjOllgDRndispKu3.jpg'}",200000,"[{'id': 37, 'name': 'Western'}]",,391,tt0058461,it,Per un pugno di dollari,"The Man With No Name enters the Mexican village of San Miguel in the midst of a power struggle among the three Rojo brothers and sheriff John Baxter. When a regiment of Mexican soldiers bearing gold intended to pay for new weapons is waylaid by the Rojo brothers, the stranger inserts himself into the middle of the long-simmering battle, selling false information to both sides for his own benefit.",12.429704,/sFLgxvtK9vxbNq502peVJ847Owp.jpg,"[{'name': 'United Artists', 'id': 60}, {'name': 'Constantin Film Produktion', 'id': 5755}, {'name': 'Jolly Film', 'id': 10481}, {'name': 'Ocean Films', 'id': 19498}]","[{'iso_3166_1': 'IT', 'name': 'Italy'}, {'iso_3166_1': 'DE', 'name': 'Germany'}, {'iso_3166_1': 'ES', 'name': 'Spain'}]",1964-09-12,14500000.0,99.0,"[{'iso_639_1': 'it', 'name': 'Italiano'}, {'iso_639_1': 'es', 'name': 'Español'}]",Released,"In his own way he is perhaps, the most dangerous man who ever lived!",A Fistful of Dollars,False,7.6,909.0
False,,3000000,"[{'id': 18, 'name': 'Drama'}, {'id': 53, 'name': 'Thriller'}]",,8052,tt0119256,en,Hard Eight,A stranger mentors a young Reno gambler who weds a hooker and befriends a vulgar casino regular.,7.04756,/rlULHF25GAFc6F3xZhovctWkNCr.jpg,"[{'name': 'Green Parrot', 'id': 2321}, {'name': 'Trinity Filmed Entertainment', 'id': 7250}, {'name': 'Rysher Entertainment', 'id': 11661}]","[{'iso_3166_1': 'US', 'name': 'United States of America'}]",1996-02-28,222559.0,96.0,"[{'iso_639_1': 'en', 'name': 'English'}]",Released,"When good luck is a long shot, you have to hedge your bets.",Hard Eight,False,6.8,177.0
False,"{'id': 9888, 'name': 'Home Alone Collection', 'poster_path': '/zYPsleQJo1n1rBPlecJBRb3iwSO.jpg', 'backdrop_path': '/cYS2aWxECESUN2OS3JiLrKMmOko.jpg'}",18000000,"[{'id': 35, 'name': 'Comedy'}, {'id': 10751, 'name': 'Family'}, {'id': 12, 'name': 'Adventure'}, {'id': 80, 'name': 'Crime'}]",,772,tt0104431,en,Home Alone 2: Lost in New York,"Instead of flying to Florida with his folks, Kevin ends up alone in New York, where he gets a hotel room with his dad's credit card—despite problems from a clerk and meddling bellboy. But when Kevin runs into his old nemeses, the Wet Bandits, he's determined to foil their plans to rob a toy store on Christmas eve.",13.293722,/ezGcLFTvwR64I3Z7RqHnXRFet4r.jpg,"[{'name': 'Twentieth Century Fox Film Corporation', 'id': 306}, {'name': 'Hughes Entertainment', 'id': 477}]","[{'iso_3166_1': 'US', 'name': 'United States of America'}]",1992-11-19,358991681.0,120.0,"[{'iso_639_1': 'en', 'name': 'English'}, {'iso_639_1': 'fr', 'name': 'Français'}]",Released,He's up past his bedtime in the city that never sleeps.,Home Alone 2: Lost in New York,False,6.3,2459.0
False,"{'id': 380822, 'name': 'Penitenciaría - Colección', 'poster_path': None, 'backdrop_path': None}",0,"[{'id': 28, 'name': 'Action'}, {'id': 18, 'name': 'Drama'}]",,65448,tt0079709,en,Penitentiary,"A hitchhiker named Martel Gordone gets in a fight with two bikers over a prostitute, and one of the bikers is killed. Gordone is arrested and sent to prison, where he joins the prison's boxing team in an effort to secure an early parole and to establish his dominance over the prison's toughest gang.",0.232477,/29jkT9PKJFJPRJSNn1o6u82Vwey.jpg,[],[],1979-12-01,0.0,99.0,"[{'iso_639_1': 'en', 'name': 'English'}]",Released,"There's only one way out, and 100 fools stand in the way!",Penitentiary,False,4.9,8.0
False,"{'id': 380822, 'name': 'Penitenciaría - Colección', 'poster_path': None, 'backdrop_path': None}",0,"[{'id': 28, 'name': 'Action'}, {'id': 53, 'name': 'Thriller'}]",,65452,tt0084485,fr,Penitentiary II,"An ex-con, on parole and trying to straighten his life out, decides to resume his boxing career when one of his prison enemies escapes and kills his girlfriend.",0.004425,/w5RPBg4ZBn7FV2FoT8laSvBRtir.jpg,[],"[{'iso_3166_1': 'US', 'name': 'United States of America'}]",1982-04-02,0.0,108.0,"[{'iso_639_1': 'en', 'name': 'English'}]",Released,"He's Too Fast, Two Fisted ...",Penitentiary II,False,3.0,1.0
False,,17000000,"[{'id': 80, 'name': 'Crime'}, {'id': 18, 'name': 'Drama'}, {'id': 10749, 'name': 'Romance'}, {'id': 53, 'name': 'Thriller'}]",,31650,tt0094008,en,Someone to Watch Over Me,"In Queens, Mike Keegan is celebrating with his wife Ellie, his son Tommy and friends his recent promotion to detective in a precinct in Manhattan. Meanwhile, in a fancy club, the socialite Claire Gregory witnesses the murder of the owner of the place by the powerful mobster Joey Venza. Mike is assigned to protect her in the night shift in her apartment in Manhattan. When Venza threatens Claire, the contact of Mike with Claire gets closer and conflicts him, dividing between the love for his family and the heat passion for Claire and the fascination for her world.",3.50111,/3N0VBgafdANJjVulHlbdXItLJb6.jpg,"[{'name': 'Columbia Pictures', 'id': 5}]","[{'iso_3166_1': 'US', 'name': 'United States of America'}]",1987-10-09,10278549.0,106.0,"[{'iso_639_1': 'en', 'name': 'English'}]",Released,"Where protection ends, obsession begins.",Someone to Watch Over Me,False,5.8,38.0
False,,463455,"[{'id': 18, 'name': 'Drama'}]",,73575,tt0017423,en,Sparrows,"Evil Mr.Grimes keeps a rag-tag bunch orphans on his farm deep in a swamp in the US South. He forces them to work in his garden and treats them like slaves. They are watched over by the eldest, Molly. A gang in league with Mr. Grimes kidnaps Doris, the beautiful little daughter of a rich man, and hides her out on Grimes' farm, awaiting ransom. When the police close in, and Mr. Grimes threatens to throw Doris into the bottomless mire, Molly must lead her little flock out through the alligator-infested swamp.",0.445526,/3ZPfhlwZ9HIYViUCgoZusCszohT.jpg,"[{'name': 'Pickford Corporation', 'id': 14646}]","[{'iso_3166_1': 'US', 'name': 'United States of America'}]",1926-05-14,966878.0,84.0,"[{'iso_639_1': 'en', 'name': 'English'}]",Released,,Sparrows,False,8.0,9.0
False,,700000,"[{'id': 18, 'name': 'Drama'}]",http://naturallynative.com/home.html,302579,tt0133117,en,Naturally Native,"Naturally Native follows the lives, loves, pain, joy and relationships of three sisters as they attempt to start their own business. Of American Indian ancestry, but adopted by white foster parents as young children, each sister has her own identity issues and each has chosen a very different career path. Now dedicated to starting a Native cosmetic business, they attempt to overcome obstacles both in the business world and in the home. A touching love story of family and culture, Naturally Native also interweaves a subtle, but strong wake-up call regarding the treatment of Native people in corporate America. Naturally Native also provides some insight into tribal infrastructure and gaming issues.",0.101618,/esEkysmPlqZw4vtwZ4wWQ7o2EIy.jpg,"[{'name': 'Red-horse Native', 'id': 38147}]","[{'iso_3166_1': 'US', 'name': 'United States of America'}]",1999-10-08,10508.0,107.0,"[{'iso_639_1': 'en', 'name': 'English'}]",Released,"Sometimes When You're Going Home, It's Important To Know Where You've Come From...",Naturally Native,False,0.0,0.0
False,,63000000,"[{'id': 18, 'name': 'Drama'}]",http://www.foxmovies.com/movies/fight-club,550,tt0137523,en,Fight Club,"A ticking-time-bomb insomniac and a slippery soap salesman channel primal male aggression into a shocking new form of therapy. Their concept catches on, with underground ""fight clubs"" forming in every town, until an eccentric gets in the way and ignites an out-of-control spiral toward oblivion.",63.869599,/adw6Lq9FiC9zjYEpOqfq03ituwp.jpg,"[{'name': 'Twentieth Century Fox Film Corporation', 'id': 306}, {'name': 'Regency Enterprises', 'id': 508}, {'name': 'Fox 2000 Pictures', 'id': 711}, {'name': 'Taurus Film', 'id': 20555}, {'name': 'Linson Films', 'id': 54050}, {'name': 'Atman Entertainment', 'id': 54051}, {'name': 'Knickerbocker Films', 'id': 54052}]","[{'iso_3166_1': 'DE', 'name': 'Germany'}, {'iso_3166_1': 'US', 'name': 'United States of America'}]",1999-10-15,100853753.0,139.0,"[{'iso_639_1': 'en', 'name': 'English'}]",Released,Mischief. Mayhem. Soap.,Fight Club,False,8.3,9678.0
False,,0,"[{'id': 18, 'name': 'Drama'}, {'id': 36, 'name': 'History'}, {'id': 99, 'name': 'Documentary'}]",,97537,tt0187712,en,Beefcake,"Thom Fitzgerald's (The Hanging Garden) provocative blending of fiction and documentary, tells the story of Bob Mizer, the pioneering founder of the Athletic Model Guild, a company which produced still photographs and short films extolling the beauty and chiseled physiques of men. The fiction story follows photographer and enterprising businessman Mizer, who teamed up with his mother in 1945 to film his beefy star-wannabes around his sun-drenched pool. It is here that Neil, a naive, right-off-the-bus teen is lured into using his handsome looks to become a model. The wide-eyed Neil soon learns about the world of sex and prostitution. But a police raid and ensuing criminal trial soon threaten both of the men's worlds. Interspersed with the story are rare archival footage and interviews with former co-workers, customers and models.",0.653879,/vhASaZKU0mogc3ZEtMvED1DQDIy.jpg,[],[],1998-09-01,0.0,97.0,"[{'iso_639_1': 'en', 'name': 'English'}]",Released,,Beefcake,False,4.6,10.0
False,,50000000,"[{'id': 35, 'name': 'Comedy'}, {'id': 18, 'name': 'Drama'}, {'id': 10749, 'name': 'Romance'}]",,12220,tt0160916,en,The Story of Us,Ben and Katie Jordan are a married couple who go through hard times in fifteen years of marriage.,5.769957,/2e5VGxXshdFt9jfm6M4O7oUWPEi.jpg,"[{'name': 'Universal Pictures', 'id': 33}, {'name': 'Castle Rock Entertainment', 'id': 97}]","[{'iso_3166_1': 'US', 'name': 'United States of America'}]",1999-10-13,58900031.0,95.0,"[{'iso_639_1': 'it', 'name': 'Italiano'}, {'iso_639_1': 'en', 'name': 'English'}]",Released,,The Story of Us,False,5.9,75.0
False,,0,"[{'id': 35, 'name': 'Comedy'}, {'id': 10749, 'name': 'Romance'}]",,1610,tt0119114,en,Fever Pitch,"A romantic comedy about a man, a woman and a football team. Based on Nick Hornby's best selling autobiographical novel, Fever Pitch. English teacher Paul Ashworth believes his long standing obsession with Arsenal serves him well. But then he meets Sarah. Their relationship develops in tandem with Arsenal's roller coaster fortunes in the football league, both leading to a nail biting climax.",6.906939,/hGcgSE402Q1PhpfAtTUm3pfzfsK.jpg,"[{'name': 'Scala Productions', 'id': 1261}, {'name': 'Wildgaze Films', 'id': 1508}]","[{'iso_3166_1': 'GB', 'name': 'United Kingdom'}]",1997-04-04,0.0,102.0,"[{'iso_639_1': 'en', 'name': 'English'}]",Released,Life Gets Complicated When You Love One Woman And Worship Eleven Men,Fever Pitch,False,6.1,53.0
False,,0,"[{'id': 80, 'name': 'Crime'}, {'id': 18, 'name': 'Drama'}]",,53151,tt0160672,en,Joe the King,"A destitute 14 year old struggles to keep his life together despite harsh abuse at his mother's hands, harsher abuse at his father's, and a growing separation from his slightly older brother. Petty thefts for food grow into more major takes until he steals a cash box from the diner where he works. Although Joe uses the money to pay off some of his father's debts and to replace his mother's records that his father smashed in a fit of temper, Joe gets no thanks...",1.487046,/o93WkiuIe2smVkbvgwZ1lxISaVA.jpg,"[{'name': 'Lower East Side Films', 'id': 13819}, {'name': '49th Parallel Productions', 'id': 17813}, {'name': 'Forensic/291 Films', 'id': 65561}]","[{'iso_3166_1': 'US', 'name': 'United States of America'}]",1999-10-17,0.0,93.0,"[{'iso_639_1': 'en', 'name': 'English'}]",Released,,Joe the King,False,6.3,8.0
False,,0,"[{'id': 35, 'name': 'Comedy'}, {'id': 18, 'name': 'Drama'}]",,42881,tt0192194,en,Julien Donkey-Boy,A portrait of the effects of schizophrenia on family life is the central focus.,1.34763,/nEF2xQpojgAn0pr60MsADzEaamz.jpg,"[{'name': 'Forensic Films', 'id': 2813}, {'name': 'Independent Pictures', 'id': 25679}, {'name': '391 Productions', 'id': 25680}]","[{'iso_3166_1': 'US', 'name': 'United States of America'}]",1999-09-07,0.0,96.0,"[{'iso_639_1': 'en', 'name': 'English'}]",Released,,Julien Donkey-Boy,False,7.1,27.0
False,"{'id': 122947, 'name': 'Omega Code Series', 'poster_path': None, 'backdrop_path': None}",0,"[{'id': 27, 'name': 'Horror'}, {'id': 53, 'name': 'Thriller'}]",,29064,tt0203408,en,The Omega Code,"In this spiritual thriller, an ancient prophecy is about to be fulfilled as a secret code brings the world to the edge of Apocalypse. Gillen Lane (Casper Van Dien) is a expert on theology and mythology who has gained international fame as a motivational speaker.",1.789046,/pw6IyFeuFXbxKecKq5dX8pB1uxs.jpg,"[{'name': 'Code Productions', 'id': 4897}]",[],1999-10-15,2400000.0,100.0,"[{'iso_639_1': 'en', 'name': 'English'}, {'iso_639_1': 'it', 'name': 'Italiano'}]",Released,,The Omega Code,False,4.4,17.0
False,,10000000,"[{'id': 18, 'name': 'Drama'}]",,404,tt0166896,en,The Straight Story,"""The Straight Story"" chronicles a trip made by 73-year-old Alvin Straight from Laurens, Iowa, to Mt. Zion, Wisconsin, in 1994 while riding a lawn mower. The man undertook his strange journey to mend his relationship with his ill, estranged, 75-year-old brother Lyle.",14.580995,/tT9cMiVDdtlcdZxOoFy3VRmEoKk.jpg,"[{'name': 'Walt Disney Pictures', 'id': 2}, {'name': 'Channel Four Films', 'id': 181}, {'name': 'Asymmetrical Productions', 'id': 373}, {'name': 'Les Films Alain Sarde', 'id': 635}, {'name': 'The Picture Factory', 'id': 637}, {'name': 'StudioCanal', 'id': 694}, {'name': 'Canal+', 'id': 5358}, {'name': 'CiBy 2000', 'id': 7832}, {'name': 'The Straight Story, Inc', 'id': 59423}]","[{'iso_3166_1': 'US', 'name': 'United States of America'}]",1999-10-15,0.0,112.0,"[{'iso_639_1': 'en', 'name': 'English'}]",Released,,The Straight Story,False,7.7,315.0
False,,0,"[{'id': 80, 'name': 'Crime'}, {'id': 18, 'name': 'Drama'}, {'id': 27, 'name': 'Horror'}, {'id': 53, 'name': 'Thriller'}]",,42196,tt0048977,en,The Bad Seed,"Young Rhoda Penmark is sweet, smart … and inherently evil! After a school chum dies during a picnic, no one suspects Rhoda, except the janitor of her apartment building. But when Rhoda's mother finds out that her own mother was a cold-blooded killer, she begins to suspect Rhoda might be the victim of some faulty genetics.",7.975238,/iAgSkpZslQ2s3onL9TaHbyWygtC.jpg,"[{'name': 'Warner Bros.', 'id': 6194}]","[{'iso_3166_1': 'US', 'name': 'United States of America'}]",1956-09-12,0.0,129.0,"[{'iso_639_1': 'en', 'name': 'English'}]",Released,A WOMAN'S SHAME...Out in the Open!,The Bad Seed,False,7.1,91.0
False,,5000000,"[{'id': 10751, 'name': 'Family'}, {'id': 14, 'name': 'Fantasy'}, {'id': 878, 'name': 'Science Fiction'}, {'id': 12, 'name': 'Adventure'}, {'id': 35, 'name': 'Comedy'}]",,36819,tt0081633,en,Time Bandits,"Young history buff Kevin can scarcely believe it when six dwarfs emerge from his closet one night. Former employees of the Supreme Being, they've purloined a map charting all of the holes in the fabric of time and are using it to steal treasures from different historical eras. Taking Kevin with them, they variously drop in on Napoleon, Robin Hood and King Agamemnon before the Supreme Being catches up with them.",9.841623,/4VZtpwdhHQSa4LUkvujyGAHb1hG.jpg,"[{'name': 'Handmade Films Ltd.', 'id': 146}]","[{'iso_3166_1': 'GB', 'name': 'United Kingdom'}]",1981-07-13,42365581.0,116.0,"[{'iso_639_1': 'en', 'name': 'English'}]",Released,All the dreams you've ever had and not just the good ones.,Time Bandits,False,6.6,255.0
False,,0,"[{'id': 18, 'name': 'Drama'}, {'id': 10749, 'name': 'Romance'}]",,42726,tt0061138,fr,Un Homme et une femme,"A man and a woman meet by accident on a Sunday evening at their childrens' boarding school. Slowly, they reveal themselves to each other, finding that each is a widow.",2.924112,/gqzc2QioT9cg3PhVVhuaHfw9Ayh.jpg,"[{'name': 'Les Films 13', 'id': 1742}]","[{'iso_3166_1': 'FR', 'name': 'France'}]",1966-01-01,0.0,102.0,"[{'iso_639_1': 'fr', 'name': 'Français'}]",Released,See It With Someone You Love!,A Man and a Woman,False,7.2,33.0
False,,7362000,"[{'id': 28, 'name': 'Action'}, {'id': 12, 'name': 'Adventure'}, {'id': 18, 'name': 'Drama'}]",,9343,tt0083946,de,Fitzcarraldo,"The story of Brian Sweeney Fitzgerald, an extremely determined man who intends to build an opera house in the middle of a jungle.",4.760938,/uovgR063sBxGHQWD8YzQm4WJX4.jpg,"[{'name': 'Werner Herzog Filmproduktion', 'id': 843}, {'name': 'Pro-ject Filmproduktion', 'id': 1448}, {'name': 'Zweites Deutsches Fernsehen (ZDF)', 'id': 4606}, {'name': 'Wildlife Films Peru', 'id': 8765}, {'name': 'Filmverlag der Autoren', 'id': 10869}]","[{'iso_3166_1': 'DE', 'name': 'Germany'}, {'iso_3166_1': 'PE', 'name': 'Peru'}]",1982-03-04,0.0,158.0,"[{'iso_639_1': 'de', 'name': 'Deutsch'}, {'iso_639_1': 'it', 'name': 'Italiano'}, {'iso_639_1': 'es', 'name': 'Español'}]",Released,,Fitzcarraldo,False,7.7,151.0
False,,0,"[{'id': 18, 'name': 'Drama'}, {'id': 10402, 'name': 'Music'}]",,16858,tt0078754,en,All That Jazz,"Bob Fosse's semi-autobiographical film celebrates show business stripped of glitz or giddy illusions. Joe Gideon (Roy Scheider) is at the top of the heap, one of the most successful directors and choreographers in musical theatre. But he can feel his world slowly collapsing around him--his obsession with work has almost destroyed his personal life, and only his bottles of pills keep him going.",5.632325,/x4ppWRGH3pfVmEsbNC8UhvZVswd.jpg,"[{'name': 'Twentieth Century Fox Film Corporation', 'id': 306}, {'name': 'Columbia Pictures Corporation', 'id': 441}]","[{'iso_3166_1': 'US', 'name': 'United States of America'}]",1979-12-20,37823676.0,123.0,"[{'iso_639_1': 'en', 'name': 'English'}]",Released,All that work. All that glitter. All that pain. All that love. All that crazy rhythm. All that jazz.,All That Jazz,False,7.3,88.0
False,,0,"[{'id': 18, 'name': 'Drama'}, {'id': 10752, 'name': 'War'}]",,42006,tt0093206,zh,Hong gao liang,"An old leper who owned a remote sorghum winery dies. Jiu'er, the wife bought by the leper, and her lover, identified only as ""my Grandpa"" by the narrator, take over the winery and set up an idealized quasi-matriarchal community headed by Jiu'er. When the Japanese invaders subject the area to their rule and cut down the sorghum to make way for a road, the community rises up and resists as the sorghum grows anew.",2.045228,/l6QuDcW5befV5EO70auXJ2VEezJ.jpg,"[{'name': ""Xi'an Film Studio"", 'id': 4582}]","[{'iso_3166_1': 'CN', 'name': 'China'}]",1987-01-01,0.0,91.0,"[{'iso_639_1': 'zh', 'name': '普通话'}]",Released,,Red Sorghum,False,7.0,36.0
False,,19000000,"[{'id': 35, 'name': 'Comedy'}, {'id': 18, 'name': 'Drama'}]",,11562,tt0097123,en,Crimes and Misdemeanors,"An ophthalmologist's mistress threatens to reveal their affair to his wife, while a married documentary filmmaker is infatuated by another woman.",6.645295,/8I7Dzaah4FD6PTUjwIFm4H6Md0U.jpg,"[{'name': 'Orion Pictures', 'id': 41}, {'name': 'Jack Rollins & Charles H. Joffe Productions', 'id': 13309}]","[{'iso_3166_1': 'US', 'name': 'United States of America'}]",1989-10-13,18254702.0,104.0,"[{'iso_639_1': 'en', 'name': 'English'}]",Released,A film about humanity.,Crimes and Misdemeanors,False,7.4,201.0
False,"{'id': 381396, 'name': 'Bats Collection', 'poster_path': None, 'backdrop_path': None}",0,"[{'id': 27, 'name': 'Horror'}, {'id': 53, 'name': 'Thriller'}]",,10496,tt0200469,en,Bats,Genetically mutated bats escape and it's up to a bat expert and the local sheriff to stop them.,2.584025,/5sR3GMWGnNrH1PLkxF7w2qRhJJa.jpg,"[{'name': 'Destination Films', 'id': 769}]","[{'iso_3166_1': 'US', 'name': 'United States of America'}]",1999-10-22,10.0,91.0,"[{'iso_639_1': 'en', 'name': 'English'}]",Released,They will suck you dry,Bats,False,4.1,35.0
False,"{'id': 243598, 'name': 'The Best Man Collection', 'poster_path': '/8bFCMCJ6rlOzkgVFk3v54Mmkbs9.jpg', 'backdrop_path': None}",9000000,"[{'id': 18, 'name': 'Drama'}, {'id': 35, 'name': 'Comedy'}]",http://www.universalpictures.com/bestman/,16162,tt0168501,en,The Best Man,"Harper, a writer who's about to explode into the mainstream leaves behind his girlfriend Robin and heads to New York City to serve as best man for his friend Lance's wedding. Once there, he reunites with the rest of his college circle.",5.055141,/aYjqXc6DohfynlfUNRHqiqWi4cL.jpg,"[{'name': 'Universal Pictures', 'id': 33}, {'name': '40 Acres & A Mule Filmworks', 'id': 4319}]","[{'iso_3166_1': 'US', 'name': 'United States of America'}]",1999-10-22,34573780.0,120.0,"[{'iso_639_1': 'en', 'name': 'English'}]",Released,,The Best Man,False,6.8,38.0
False,,32000000,"[{'id': 18, 'name': 'Drama'}]",,8649,tt0163988,en,Bringing Out the Dead,"48 hours in the life of a burnt-out paramedic. Once called Father Frank for his efforts to rescue lives, Frank sees the ghosts of those he failed to save around every turn. He has tried everything he can to get fired, calling in sick, delaying taking calls where he might have to face one more victim he couldn't help, yet cannot quit the job on his own.",8.825864,/2WFn1CMyGpaHpQSIEpW0DGOaJCS.jpg,"[{'name': 'Paramount Pictures', 'id': 4}, {'name': 'Touchstone Pictures', 'id': 9195}, {'name': 'De Fina-Cappa', 'id': 11584}]","[{'iso_3166_1': 'US', 'name': 'United States of America'}]",1999-10-22,0.0,121.0,"[{'iso_639_1': 'en', 'name': 'English'}]",Released,,Bringing Out the Dead,False,6.6,228.0
False,,0,"[{'id': 35, 'name': 'Comedy'}, {'id': 18, 'name': 'Drama'}]",,31306,tt0142201,en,Crazy in Alabama,An abused wife heads to California to become a movie star while her nephew back in Alabama has to deal with a racially-motivated murder involving a corrupt sheriff.,7.250842,/pomzJulFwRudsJUYWaPsmxSE9Ai.jpg,"[{'name': 'Columbia Pictures', 'id': 5}, {'name': 'Green Moon Productions', 'id': 4434}]","[{'iso_3166_1': 'US', 'name': 'United States of America'}]",1999-10-22,0.0,111.0,"[{'iso_639_1': 'en', 'name': 'English'}, {'iso_639_1': 'ru', 'name': 'Pусский'}]",Released,,Crazy in Alabama,False,6.5,13.0
False,,20000000,"[{'id': 35, 'name': 'Comedy'}, {'id': 10749, 'name': 'Romance'}]",,10563,tt0144640,en,Three to Tango,Oscar and Peter land a career-making opportunity when a Chicago tycoon chooses them to compete for the design of a cultural center. The tycoon mistakenly believes that Oscar is gay and has him spy on his mistress Amy. Oscar goes along with it and ends up falling in love with Amy.,5.594358,/3vNIyW1wR6UIybz2ChIv8sazk8b.jpg,"[{'name': 'Village Roadshow Pictures', 'id': 79}, {'name': 'Warner Bros.', 'id': 6194}]","[{'iso_3166_1': 'AU', 'name': 'Australia'}, {'iso_3166_1': 'US', 'name': 'United States of America'}]",1999-10-22,0.0,98.0,"[{'iso_639_1': 'en', 'name': 'English'}]",Released,All's fair in the war of love.,Three to Tango,False,5.4,63.0
False,,0,"[{'id': 18, 'name': 'Drama'}, {'id': 10749, 'name': 'Romance'}]",,14484,tt0172627,en,Body Shots,"The Los Angeles club scene is a place of booze-fueled decadence and debauchery. In a night full of possibilities, eight 20-somethings take to the clubs seeking good times, companionship and maybe a little sex. But in the harsh light of the morning after, their worlds are thrown into a spin of confusion when hungover Sara accuses hard-partying Mike of date rape. Loyalties are tested as each among them is forced to take sides.",4.607583,/c2o3Kai2vduoYmCcu5Yxzqc9tSr.jpg,"[{'name': 'New Line Cinema', 'id': 12}, {'name': 'Colomby/Keaton Productions', 'id': 20979}]","[{'iso_3166_1': 'US', 'name': 'United States of America'}]",1999-10-07,239894.0,106.0,"[{'iso_639_1': 'en', 'name': 'English'}]",Released,Tonight it's for sex. Tomorrow it's for real.,Body Shots,False,4.7,21.0
False,,0,"[{'id': 35, 'name': 'Comedy'}, {'id': 18, 'name': 'Drama'}]",,214735,tt0148462,en,Men Cry Bullets,"A young man wants to be a female impersonator, but gets mocked in his very first performance by a fierce older woman. He finds out where she lives and goes to her house expecting an apology. Instead, she locks him in her shed and rapes him. It makes him fall for her. But soon her even darker side reveals itself when she believes he is attracted to her more beautiful visiting cousin.",0.920469,/7vsMcRnkQPFKZRRHvqkNVYiesuq.jpg,"[{'name': 'id films', 'id': 16252}, {'name': 'leo films', 'id': 16253}]","[{'iso_3166_1': 'US', 'name': 'United States of America'}]",1998-10-08,2303.0,105.0,"[{'iso_639_1': 'en', 'name': 'English'}]",Released,No One Is Too Pretty to Die!,Men Cry Bullets,False,7.0,1.0
False,,0,"[{'id': 99, 'name': 'Documentary'}]",,94857,tt0072742,en,Brother Can You Spare A Dime,A nostalgic look back at the Great Depression with contemporary archival footage and film clips picturing James Cagney as an American Everyman.,0.037413,/cd5uuri4jGULfoGhZWkBcQIdUVg.jpg,"[{'name': 'Goodtimes Enterprises', 'id': 4597}]","[{'iso_3166_1': 'GB', 'name': 'United Kingdom'}]",1975-08-06,0.0,103.0,"[{'iso_639_1': 'en', 'name': 'English'}]",Released,,Brother Can You Spare A Dime,False,6.0,1.0
False,,0,"[{'id': 18, 'name': 'Drama'}, {'id': 27, 'name': 'Horror'}, {'id': 9648, 'name': 'Mystery'}, {'id': 53, 'name': 'Thriller'}]",,32043,tt0099710,en,The Guardian,The idyllic lives of Phil and Kate seem complete when they select the winsome young Camilla as a live-in nanny for their newborn child. But the lovely young Camilla s not what she appears to be.,7.444848,/yjJcKN50qUr8rCgDsaXkuGuc4Jp.jpg,"[{'name': 'Universal Pictures', 'id': 33}]","[{'iso_3166_1': 'US', 'name': 'United States of America'}]",1990-04-27,17037887.0,92.0,"[{'iso_639_1': 'en', 'name': 'English'}]",Released,"Tonight, while the world is asleep... an ancient evil is about to awaken.",The Guardian,False,5.3,32.0
False,"{'id': 89188, 'name': 'Harry Palmer Collection', 'poster_path': '/5ahb9zZaEqW4BqBoG2mKZNP1pXO.jpg', 'backdrop_path': '/zOeny02J2PgaZLSydAUDfHPVRVu.jpg'}",0,"[{'id': 53, 'name': 'Thriller'}]",,15247,tt0059319,en,The Ipcress File,"This espionage thriller represents a landmark in spy movies introducing the sly, dry intelligence agent Harry Palmer. The story, centers on Palmer's investigation into British Intelligence security. He's soon enmeshed in a world of double-dealing, kidnap and murder and finds a traitor is operating at the heart of the secret service. Will the mysterious 'Ipcress File' reveal who the traitor is?",7.336578,/8LSeZyyiqLb8UTBAJfSx69pVEZp.jpg,"[{'name': 'The Rank Organisation', 'id': 364}, {'name': 'Lowndes Productions Limited', 'id': 1802}, {'name': 'Steven S.A.', 'id': 14376}]","[{'iso_3166_1': 'GB', 'name': 'United Kingdom'}]",1965-03-18,0.0,109.0,"[{'iso_639_1': 'sq', 'name': 'shqip'}, {'iso_639_1': 'en', 'name': 'English'}]",Released,The spy story of the century.,The Ipcress File,False,6.8,84.0
False,"{'id': 391047, 'name': 'On Any Sunday Collection', 'poster_path': '/lyFw74vS95xGUq44yPbmGIgP8Xo.jpg', 'backdrop_path': '/bkjRchI1uUTXgkFiKVrGhtdLsQk.jpg'}",0,"[{'id': 99, 'name': 'Documentary'}]",,29251,tt0067527,en,On Any Sunday,"Documentary on motorcycle racing featuring stars of the sport, including film star Steve McQueen, a racer in his own right.",0.934156,/aBBx0SkkN40UiwA2PrF3DglUUY7.jpg,"[{'name': 'Monterey Films', 'id': 2403}, {'name': 'Bruce Brown Films', 'id': 13723}]","[{'iso_3166_1': 'US', 'name': 'United States of America'}]",1971-07-28,0.0,96.0,"[{'iso_639_1': 'en', 'name': 'English'}]",Released,Take a trip at 265 mph,On Any Sunday,False,6.9,7.0
False,"{'id': 5547, 'name': 'RoboCop Collection', 'poster_path': '/foJBQb9oEOH0mGh77tXyoxXCfzU.jpg', 'backdrop_path': '/azQScQWHpz5puIV4YeCcqgiT9Tn.jpg'}",13000000,"[{'id': 28, 'name': 'Action'}, {'id': 53, 'name': 'Thriller'}, {'id': 878, 'name': 'Science Fiction'}]",,5548,tt0093870,en,RoboCop,"In a violent, near-apocalyptic Detroit, evil corporation Omni Consumer Products wins a contract from the city government to privatize the police force. To test their crime-eradicating cyborgs, the company leads street cop Alex Murphy into an armed confrontation with crime lord Boddicker so they can use his body to support their untested RoboCop prototype. But when RoboCop learns of the company's nefarious plans, he turns on his masters.",13.485583,/gtGreTdzYBuQsEwTliEFdTzPleV.jpg,"[{'name': 'Orion Pictures', 'id': 41}]","[{'iso_3166_1': 'US', 'name': 'United States of America'}]",1987-07-17,53000000.0,102.0,"[{'iso_639_1': 'en', 'name': 'English'}]",Released,Part man. Part machine. All cop. The future of law enforcement.,RoboCop,False,7.1,1494.0
False,"{'id': 5547, 'name': 'RoboCop Collection', 'poster_path': '/foJBQb9oEOH0mGh77tXyoxXCfzU.jpg', 'backdrop_path': '/azQScQWHpz5puIV4YeCcqgiT9Tn.jpg'}",35000000,"[{'id': 28, 'name': 'Action'}, {'id': 12, 'name': 'Adventure'}, {'id': 80, 'name': 'Crime'}, {'id': 878, 'name': 'Science Fiction'}, {'id': 53, 'name': 'Thriller'}]",,5549,tt0100502,en,RoboCop 2,"After a successful deployment of the Robocop Law Enforcement unit, OCP sees its goal of urban pacification come closer and closer, but as this develops, a new narcotic known as ""Nuke"" invades the streets led by God-delirious leader Cane. As this menace grows, it may prove to be too much for Murphy to handle. OCP tries to replicate the success of the first unit, but ends up with failed prototypes with suicidal issues... until Dr. Faxx, a scientist straying away from OCP's path, uses Cane as the new subject for the Robocop 2 project, a living God.",10.969876,/uJRmNEKXmpX1OSOP5u67MlSbfNx.jpg,"[{'name': 'Orion Pictures', 'id': 41}]","[{'iso_3166_1': 'US', 'name': 'United States of America'}]",1990-06-22,45681173.0,117.0,"[{'iso_639_1': 'en', 'name': 'English'}]",Released,He's back to protect the innocent.,RoboCop 2,False,5.6,498.0
False,,70000000,"[{'id': 14, 'name': 'Fantasy'}, {'id': 16, 'name': 'Animation'}, {'id': 35, 'name': 'Comedy'}, {'id': 80, 'name': 'Crime'}, {'id': 10751, 'name': 'Family'}]",,856,tt0096438,en,Who Framed Roger Rabbit,"'Toon star Roger is worried that his wife Jessica is playing pattycake with someone else, so the studio hires detective Eddie Valiant to snoop on her. But the stakes are quickly raised when Marvin Acme is found dead and Roger is the prime suspect.",16.78596,/lYfRc57Kx9VgLZ48iulu0HKnM15.jpg,"[{'name': 'Amblin Entertainment', 'id': 56}, {'name': 'Silver Screen Partners III', 'id': 554}, {'name': 'Touchstone Pictures', 'id': 9195}, {'name': 'Walt Disney Feature Animation', 'id': 10217}]","[{'iso_3166_1': 'US', 'name': 'United States of America'}]",1988-06-21,329803958.0,104.0,"[{'iso_639_1': 'en', 'name': 'English'}]",Released,"It's the story of a man, a woman, and a rabbit in a triangle of trouble.",Who Framed Roger Rabbit,False,7.2,1466.0
False,,0,"[{'id': 35, 'name': 'Comedy'}, {'id': 18, 'name': 'Drama'}]",,38772,tt0081150,en,Melvin and Howard,"The story of hard-luck Melvin Dummar, who claimed to have received a will naming him an heir to the fortune of Howard Hughes.",6.737435,/gpPeYelaljgZ3HVJcjfTvwVTPca.jpg,"[{'name': 'Universal Pictures', 'id': 33}]","[{'iso_3166_1': 'US', 'name': 'United States of America'}]",1980-09-19,0.0,95.0,"[{'iso_639_1': 'en', 'name': 'English'}]",Released,"Poor Melvin. All he wanted was to be Milkman of the Month. Instead, he lost his job, his truck, and his wife. Then Howard Hughes left him $156,000,000.",Melvin and Howard,False,6.8,18.0
False,"{'id': 645, 'name': 'James Bond Collection', 'poster_path': '/HORpg5CSkmeQlAolx3bKMrKgfi.jpg', 'backdrop_path': '/6VcVl48kNKvdXOZfJPdarlUGOsk.jpg'}",28000000,"[{'id': 12, 'name': 'Adventure'}, {'id': 28, 'name': 'Action'}, {'id': 53, 'name': 'Thriller'}]",http://www.mgm.com/view/movie/695/For-Your-Eyes-Only/,699,tt0082398,en,For Your Eyes Only,A British spy ship has sunk and on board was a hi-tech encryption device. James Bond is sent to find the device that holds British launching instructions before the enemy Soviets get to it first.,9.765123,/vpZZZ2eq8z4I6PSeGxR2UWNciGG.jpg,"[{'name': 'United Artists', 'id': 60}, {'name': 'Eon Productions', 'id': 7576}]","[{'iso_3166_1': 'GB', 'name': 'United Kingdom'}, {'iso_3166_1': 'US', 'name': 'United States of America'}]",1981-06-23,195312802.0,127.0,"[{'iso_639_1': 'el', 'name': 'ελληνικά'}, {'iso_639_1': 'en', 'name': 'English'}, {'iso_639_1': 'it', 'name': 'Italiano'}]",Released,"No one comes close to James Bond, 007.",For Your Eyes Only,False,6.3,497.0
False,"{'id': 645, 'name': 'James Bond Collection', 'poster_path': '/HORpg5CSkmeQlAolx3bKMrKgfi.jpg', 'backdrop_path': '/6VcVl48kNKvdXOZfJPdarlUGOsk.jpg'}",32000000,"[{'id': 12, 'name': 'Adventure'}, {'id': 28, 'name': 'Action'}, {'id': 53, 'name': 'Thriller'}]",http://www.mgm.com/view/movie/1111/License-to-Kill/,709,tt0097742,en,Licence to Kill,James Bond and his American colleague Felix Leiter arrest the drug lord Sanchez who succeeds in escaping and takes revenge on Felix and his wife. Bond knows but just one thing: revenge.,11.137888,/27EySoBH3oBuI6xat2QOquB9X8j.jpg,"[{'name': 'Eon Productions', 'id': 7576}]","[{'iso_3166_1': 'GB', 'name': 'United Kingdom'}, {'iso_3166_1': 'US', 'name': 'United States of America'}]",1989-07-07,156167015.0,133.0,"[{'iso_639_1': 'en', 'name': 'English'}, {'iso_639_1': 'es', 'name': 'Español'}]",Released,His bad side is a dangerous place to be.,Licence to Kill,False,5.9,549.0
False,"{'id': 645, 'name': 'James Bond Collection', 'poster_path': '/HORpg5CSkmeQlAolx3bKMrKgfi.jpg', 'backdrop_path': '/6VcVl48kNKvdXOZfJPdarlUGOsk.jpg'}",7000000,"[{'id': 12, 'name': 'Adventure'}, {'id': 28, 'name': 'Action'}, {'id': 53, 'name': 'Thriller'}]",http://www.mgm.com/view/movie/1130/Live-and-Let-Die/,253,tt0070328,en,Live and Let Die,James Bond must investigate a mysterious murder case of a British agent in New Orleans. Soon he finds himself up against a gangster boss named Mr. Big.,9.773768,/p34OScaro2KdISrT4EMfeh1aS0E.jpg,"[{'name': 'United Artists', 'id': 60}, {'name': 'Eon Productions', 'id': 7576}, {'name': 'Danjaq', 'id': 10761}]","[{'iso_3166_1': 'GB', 'name': 'United Kingdom'}]",1973-07-05,161777836.0,121.0,"[{'iso_639_1': 'en', 'name': 'English'}, {'iso_639_1': 'hu', 'name': 'Magyar'}]",Released,Roger Moore is James Bond.,Live and Let Die,False,6.4,540.0
False,,0,"[{'id': 27, 'name': 'Horror'}]",,13511,tt0091829,fr,Rawhead Rex,"Ireland will never be the same after Rawhead Rex, a particularly nasty demon, is released from his underground prison by an unwitting farmer. The film follows Rex's cross country rampage, while a man struggles to stop it.",3.497943,/mbubQaGA52dsx3zsRA45NXZe34y.jpg,[],"[{'iso_3166_1': 'IE', 'name': 'Ireland'}, {'iso_3166_1': 'GB', 'name': 'United Kingdom'}]",1986-10-01,0.0,89.0,"[{'iso_639_1': 'en', 'name': 'English'}]",Released,"He's pure evil, pure power, pure terror",Rawhead Rex,False,4.8,30.0
False,"{'id': 645, 'name': 'James Bond Collection', 'poster_path': '/HORpg5CSkmeQlAolx3bKMrKgfi.jpg', 'backdrop_path': '/6VcVl48kNKvdXOZfJPdarlUGOsk.jpg'}",5500000,"[{'id': 12, 'name': 'Adventure'}, {'id': 28, 'name': 'Action'}, {'id': 53, 'name': 'Thriller'}]",http://www.mgm.com/view/movie/2009/Thunderball/,660,tt0059800,en,Thunderball,A criminal organization has obtained two nuclear bombs and are asking for a 100 million pound ransom in the form of diamonds in seven days or they will use the weapons. The secret service sends James Bond to the Bahamas to once again save the world.,10.517835,/sASN1VnJxWosdzp4mH40P47Xhhz.jpg,"[{'name': 'Eon Productions', 'id': 7576}, {'name': 'Metro-Goldwyn-Mayer (MGM)', 'id': 8411}]","[{'iso_3166_1': 'BS', 'name': 'Bahamas'}, {'iso_3166_1': 'FR', 'name': 'France'}, {'iso_3166_1': 'GB', 'name': 'United Kingdom'}, {'iso_3166_1': 'US', 'name': 'United States of America'}]",1965-12-16,141195658.0,130.0,"[{'iso_639_1': 'en', 'name': 'English'}, {'iso_639_1': 'fr', 'name': 'Français'}]",Released,Look up!  Look down!  Look out!,Thunderball,False,6.5,572.0
False,,0,"[{'id': 18, 'name': 'Drama'}]",,46798,tt0168589,en,La ciudad,The stories of four Hispanic immigrants living in New York City.,0.467303,/abBdx8J84KbkGGE7PxBoXQ2onUS.jpg,[],"[{'iso_3166_1': 'US', 'name': 'United States of America'}]",1999-10-22,0.0,88.0,"[{'iso_639_1': 'en', 'name': 'English'}, {'iso_639_1': 'es', 'name': 'Español'}, {'iso_639_1': 'ko', 'name': '한국어/조선말'}]",Released,,The City,False,7.6,9.0
False,"{'id': 248339, 'name': 'House on Haunted Hill Collection', 'poster_path': '/caGBw1s6C1Fxl8We4fDTmhBnJNk.jpg', 'backdrop_path': '/zDPoIqkC0SGWCQrcKyJpZJZEF1E.jpg'}",19000000,"[{'id': 27, 'name': 'Horror'}, {'id': 9648, 'name': 'Mystery'}, {'id': 53, 'name': 'Thriller'}]",,11377,tt0185371,en,House on Haunted Hill,"A remake of the 1959 film of the same name. A millionaire offers a group of diverse people $1,000,000 to spend the night in a haunted house with a horrifying past.",10.187278,/yedchBbI23FgDjWP1tvahOZgiks.jpg,"[{'name': 'Dark Castle Entertainment', 'id': 1786}, {'name': 'Warner Bros.', 'id': 6194}]","[{'iso_3166_1': 'US', 'name': 'United States of America'}]",1999-10-29,40846082.0,93.0,"[{'iso_639_1': 'en', 'name': 'English'}]",Released,Evil loves to party.,House on Haunted Hill,False,5.5,211.0
False,,27000000,"[{'id': 18, 'name': 'Drama'}]",,26149,tt0166943,en,Music of the Heart,Story of a schoolteacher's struggle to teach violin to inner-city Harlem kids.,3.104943,/3r5Uz1ESQJnS8IwDERLphYPnVTo.jpg,"[{'name': 'Craven-Maddalena Films', 'id': 1600}, {'name': 'Miramax', 'id': 53009}]","[{'iso_3166_1': 'US', 'name': 'United States of America'}]",1999-10-29,14859394.0,124.0,"[{'iso_639_1': 'en', 'name': 'English'}, {'iso_639_1': 'es', 'name': 'Español'}]",Released,She gave them a gift they could never imagine. They gave the system a fight it would never forget.,Music of the Heart,False,6.3,49.0
False,,13000000,"[{'id': 14, 'name': 'Fantasy'}, {'id': 18, 'name': 'Drama'}, {'id': 35, 'name': 'Comedy'}]",,492,tt0120601,en,Being John Malkovich,"Spike Jonze’s debut feature film is a love story mix of comedy and fantasy. The story is about an unsuccessful puppeteer named Craig, who one day at work finds a portal into the head of actor John Malkovich. The portal soon becomes a passion for anybody who enters it’s mad and controlling world of overtaking another human body.",11.416319,/gLhl4MBEC6yHTInwV7TxV1D3FLp.jpg,"[{'name': 'Gramercy Pictures', 'id': 37}, {'name': 'Propaganda Films', 'id': 278}, {'name': 'Single Cell Pictures', 'id': 279}]","[{'iso_3166_1': 'US', 'name': 'United States of America'}]",1999-09-30,22863596.0,112.0,"[{'iso_639_1': 'en', 'name': 'English'}, {'iso_639_1': 'fr', 'name': 'Français'}]",Released,Ever wanted to be someone else? Now you can.,Being John Malkovich,False,7.3,1124.0
False,,2000000,"[{'id': 10749, 'name': 'Romance'}, {'id': 18, 'name': 'Drama'}]",,108346,tt0144178,en,Dreaming of Joseph Lees,"Set in rural England in the 1950s Eva (Samantha Morton) fantasises about her handsome, worldly cousin Joseph Lees (Rupert Graves), with whom she fell in love as a girl. However, stuck in a closed community she becomes the object of someone else's fantasy, Harry (Lee Ross). When Harry learns that Eva is planning to leave the village in order to live with and look after the injured Lees, he devises a gruesome scheme in order to force her to stay and look after him.",1.241349,/5l68j63lCPjBuy5Hvmi7RH8fvHq.jpg,"[{'name': 'Fox Entertainment Group', 'id': 85721}]","[{'iso_3166_1': 'GB', 'name': 'United Kingdom'}, {'iso_3166_1': 'US', 'name': 'United States of America'}]",1999-10-29,7.0,92.0,"[{'iso_639_1': 'en', 'name': 'English'}]",Released,,Dreaming of Joseph Lees,False,6.0,2.0
False,,0,"[{'id': 10749, 'name': 'Romance'}, {'id': 35, 'name': 'Comedy'}]",,98480,tt0138537,en,Man Of The Century,"Fantasy-comedy about a young man who lives as if it is 1928 or so, and his encounters with modern-day women and modern-day criminals.",0.007829,/JlFXTNSb9OSxg9GYBC3VbWhMIw.jpg,"[{'name': 'Jubilee Pictures Corporation', 'id': 4214}, {'name': 'Sun-Telegram Pictures', 'id': 91425}]","[{'iso_3166_1': 'US', 'name': 'United States of America'}]",1999-10-29,33031.0,80.0,"[{'iso_639_1': 'en', 'name': 'English'}]",Released,He's Yesterday's Answer To Today's World.,Man Of The Century,False,0.0,0.0
False,,26500000,"[{'id': 12, 'name': 'Adventure'}, {'id': 14, 'name': 'Fantasy'}, {'id': 16, 'name': 'Animation'}]",,128,tt0119698,ja,もののけ姫,"Ashitaka, a prince of the disappearing Ainu tribe, is cursed by a demonized boar god and must journey to the west to find a cure. Along the way, he encounters San, a young human woman fighting to protect the forest, and Lady Eboshi, who is trying to destroy it. Ashitaka must find a way to bring balance to this conflict.",17.166725,/gzlJkVfWV5VEG5xK25cvFGJgkDz.jpg,"[{'name': 'Miramax Films', 'id': 14}, {'name': 'Studio Ghibli', 'id': 10342}, {'name': 'Nibariki', 'id': 12516}, {'name': 'Nippon Television Network (NTV)', 'id': 20192}]","[{'iso_3166_1': 'JP', 'name': 'Japan'}]",1997-07-12,159375308.0,134.0,"[{'iso_639_1': 'ja', 'name': '日本語'}]",Released,The Fate Of The World Rests On The Courage Of One Warrior.,Princess Mononoke,False,8.2,2041.0
False,,0,"[{'id': 35, 'name': 'Comedy'}, {'id': 18, 'name': 'Drama'}]",,46286,tt0157075,en,The Suburbans,"An 80s one-hit wonder band named The Suburbans reform for a special performance at one of the ex-member's wedding. At the wedding, a young record company talent scout happens to be in the audience and decides to give the now 40-ish performers a comeback push. The film attempts to take a satirical look at the music business of the 90s and compare it to the simpler 80s scene.",1.73986,/5JAJD3W9LqMwtIAnwKEQNLluVFA.jpg,"[{'name': 'Ignite Entertainment', 'id': 4131}, {'name': 'HSX Films', 'id': 4714}, {'name': 'Motion Picture Corporation of America (MPCA)', 'id': 11061}, {'name': 'Suburbans LLC', 'id': 30393}]","[{'iso_3166_1': 'US', 'name': 'United States of America'}]",1999-10-29,0.0,81.0,"[{'iso_639_1': 'en', 'name': 'English'}]",Released,Never before has a girl done so much with so little.,The Suburbans,False,4.0,11.0
False,,0,"[{'id': 99, 'name': 'Documentary'}]",,8672,tt0200849,de,Mein liebster Feind,A look at the tumultuous yet productive relationship between German director Werner Herzog and actor Klaus Kinski.,1.807445,/er7Wm2jVimx1Bop38GLSD99i4TG.jpg,"[{'name': 'Arte', 'id': 201}, {'name': 'Filmstiftung Nordrhein-Westfalen', 'id': 315}, {'name': 'Werner Herzog Filmproduktion', 'id': 843}, {'name': 'Bayrischer Rundfunk', 'id': 2473}, {'name': 'Cafe Productions', 'id': 2474}, {'name': 'Zephir Film', 'id': 2475}, {'name': 'British Broadcasting Corporation (BBC)', 'id': 3324}, {'name': 'Yleisradio (YLE)', 'id': 5975}, {'name': 'Westdeutscher Rundfunk (WDR)', 'id': 7025}, {'name': 'Independent Film Channel (IFC)', 'id': 8857}]","[{'iso_3166_1': 'DE', 'name': 'Germany'}, {'iso_3166_1': 'GB', 'name': 'United Kingdom'}, {'iso_3166_1': 'FI', 'name': 'Finland'}, {'iso_3166_1': 'US', 'name': 'United States of America'}]",1999-05-17,0.0,95.0,"[{'iso_639_1': 'de', 'name': 'Deutsch'}, {'iso_639_1': 'en', 'name': 'English'}, {'iso_639_1': 'es', 'name': 'Español'}]",Released,,My Best Fiend,False,7.6,45.0
False,,154790,"[{'id': 18, 'name': 'Drama'}, {'id': 35, 'name': 'Comedy'}, {'id': 10752, 'name': 'War'}]",,8056,tt0170705,fr,Train de vie,"In 1941, the inhabitants of a small Jewish village in Central Europe organize a fake deportation train so that they can escape the Nazis and flee to Palestine.",3.040512,/ziMr7tTwe7eop2XqaNPWlTg6C9E.jpg,"[{'name': 'Canal Plus', 'id': 104}, {'name': 'Centre National de la Cinématographie', 'id': 310}]","[{'iso_3166_1': 'BE', 'name': 'Belgium'}, {'iso_3166_1': 'DE', 'name': 'Germany'}, {'iso_3166_1': 'FR', 'name': 'France'}, {'iso_3166_1': 'IL', 'name': 'Israel'}, {'iso_3166_1': 'NL', 'name': 'Netherlands'}, {'iso_3166_1': 'RO', 'name': 'Romania'}]",1998-09-16,0.0,103.0,"[{'iso_639_1': 'fr', 'name': 'Français'}, {'iso_639_1': 'de', 'name': 'Deutsch'}]",Released,,Train of Life,False,7.4,48.0
False,,51000000,"[{'id': 35, 'name': 'Comedy'}]",,2020,tt0120596,en,The Bachelor,"Jimmie is seeing his single friends get married one by one. He isn't too worried until his girlfriend Anne catches the bouquet at his friend Marco's wedding. Suddenly, his wild mustang days are numbered. He finally decides to propose to her, but he sticks his foot in his mouth and botches the proposal. Being insulted by the defeatist proposal, Anne leaves town on an assignment. After she's gone, he finds out that his recently-deceased grandfather's will stipulates that he gets nothing of a multi-million dollar fortune unless he's married by 6:05pm on his 30th birthday: tomorrow! Not being able to find Anne, Jimmie begins backtracking through his past girlfriends to find a wife.",5.061725,/oVF3m29gJRI59VVtBTLiTsWU5cp.jpg,"[{'name': 'New Line Cinema', 'id': 12}, {'name': 'George Street Pictures', 'id': 872}, {'name': 'The Lloyd Segan Company', 'id': 873}]","[{'iso_3166_1': 'US', 'name': 'United States of America'}]",1999-11-05,36911617.0,101.0,"[{'iso_639_1': 'en', 'name': 'English'}]",Released,One thousand brides. One hundred million dollars. Jimmie Shannon is about to discover the true value of love.,The Bachelor,False,4.5,84.0
False,,73000000,"[{'id': 18, 'name': 'Drama'}, {'id': 9648, 'name': 'Mystery'}, {'id': 53, 'name': 'Thriller'}, {'id': 80, 'name': 'Crime'}]",,9481,tt0145681,en,The Bone Collector,"Rookie cop, Amelia Donaghy reluctantly teams with Lincoln Rhyme – formerly the department's top homicide detective but now paralyzed as a result of a spinal injury – to catch a grisly serial killer dubbed 'The Bone Collector'. The murderer's special signature is to leave tantalizing clues based on the grim remains of his crimes.",8.884406,/dCTuPRukbDs3mOSx9SD0PCMRd2g.jpg,"[{'name': 'Universal Pictures', 'id': 33}, {'name': 'Columbia Pictures Corporation', 'id': 441}]","[{'iso_3166_1': 'US', 'name': 'United States of America'}]",1999-11-04,151493655.0,118.0,"[{'iso_639_1': 'en', 'name': 'English'}]",Released,Serial killer vs. forensic genius,The Bone Collector,False,6.5,843.0
False,,90000000,"[{'id': 18, 'name': 'Drama'}, {'id': 53, 'name': 'Thriller'}]",,9008,tt0140352,en,The Insider,"Tells the true story of a 60 Minutes television series exposé of the tobacco industry, as seen through the eyes of a real tobacco executive, Jeffrey Wigand",11.3569,/sYQsmMl4oG56NtFaNkDxuJhhODa.jpg,"[{'name': 'Spyglass Entertainment', 'id': 158}, {'name': 'Forward Pass', 'id': 675}, {'name': 'Kaitz Productions', 'id': 8758}, {'name': 'Mann/Roth Productions', 'id': 8759}, {'name': 'Touchstone Pictures', 'id': 9195}]","[{'iso_3166_1': 'US', 'name': 'United States of America'}]",1999-10-28,60289912.0,157.0,"[{'iso_639_1': 'ar', 'name': 'العربية'}, {'iso_639_1': 'en', 'name': 'English'}, {'iso_639_1': 'ja', 'name': '日本語'}, {'iso_639_1': 'fa', 'name': 'فارسی'}]",Released,Two men driven to tell the truth... whatever the cost.,The Insider,False,7.3,489.0
False,,0,"[{'id': 99, 'name': 'Documentary'}]",,14242,tt0181288,en,American Movie,"AMERICAN MOVIE is the story of filmmaker Mark Borchardt, his mission, and his dream. Spanning over two years of intense struggle with his film, his family, financial decline, and spiritual crisis, AMERICAN MOVIE is a portrayal of ambition, obsession, excess, and one man's quest for the American Dream.",5.964323,/y8dJgWr1HeW0RRxwANDWvgIXdsF.jpg,"[{'name': 'Civilian Pictures', 'id': 62136}, {'name': 'Bluemark Productions', 'id': 62137}, {'name': 'C-Hundred Film Corporation', 'id': 62138}]","[{'iso_3166_1': 'US', 'name': 'United States of America'}]",1999-11-05,0.0,107.0,"[{'iso_639_1': 'en', 'name': 'English'}]",Released,,American Movie,False,7.7,57.0
False,,0,"[{'id': 10749, 'name': 'Romance'}, {'id': 18, 'name': 'Drama'}, {'id': 878, 'name': 'Science Fiction'}]",,16129,tt0156729,en,Last Night,"Various citizens of Toronto anxiously await the end of the world, which is occurring at the stroke of midnight on New Year's Day. While widower Patrick Wheeler braces for his fate, he meets Sandra, the wife of a businessman who is intent on committing suicide. Meanwhile, Patrick's friend Craig decides to have as much sex as he can while there is still time.",5.466969,/AgzRrFjp2sUrsDtPSkaJzRHMSy5.jpg,"[{'name': 'Cineplex', 'id': 3141}]","[{'iso_3166_1': 'CA', 'name': 'Canada'}]",1998-10-23,0.0,95.0,"[{'iso_639_1': 'en', 'name': 'English'}]",Released,It's not the end of the world... there's still six hours left.,Last Night,False,7.0,41.0
False,,0,"[{'id': 18, 'name': 'Drama'}, {'id': 35, 'name': 'Comedy'}]",,104103,tt0117365,fr,Portraits Chinois,"Ada and Lise are both costume designers, the first is around 20, the other around 30. Both are working hard on their break through. There are also jobs for the movies. This is where Lise meets producer Alphonse, who is nearly 20 years older than she. Because he is unhappy with his girlfriend a secret relationship evolves. Ada has problems as well, but she's not the only one. There are also the young Emma and Nina, as well as Yves and Guido - enough people to get into complicated relationship entanglements.",0.127894,/dlRkBu3ANPbDYaRa4wx8wKLZ3z5.jpg,[],"[{'iso_3166_1': 'FR', 'name': 'France'}]",1996-09-12,0.0,111.0,"[{'iso_639_1': 'fr', 'name': 'Français'}]",Released,,Portraits Chinois,False,7.5,2.0
False,,0,"[{'id': 18, 'name': 'Drama'}]",,11489,tt0200071,fr,Rosetta,"Young and impulsive Rosetta lives with her alcoholic mother and, moved by despair, she will do anything to maintain a job.",2.730118,/6E4fxUZh7Jw4auYyI6nTTsqtMEs.jpg,"[{'name': 'ARP Sélection', 'id': 189}, {'name': 'Canal+', 'id': 5358}, {'name': 'Centre National de la Cinématographie (CNC)', 'id': 18367}]","[{'iso_3166_1': 'FR', 'name': 'France'}, {'iso_3166_1': 'BE', 'name': 'Belgium'}]",1999-05-23,266665.0,95.0,"[{'iso_639_1': 'fr', 'name': 'Français'}, {'iso_639_1': 'de', 'name': 'Deutsch'}]",Released,,Rosetta,False,7.2,52.0
False,,0,"[{'id': 18, 'name': 'Drama'}]",,28145,tt0065088,en,"They Shoot Horses, Don't They?",Desperate characters stake their fortune on a Depression-era dance marathon.,4.904915,/4VtS9rHREjuzDZAiegZlqwj7rRv.jpg,"[{'name': 'American Broadcasting Company (ABC)', 'id': 3065}, {'name': 'Palomar Pictures (I)', 'id': 29363}]","[{'iso_3166_1': 'US', 'name': 'United States of America'}]",1969-12-10,0.0,129.0,"[{'iso_639_1': 'en', 'name': 'English'}]",Released,People are the ultimate spectacle.,"They Shoot Horses, Don't They?",False,7.4,51.0
False,,0,"[{'id': 18, 'name': 'Drama'}, {'id': 35, 'name': 'Comedy'}]",,51371,tt0016630,en,Battling Butler,"Alfred's father feels his son has grown up too comfortably and as a result has not become what a man should be. To remedy this predicament he sends his son Alfred off on a hunting trip. On the trip, in the midst of many follies brought on by his inexperience with the outdoors, he meets a young mountain girl and falls in love with her. Alfred's butler, who has accompanied him on the outing, is sent to arrange the marriage with the girl's father, who thinks Alfred is too weak to become a member of the family. In an attempt to change the father's mind, the butler tells the girl's father and brother that Alfred is actually Alfred ""Battling"" Butler, a professional boxer. The deception works and a wedding is arranged. Comic mischief ensues as Alfred and his butler attempt to make their newly fabricated story seem plausible to the family of his new bride.",1.09569,/7MVdo4OyzIcwycN58J9n855ggoS.jpg,"[{'name': 'Buster Keaton Productions', 'id': 12190}]","[{'iso_3166_1': 'US', 'name': 'United States of America'}]",1926-09-19,0.0,77.0,"[{'iso_639_1': 'en', 'name': 'English'}]",Released,,Battling Butler,False,5.7,13.0
False,"{'id': 98036, 'name': 'Re-Animator Collection', 'poster_path': '/j1v4JQUVwCDH2KKJGjFeShXp2JT.jpg', 'backdrop_path': '/keGIwkLEaN2iBUPnXvqGbbNOVbq.jpg'}",2000000,"[{'id': 35, 'name': 'Comedy'}, {'id': 27, 'name': 'Horror'}, {'id': 878, 'name': 'Science Fiction'}]",http://www.re-animatorfilms.com/BrideRe-Animator.html,18111,tt0099180,en,Bride of Re-Animator,"Herbert West once again revives the dead. This time, he brings Dan's ex-girlfriend's heart back inside a 'perfect' body. Dr. Hill returns as the evil nemesis who lost his head.",8.244989,/l3cf2OQdozsvr2dk30QQrVvtPcW.jpg,"[{'name': 'Wild Street Pictures', 'id': 4065}]","[{'iso_3166_1': 'US', 'name': 'United States of America'}]",1989-10-01,0.0,96.0,"[{'iso_639_1': 'en', 'name': 'English'}]",Released,Date. Mate. Re-animate.,Bride of Re-Animator,False,6.1,70.0
False,,0,"[{'id': 12, 'name': 'Adventure'}, {'id': 35, 'name': 'Comedy'}]",,31361,tt0082121,en,Bustin' Loose,"After ex-con Joe Braxton violates his probation he is given a second chance, all he has to do is drive a group of special kids across the country. What could possibly go wrong?",1.527771,/2i36PR2gazJXhs03SlsD9NpRMZG.jpg,"[{'name': 'Universal Pictures', 'id': 33}, {'name': 'Richard Pryor Productions', 'id': 18205}]","[{'iso_3166_1': 'US', 'name': 'United States of America'}]",1981-05-22,0.0,94.0,"[{'iso_639_1': 'en', 'name': 'English'}, {'iso_639_1': 'de', 'name': 'Deutsch'}]",Released,"He's mad, he's bad, and he's Bustin' Loose!",Bustin' Loose,False,5.7,15.0
False,,0,"[{'id': 53, 'name': 'Thriller'}, {'id': 9648, 'name': 'Mystery'}, {'id': 18, 'name': 'Drama'}]",,11223,tt0077355,en,Coma,A young woman doctor discovers something sinister going on in her hospital. Relatively healthy patients are having 'complications' during simple operations and ending up in comas. The patients are then shipped off to an institute that looks after them. The young doctor suspects there is more to this than meets the eye.,5.617866,/wXhYCwf7yhnvlJxhl8nIcSWb4Aw.jpg,"[{'name': 'Metro-Goldwyn-Mayer (MGM)', 'id': 8411}]","[{'iso_3166_1': 'US', 'name': 'United States of America'}]",1978-01-06,0.0,113.0,"[{'iso_639_1': 'en', 'name': 'English'}]",Released,Imagine your life hangs by a thread. Imagine your body hangs by a wire. Imagine you're not imagining.,Coma,False,6.4,88.0
False,"{'id': 107725, 'name': 'Creepshow Collection', 'poster_path': '/wvoSFYgc36Zz2j8eDvysKDW1FZ.jpg', 'backdrop_path': '/yGxQgs3qBfmKk7VKT8VfyLKkA1I.jpg'}",8000000,"[{'id': 27, 'name': 'Horror'}, {'id': 35, 'name': 'Comedy'}, {'id': 14, 'name': 'Fantasy'}]",,16281,tt0083767,en,Creepshow,"Inspired by the E.C. comics of the 1950s, George A.Romero and Stephen King bring five tales of terror to the screen.",10.434018,/hgKeTL416BPzLZntcsD1k7mNFRN.jpg,"[{'name': 'Warner Bros.', 'id': 6194}, {'name': 'Creepshow Films Inc.', 'id': 14179}, {'name': 'Laurel Entertainment Inc.', 'id': 14180}]","[{'iso_3166_1': 'US', 'name': 'United States of America'}]",1982-11-12,21028755.0,120.0,"[{'iso_639_1': 'en', 'name': 'English'}, {'iso_639_1': 'it', 'name': 'Italiano'}]",Released,The Most Fun You'll Ever Have... BEING SCARED!,Creepshow,False,6.7,228.0
False,"{'id': 107725, 'name': 'Creepshow Collection', 'poster_path': '/wvoSFYgc36Zz2j8eDvysKDW1FZ.jpg', 'backdrop_path': '/yGxQgs3qBfmKk7VKT8VfyLKkA1I.jpg'}",3500000,"[{'id': 27, 'name': 'Horror'}]",,16288,tt0092796,en,Creepshow 2,"EC Comics-inspired weirdness returns with three tales. In the first, a wooden statue of a Native American comes to life...to exact vengeance on the murderer of his elderly owners. In the second, four teens are stranded on a raft on a lake with a blob that is hungry. And in the third, a hit and run woman is terrorized by the hitchhiker she accidentally killed...or did she really kill him?",9.330087,/qxJWtBb89RaSRgLuz1d6ZuFTfVG.jpg,"[{'name': 'New World Pictures', 'id': 1950}, {'name': 'Laurel Entertainment Inc.', 'id': 14180}]","[{'iso_3166_1': 'US', 'name': 'United States of America'}]",1987-05-01,14000000.0,92.0,"[{'iso_639_1': 'en', 'name': 'English'}]",Released,"When the curtain goes up, the terror begins.",Creepshow 2,False,5.9,133.0
False,"{'id': 98036, 'name': 'Re-Animator Collection', 'poster_path': '/j1v4JQUVwCDH2KKJGjFeShXp2JT.jpg', 'backdrop_path': '/keGIwkLEaN2iBUPnXvqGbbNOVbq.jpg'}",900000,"[{'id': 878, 'name': 'Science Fiction'}, {'id': 35, 'name': 'Comedy'}, {'id': 27, 'name': 'Horror'}]",,1694,tt0089885,en,Re-Animator,A dedicated student at a medical college and his girlfriend become involved in bizarre experiments centering around the re-animation of dead tissue when an odd new student arrives on campus.,9.867238,/hJnP2O0uTuh8HsR094WLTi3sQwc.jpg,"[{'name': 'Empire Pictures', 'id': 1212}]","[{'iso_3166_1': 'US', 'name': 'United States of America'}]",1985-10-18,2023414.0,86.0,"[{'iso_639_1': 'en', 'name': 'English'}, {'iso_639_1': 'de', 'name': 'Deutsch'}]",Released,Herbert West has a good head on his shoulders... and another on his desk.,Re-Animator,False,7.0,263.0
False,,2500000,"[{'id': 80, 'name': 'Crime'}, {'id': 18, 'name': 'Drama'}]",,476,tt0097240,en,Drugstore Cowboy,"Bob and his friends Dianne, Rick and Nadine have been drug addicts for years and live from one high to the next. Gus Van Sant attempts to show an intimate look into the lives of heroin addicts with his film Drugstore Cowboy.",8.026112,/zS5kDGjVGHHryzuG9HjazYLXSTO.jpg,"[{'name': 'Avenue Pictures Productions', 'id': 251}]","[{'iso_3166_1': 'US', 'name': 'United States of America'}]",1989-09-09,4729352.0,100.0,"[{'iso_639_1': 'en', 'name': 'English'}]",Released,,Drugstore Cowboy,False,7.0,117.0
False,,25000000,"[{'id': 80, 'name': 'Crime'}, {'id': 18, 'name': 'Drama'}, {'id': 53, 'name': 'Thriller'}]",,37094,tt0106856,en,Falling Down,"On the day of his daughter's birthday, William ""D-Fens"" Foster is trying to get to the home of his estranged ex-wife to see his daughter. His car breaks down, so he leaves his car in a traffic jam in Los Angeles and decides to walk. He goes to a convenience store and tries to get some change for a phone call, but the Korean owner does not oblige, tipping Foster over the edge. The unstable Foster, so frustrated with the various flaws he sees in society, begins to psychotically and violently lash out against them.",10.175138,/jBHJWSUvvOIZkXG067vwVRWvohB.jpg,"[{'name': 'Regency Enterprises', 'id': 508}, {'name': 'Alcor Films', 'id': 644}, {'name': 'Canal+', 'id': 5358}, {'name': 'Warner Bros.', 'id': 6194}]","[{'iso_3166_1': 'US', 'name': 'United States of America'}]",1993-02-26,40903593.0,113.0,"[{'iso_639_1': 'en', 'name': 'English'}, {'iso_639_1': 'es', 'name': 'Español'}, {'iso_639_1': 'ko', 'name': '한국어/조선말'}]",Released,A Tale Of Urban Reality,Falling Down,False,7.2,837.0
False,,0,"[{'id': 27, 'name': 'Horror'}]",,13555,tt0082427,en,The Funhouse,"Rebellious teen Amy (Elizabeth Berridge) defies her parents by going to a trashy carnival that has pulled into town. In tow are her boyfriend, Buzz (Cooper Huckabee), and their friends Liz (Largo Woodruff) and Richie (Miles Chapin). Thinking it would be fun to spend the night in the campy ""Funhouse"" horror ride, the teens witness a murder by a deformed worker wearing a mask. Locked in, Amy and her friends must evade the murderous carnival workers and escape before it leaves town the next day.",3.99005,/gW7v4mdFbAbjWlnO0SmZaJ1d6zT.jpg,"[{'name': 'Mace Neufeld Productions', 'id': 2767}]","[{'iso_3166_1': 'US', 'name': 'United States of America'}]",1981-03-13,0.0,96.0,"[{'iso_639_1': 'en', 'name': 'English'}]",Released,Pay to get in. PRAY to get out.,The Funhouse,False,5.8,69.0
False,,750000,"[{'id': 28, 'name': 'Action'}, {'id': 12, 'name': 'Adventure'}, {'id': 35, 'name': 'Comedy'}, {'id': 18, 'name': 'Drama'}]",,961,tt0017925,en,The General,"During America’s Civil War Union spies steal engineer Johnnie Gray's (Buster Keaton's) beloved locomotive The General and he single-handedly must do all in his power to get it back. Released throughout most of the world in 1927, this Silent comedy-action film flopped when originally released, but now is regarded as one of the great American motion pictures. The story is based on actual historic events.",8.002953,/g2qtPur2Vno9KfJbRjV7YWi1bay.jpg,"[{'name': 'Buster Keaton Productions', 'id': 12190}, {'name': 'Joseph M. Schenck Productions', 'id': 13913}]","[{'iso_3166_1': 'US', 'name': 'United States of America'}]",1926-12-31,0.0,79.0,"[{'iso_639_1': 'en', 'name': 'English'}]",Released,"Buster drives ""The General"" to trainload of laughter. (Trade paper ad).",The General,False,8.0,240.0
False,,483103,"[{'id': 18, 'name': 'Drama'}, {'id': 35, 'name': 'Comedy'}, {'id': 10749, 'name': 'Romance'}]",,73969,tt0018183,en,My Best Girl,"Joe Merrill, son of the millionaire owner of a chain of 5 and 10 cent stores, poses as Joe Grant, and takes a job in the stockroom of one of his father's stores, to prove that he can be a success without his father's influence. There he meets stockroom girl Maggie Johnson, and they fall in love. This causes problems, because Mrs. Merrill had planned for her son to marry Millicent Rogers, a high society girl.",0.205671,/8sDOJ4yzFf6fuWMTpduI5hk1Xtk.jpg,"[{'name': 'Mary Pickford Company', 'id': 21540}]","[{'iso_3166_1': 'US', 'name': 'United States of America'}]",1927-10-31,1027757.0,80.0,"[{'iso_639_1': 'en', 'name': 'English'}]",Released,,My Best Girl,False,8.0,2.0
False,"{'id': 212279, 'name': 'Piranha Collection', 'poster_path': '/qeD70C1YD7Kbn4SMfRyvgInKQli.jpg', 'backdrop_path': None}",660000,"[{'id': 27, 'name': 'Horror'}]",,24831,tt0078087,en,Piranha,"When flesh-eating piranhas are accidently released into a summer resort's rivers, the guests become their next meal.",16.038604,/eLQmgjJqt2e98wRDqIb1tn3Z8me.jpg,"[{'name': 'New World Pictures', 'id': 1950}]","[{'iso_3166_1': 'US', 'name': 'United States of America'}]",1978-08-03,0.0,94.0,"[{'iso_639_1': 'en', 'name': 'English'}]",Released,A hideous death lurked unseen in the river...,Piranha,False,5.7,120.0
False,,0,"[{'id': 37, 'name': 'Western'}]",,64963,tt0062218,en,Rough Night in Jericho,"The only business in the Wild West town of Jericho that corrupt sheriff Alex Flood doesn't control behind the scenes is the stagecoach owned by tough-willed widow Molly Lang and her right-hand man, Hickman. Former marshal Dolan, recently hired by Lang and Hickman as a driver, wants to stay out of the mess, but when he sees Flood's henchman Yarbrough assault Lang, he steps up to fight the corruption.",1.078688,/fXesd6LXcjHYRDgCyh7eKtisSew.jpg,"[{'name': 'Universal Pictures', 'id': 33}]","[{'iso_3166_1': 'US', 'name': 'United States of America'}]",1967-01-01,0.0,104.0,"[{'iso_639_1': 'en', 'name': 'English'}]",Rumored,A former deputy and a strong-willed widow determine to stop a ruthless town boss.,Rough Night in Jericho,False,7.3,5.0
False,,0,"[{'id': 27, 'name': 'Horror'}]",,85160,tt0093990,fr,Slaughterhouse,"The owner of a slaughterhouse facing foreclosure instructs his 350lbs, mentally retarded son to go on a killing spree against the people who want to buy his property.",1.5568,/qgd2Lo6OoYJYu0qWIW2EVGtyTyn.jpg,"[{'name': 'American Artists', 'id': 42001}]","[{'iso_3166_1': 'US', 'name': 'United States of America'}]",1987-08-28,0.0,85.0,"[{'iso_639_1': 'en', 'name': 'English'}]",Released,You'll never get out in one piece!,Slaughterhouse,False,5.3,12.0
False,,0,"[{'id': 35, 'name': 'Comedy'}, {'id': 18, 'name': 'Drama'}, {'id': 10749, 'name': 'Romance'}]",,25560,tt0061407,en,The Taming of the Shrew,"Baptista, a rich Paduan merchant, announces that his fair young daughter, Bianca, will remain unwed until her older sister, Katharina, a hellish shrew, has wed. Lucentio, a student and the son of a wealthy Pisan merchant, has fallen in love with Bianca. He poses as a tutor of music and poetry to gain entrance to the Baptista household and to be near Bianca. Meanwhile, Petruchio, a fortune-hunting scoundrel from Verona, arrives in Padua, hoping to capture a wealthy wife. Hortensio, another suitor of Bianca, directs Petruchio's attention to Katharina. When Hortensio warns him about Katharina's scolding tongue and fiery temper, Petruchio is challenged and resolves to capture her love. Hortensio and another suitor of Bianca, Gremio, agree to cover Petruchio's costs as he pursues Katharina.",2.786435,/uI396OS1mORdEIjgzS446utOWqL.jpg,"[{'name': 'Columbia Pictures', 'id': 5}]","[{'iso_3166_1': 'IT', 'name': 'Italy'}, {'iso_3166_1': 'US', 'name': 'United States of America'}]",1967-03-07,0.0,122.0,"[{'iso_639_1': 'en', 'name': 'English'}]",Released,A romantic film amorously devoted to every man who ever gave the back of his hand to his beloved...and to every woman who deserved it!,The Taming of the Shrew,False,6.9,35.0
False,,5000000,"[{'id': 28, 'name': 'Action'}, {'id': 80, 'name': 'Crime'}, {'id': 53, 'name': 'Thriller'}]",,21610,tt0082817,en,Nighthawks,An international terrorist has New York in a grip of panic and it's up to Det. Sgt. Deke DaSilva to take him down.,5.830675,/sjmTgH0Ye1cbBoaLCKJNt3LmasJ.jpg,"[{'name': 'Universal Pictures', 'id': 33}, {'name': 'Martin Poll Productions', 'id': 3986}, {'name': 'The Production Company', 'id': 3987}]","[{'iso_3166_1': 'US', 'name': 'United States of America'}]",1981-03-17,19905359.0,99.0,"[{'iso_639_1': 'en', 'name': 'English'}, {'iso_639_1': 'fr', 'name': 'Français'}]",Released,A terrorist holds New York in a grip of fear - and only Stallone can take him on.,Nighthawks,False,6.4,87.0
False,,0,"[{'id': 18, 'name': 'Drama'}, {'id': 53, 'name': 'Thriller'}]",,11878,tt0055630,ja,用心棒,"A nameless ronin, or samurai with no master, enters a small village in feudal Japan where two rival businessmen are struggling for control of the local gambling trade. Taking the name Sanjuro Kuwabatake, the ronin convinces both silk merchant Tazaemon and sake merchant Tokuemon to hire him as a personal bodyguard, then artfully sets in motion a full-scale gang war between the two ambitious and unscrupulous men.",10.313688,/tN7kYPjRhDolpui9sc9Eq9n5b2O.jpg,"[{'name': 'Toho Company', 'id': 882}]","[{'iso_3166_1': 'JP', 'name': 'Japan'}]",1961-04-25,0.0,110.0,"[{'iso_639_1': 'ja', 'name': '日本語'}]",Released,Better if all these men were dead. Think about it!,Yojimbo,False,8.0,334.0
False,,0,"[{'id': 35, 'name': 'Comedy'}, {'id': 27, 'name': 'Horror'}]",,11510,tt0100475,en,Repossessed,"It's been some time since Father Jebedaiah Mayii exorcised the Devil from little Nancy Aglet, who is now grown up with a husband and two children of her own. But the prince of darkness wants to go a second round and has returned to repossess her! With Father Mayii unwilling to help, Father Luke Brophy tries his best to help Nancy, even when TV's Ernest Weller plans to air the exorcism live on TV.",11.966566,/xBqAXQVws3gvzjk2S6vD7i3Ok8f.jpg,"[{'name': 'Seven Arts Productions', 'id': 516}, {'name': 'Carolco Pictures', 'id': 14723}]","[{'iso_3166_1': 'US', 'name': 'United States of America'}]",1990-09-14,1382462.0,80.0,"[{'iso_639_1': 'cs', 'name': 'Český'}, {'iso_639_1': 'en', 'name': 'English'}, {'iso_639_1': 'hu', 'name': 'Magyar'}]",Released,The Devil's back. But he's never dealt with an exorcist like this!,Repossessed,False,4.5,44.0
False,,0,"[{'id': 28, 'name': 'Action'}, {'id': 878, 'name': 'Science Fiction'}, {'id': 53, 'name': 'Thriller'}]",,11234,tt0067525,en,The Omega Man,"Robert Neville, a doctor, due to an experimental vaccine, is the only survivor of an apocalyptic war waged with biological weapons. The plague caused by the war has killed everyone else except for a few hundred deformed, nocturnal people calling themselves ""The Family"". The plague has caused them to become sensitive to light, as well as homicidally psychotic.",6.445639,/kHd0BZtBfOTph7YUggtDF6EoQ9W.jpg,"[{'name': 'Walter Seltzer Productions', 'id': 19972}]","[{'iso_3166_1': 'US', 'name': 'United States of America'}]",1971-08-01,0.0,98.0,"[{'iso_639_1': 'en', 'name': 'English'}]",Released,The World Is Dead. One Survivor. Then The Others. Crawling In Darkness. The Strangest Sect Of All. *Hunting The Last Man On Earth.*,The Omega Man,False,6.0,147.0
False,,22700000,"[{'id': 35, 'name': 'Comedy'}, {'id': 878, 'name': 'Science Fiction'}]",http://www.mgm.com/view/movie/1873/Spaceballs/,957,tt0094012,en,Spaceballs,"When the nefarious Dark Helmet hatches a plan to snatch Princess Vespa and steal her planet's air, space-bum-for-hire Lone Starr and his clueless sidekick fly to the rescue. Along the way, they meet Yogurt, who puts Lone Starr wise to the power of ""The Schwartz."" Can he master it in time to save the day?",9.10373,/kNbaxEsnCyWBTfANVPHayujBsxp.jpg,"[{'name': 'Brooksfilms Ltd.', 'id': 617}, {'name': 'Metro-Goldwyn-Mayer (MGM)', 'id': 8411}]","[{'iso_3166_1': 'US', 'name': 'United States of America'}]",1987-06-24,38119483.0,96.0,"[{'iso_639_1': 'en', 'name': 'English'}]",Released,May the schwartz be with you,Spaceballs,False,6.7,924.0
False,,15000000,"[{'id': 16, 'name': 'Animation'}, {'id': 10751, 'name': 'Family'}]",,11886,tt0070608,en,Robin Hood,"With King Richard off to the Crusades, Prince John and his slithering minion, Sir Hiss, set about taxing Nottingham's citizens with support from the corrupt sheriff - and staunch opposition by the wily Robin Hood and his band of merry men.",11.179855,/yMdpnj5fh4NP39B3YrXyLjpZUBt.jpg,"[{'name': 'Walt Disney Productions', 'id': 3166}]","[{'iso_3166_1': 'US', 'name': 'United States of America'}]",1973-11-08,32056467.0,83.0,"[{'iso_639_1': 'en', 'name': 'English'}]",Released,Meet Robin Hood and his MERRY MENagerie!,Robin Hood,False,7.0,1155.0
False,"{'id': 398740, 'name': 'Mister Roberts Collection', 'poster_path': None, 'backdrop_path': None}",0,"[{'id': 35, 'name': 'Comedy'}, {'id': 18, 'name': 'Drama'}, {'id': 10751, 'name': 'Family'}, {'id': 10752, 'name': 'War'}]",,37853,tt0048380,en,Mister Roberts,"A hilarious and heartfelt military comedy-drama co-directed by John Ford and Mervyn LeRoy, Mister Roberts stars Henry Fonda as an officer who's yearning for battle but is stuck in the backwaters of World War II on a noncommissioned Navy ship run by the bullying Capt. Morton (James Cagney). Jack Lemmon enjoys a star-making turn as the freewheeling Ensign Pulver, and William Powell stars as the ship's doctor in his last screen role.  Based on the 1946 novel with the same name, by Thomas Heggen, and the 1948 Broadway play, written by Thomas Heggen and Joshua Logan. Henry Fonda also starred in the original Broadway production. Warner Bros. didn't want Fonda to star in the film, as they thought he was too old, and had been a stage player for so long (8 years), that he no longer was box office material. However, John Ford insisted on Fonda and the company eventually agreed.",2.593458,/dCjrSQwzvCndC68Cb3r87aElSxI.jpg,"[{'name': 'Warner Bros.', 'id': 6194}]","[{'iso_3166_1': 'US', 'name': 'United States of America'}]",1955-07-13,0.0,123.0,"[{'iso_639_1': 'en', 'name': 'English'}]",Released,All The Uproarious Fun Of the Smash Broadway Play!,Mister Roberts,False,7.3,43.0
False,,12000000,"[{'id': 12, 'name': 'Adventure'}, {'id': 18, 'name': 'Drama'}]",,62204,tt0082484,xx,La Guerre du feu,"A colossal adventure odyssey that turns back the hands of time to the very beginning of man's existence. 80,000 years ago, when man roamed the earth, he was exposed to the many harsh elements of nature. Against the perilous atmosphere of rugged terrain, rival tribes and savage beasts, Quest for Fire examines a peaceful tribe's search for that all important element fire, and the knowledge to create it. Focusing on human dream as well as realistic insights into pre-historic man, the constant struggle for survival is vividly recreated in this sensational production.",8.341166,/p81jT5YVj0zNZiQoDe9eBZvw5Rc.jpg,"[{'name': 'Belstar Productions', 'id': 999}, {'name': 'Stéphan Films', 'id': 2359}]","[{'iso_3166_1': 'CA', 'name': 'Canada'}, {'iso_3166_1': 'FR', 'name': 'France'}, {'iso_3166_1': 'US', 'name': 'United States of America'}]",1981-12-15,55260558.0,100.0,"[{'iso_639_1': 'xx', 'name': 'No Language'}]",Released,,Quest for Fire,False,7.2,111.0
False,,15000000,"[{'id': 12, 'name': 'Adventure'}, {'id': 37, 'name': 'Western'}, {'id': 36, 'name': 'History'}]",,11040,tt0065988,en,Little Big Man,"Jack Crabb, looking back from extreme old age, tells of his life being raised by Indians and fighting with General Custer.",8.186994,/gXqYGKMrAqMkmlpPh1rzwYZi7eH.jpg,"[{'name': 'Cinema Center Films', 'id': 3070}, {'name': 'Stockbridge-Hiller Productions', 'id': 5603}]","[{'iso_3166_1': 'US', 'name': 'United States of America'}]",1970-12-14,31559552.0,139.0,"[{'iso_639_1': 'en', 'name': 'English'}]",Released,Either The Most Neglected Hero In History Or A Liar Of Insane Proportion!,Little Big Man,False,7.5,128.0
False,,0,"[{'id': 18, 'name': 'Drama'}]",,21849,tt0050371,en,A Face in the Crowd,"""A Face in the Crowd"" charts the rise of a raucous hayseed named Lonesome Rhodes from itinerant Ozark guitar picker to local media rabble-rouser to TV superstar and political king-maker. Marcia Jeffries is the innocent Sarah Lawrence girl who discovers the great man in a back-country jail and is the first to fall under his spell",6.656685,/pdDRKRPhrujuG1oSwbJ3V4yigUS.jpg,"[{'name': 'Newtown Productions', 'id': 4299}, {'name': 'Warner Bros.', 'id': 6194}]","[{'iso_3166_1': 'US', 'name': 'United States of America'}]",1957-10-17,0.0,125.0,"[{'iso_639_1': 'en', 'name': 'English'}]",Released,"POWER! He loved it! He took it raw in big gulpfuls...he liked the taste, the way it mixed with the bourbon and the sin in his blood!",A Face in the Crowd,False,7.4,48.0
False,,40600000,"[{'id': 35, 'name': 'Comedy'}]",,1621,tt0086465,en,Trading Places,A snobbish investor and a wily street con-artist find their positions reversed as part of a bet by two callous millionaires.,14.285052,/6HS7QG5aR0tZ9JHORs7DMtyqCDr.jpg,"[{'name': 'Paramount Pictures', 'id': 4}, {'name': 'Cinema Group Ventures', 'id': 11142}]","[{'iso_3166_1': 'US', 'name': 'United States of America'}]",1983-06-07,90400000.0,116.0,"[{'iso_639_1': 'en', 'name': 'English'}, {'iso_639_1': 'pt', 'name': 'Português'}]",Released,Some very funny business.,Trading Places,False,7.1,763.0
False,"{'id': 48037, 'name': 'Meatballs Collection', 'poster_path': '/jofx9VG0EqStZhdA8hXerNDn5bq.jpg', 'backdrop_path': None}",0,"[{'id': 35, 'name': 'Comedy'}]",,14035,tt0079540,en,Meatballs,"Tripper is the head counselor at a budget summer camp called Camp Northstar. In truth, he's young at heart and only marginally more mature than the campers themselves. Tripper befriends Rudy, a loner camper who has trouble fitting in. As Tripper inspires his young charges to defeat rival Camp Mohawk in the annual Olympiad competition, Rudy plays matchmaker between Tripper and Roxanne, a female counselor at Northstar.",6.613063,/o0NmLgnCVph7I07OP0yKGPFoLrO.jpg,"[{'name': 'Canadian Film Development Corporation (CFDC)', 'id': 4952}, {'name': 'Famous Players', 'id': 36555}]","[{'iso_3166_1': 'CA', 'name': 'Canada'}]",1979-06-28,0.0,92.0,"[{'iso_639_1': 'en', 'name': 'English'}]",Released,"When this lot go back to nature, nature runs for it's life.",Meatballs,False,5.9,79.0
False,"{'id': 48037, 'name': 'Meatballs Collection', 'poster_path': '/jofx9VG0EqStZhdA8hXerNDn5bq.jpg', 'backdrop_path': None}",0,"[{'id': 35, 'name': 'Comedy'}]",,40771,tt0087700,en,Meatballs Part II,"The second in-name-only sequel to the first Meatballs summer camp movie sets us at Camp Sasquash where the owner Giddy tries to keep his camp open after it's threatened with foreclosure after Hershey, the militant owner of Camp Patton located just across the lake, wants to buy the entire lake area to expand Camp Patton. Giddy suggests settling the issue with the traditional end-of-the-summer boxing match over rights to the lake. Meanwhile, a tough, inner city punk, nicknamed Flash, is at Camp Sasquash for community service as a counselor-in-training where he sets his sights on the naive and intellectual Cheryl, while Flash's young charges befriend an alien, whom they name Meathead, also staying at the camp for the summer.",1.475532,/pggJQTmfAXaQEnyQbY1N7PLCpp2.jpg,"[{'name': 'TriStar Pictures', 'id': 559}, {'name': 'Space Productions', 'id': 6262}]","[{'iso_3166_1': 'US', 'name': 'United States of America'}]",1984-07-27,0.0,86.0,"[{'iso_639_1': 'en', 'name': 'English'}]",Released,The insanity continues...,Meatballs Part II,False,3.5,13.0
False,"{'id': 48037, 'name': 'Meatballs Collection', 'poster_path': '/jofx9VG0EqStZhdA8hXerNDn5bq.jpg', 'backdrop_path': None}",0,"[{'id': 35, 'name': 'Comedy'}]",,40772,tt0093516,en,Meatballs III: Summer Job,The ghost of a dead porn star comes to Earth to help a nerd with his sex life.,1.667607,/hQu5XwZDKPGCVgwJX8lJJggvGKX.jpg,"[{'name': 'Cinépix', 'id': 6270}, {'name': 'Dalco', 'id': 37255}]","[{'iso_3166_1': 'CA', 'name': 'Canada'}]",1986-10-26,0.0,96.0,"[{'iso_639_1': 'en', 'name': 'English'}]",Released,Rudy struck out two summers in a row... this will be his year to score!,Meatballs III: Summer Job,False,4.4,14.0
False,"{'id': 48037, 'name': 'Meatballs Collection', 'poster_path': '/jofx9VG0EqStZhdA8hXerNDn5bq.jpg', 'backdrop_path': None}",0,"[{'id': 35, 'name': 'Comedy'}]",,40773,tt0104837,en,Meatballs 4,"Ricky is the hottest water-ski instructor around and he has just be rehired by his former employer/camp to whip up attendance. But the camp is in serious financial trouble and the owner of a rival, more popular, camp wants to buy them out. Therefore they will have to engage in a mean, winner-takes-all competition that will settle the row once and for all.",0.921189,/2BdGVzFkZPQG9r1wOAq3Gkct3YM.jpg,[],[],1992-03-06,0.0,84.0,"[{'iso_639_1': 'en', 'name': 'English'}]",Released,"There's only one thing wilder, crazier and sexier then last summer - this summer.",Meatballs 4,False,3.3,4.0
False,,0,"[{'id': 53, 'name': 'Thriller'}]",,11498,tt0101669,en,Dead Again,In 1949 composer Roman Strauss is executed for the vicious murder of his wife Margaret with a pair of scissors. In 1990s Los Angeles a mute amnesiac woman shows up at an orphanage and private eye Mike Church is called in to investigate. Under hypnosis both the woman and Church seem to have a strange link back to the Strauss murder.,9.696201,/4bF41yspvDDtzlDLXsgwtKzEgwS.jpg,"[{'name': 'Paramount Pictures', 'id': 4}]","[{'iso_3166_1': 'US', 'name': 'United States of America'}]",1991-08-23,38016380.0,107.0,"[{'iso_639_1': 'en', 'name': 'English'}]",Released,A Mystery About True Love...And Certain Death.,Dead Again,False,6.7,81.0
False,,0,"[{'id': 35, 'name': 'Comedy'}, {'id': 18, 'name': 'Drama'}]",,11790,tt0105130,en,Peter's Friends,"It is New Year's weekend and the friends of Peter (Fry) gather at his newly inherited country house. Ten years ago, they all acted together in a Cambridge University student comedy troupe, but it's less clear how much they have in common now.Peter's friends are Andrew (Branagh), now a writer in Hollywood; married jingle writers Roger (Laurie) and Mary (Staunton); glamorous costume designer Sarah (Emmanuel); and eccentric Maggie (Thompson), who works in publishing. Cast in sharp relief to the university chums are Carol (Rudner), the American TV star wife of Andrew; and loutish Brian (Slattery), Sarah's very recently acquired lover. Law plays Peter's disapproving housekeeper, Vera; and Lowe, her son Paul. Briers appears in a cameo role as Peter's father.",2.540085,/rmtLaQCQihbKIsuriek8qbjWbSu.jpg,"[{'name': 'Channel Four Films', 'id': 181}, {'name': 'Renaissance Films', 'id': 3102}, {'name': 'British Broadcasting Corporation (BBC)', 'id': 3324}]","[{'iso_3166_1': 'GB', 'name': 'United Kingdom'}]",1992-09-18,0.0,101.0,"[{'iso_639_1': 'en', 'name': 'English'}, {'iso_639_1': 'hu', 'name': 'Magyar'}]",Released,,Peter's Friends,False,6.7,46.0
False,,0,"[{'id': 35, 'name': 'Comedy'}, {'id': 18, 'name': 'Drama'}, {'id': 10749, 'name': 'Romance'}]",,29371,tt0113416,en,The Incredibly True Adventure of Two Girls In Love,An adventurous love story between two young women of different social and economic backgrounds who find themselves going through all the typical struggles of a new romance.,2.149553,/eEHMmBKz0vMqc2saqaYD4mdvq4A.jpg,[],"[{'iso_3166_1': 'US', 'name': 'United States of America'}]",1995-06-16,0.0,94.0,"[{'iso_639_1': 'en', 'name': 'English'}]",Released,,The Incredibly True Adventure of Two Girls In Love,False,5.7,13.0
False,,0,"[{'id': 35, 'name': 'Comedy'}]",,276635,tt0083911,en,Experience Preferred...But Not Essential,"A shy, introverted young girl takes a summer job at a seaside resort in Wales, where she finds the staff, the owners and patrons unlike anyone she has ever met before.",0.122181,/OtgR6mCPIXJI9K73aeE2COfd4T.jpg,"[{'name': 'Channel Four Films', 'id': 181}, {'name': 'Goldcrest Films International', 'id': 500}, {'name': 'Enigma Productions', 'id': 7049}]","[{'iso_3166_1': 'GB', 'name': 'United Kingdom'}]",1982-12-22,822.0,80.0,"[{'iso_639_1': 'en', 'name': 'English'}]",Released,,Experience Preferred...But Not Essential,False,7.5,2.0
False,,20000000,"[{'id': 35, 'name': 'Comedy'}]",,47941,tt0083254,en,Under the Rainbow,"In World War II era Los Angeles, the manager of the Culver Hotel leaves his nephew in charge for a weekend. The nephew changes the name to the Hotel Rainbow and overbooks with royalty, assassins, secret agents, Japanese tourists, and munchkins (from the cast of _Wizard of Oz, The (1939)_ ). Secret Service agent Bruce Thorpe and casting director Annie Clark find romance amidst the intrigue and confusion.",0.69162,/mCdXzpghn4tPz6hbQcvS2UwOh1C.jpg,[],"[{'iso_3166_1': 'US', 'name': 'United States of America'}]",1981-07-31,2297493.0,98.0,"[{'iso_639_1': 'en', 'name': 'English'}]",Released,Who knew so many little people would throw such a huge party?,Under the Rainbow,False,4.9,7.0
False,,0,"[{'id': 35, 'name': 'Comedy'}, {'id': 10752, 'name': 'War'}]",,29048,tt0061789,en,How I Won the War,An inept British WWII commander leads his troops to a series of misadventures in North Africa and Europe.,1.494833,/whI4pAKrLeZjOC5qYnO6QJbEi2x.jpg,[],"[{'iso_3166_1': 'GB', 'name': 'United Kingdom'}]",1967-10-23,0.0,109.0,"[{'iso_639_1': 'en', 'name': 'English'}, {'iso_639_1': 'fr', 'name': 'Français'}]",Released,"""There's been some marvelous advances in surgery, thanks to war!""",How I Won the War,False,5.6,10.0
False,,0,"[{'id': 18, 'name': 'Drama'}, {'id': 53, 'name': 'Thriller'}]",,19052,tt0172726,en,Light It Up,"On a winter day in a southside Queens high school, events collide and six students are suddenly in an armed standoff with the NYPD. At the school, classrooms freeze, teachers come and go, resources are scant.",1.252804,/sHbII8OHz2uoyOpPAVYe0LIJcdN.jpg,[],"[{'iso_3166_1': 'US', 'name': 'United States of America'}]",1999-11-04,0.0,99.0,"[{'iso_639_1': 'en', 'name': 'English'}]",Released,,Light It Up,False,6.6,7.0
False,,23000000,"[{'id': 18, 'name': 'Drama'}, {'id': 35, 'name': 'Comedy'}, {'id': 10749, 'name': 'Romance'}]",http://www.foxmovies.com/anywherebuthere/,21349,tt0149691,en,Anywhere But Here,"In this adaptation of the Mona Simpson novel, single mother Adele August is bad with money, and even worse when it comes to making decisions. Her straight-laced daughter, Ann, is a successful high school student with Ivy League aspirations. When Adele decides to pack up and move the two of them from the Midwest to Beverly Hills, Calif., to pursue her dreams of Hollywood success, Ann grows frustrated with her mother's irresponsible and impulsive ways.",12.593734,/j7XtUGwJizEn6SYppWYiNU3oRMB.jpg,"[{'name': 'Twentieth Century Fox Film Corporation', 'id': 306}, {'name': 'Fox 2000 Pictures', 'id': 711}]","[{'iso_3166_1': 'US', 'name': 'United States of America'}]",1999-11-12,18653615.0,114.0,"[{'iso_639_1': 'en', 'name': 'English'}]",Released,A story of a mother who knows best... and a daughter who knows better.,Anywhere But Here,False,5.9,67.0
False,,10000000,"[{'id': 14, 'name': 'Fantasy'}, {'id': 35, 'name': 'Comedy'}, {'id': 12, 'name': 'Adventure'}]",http://www.dogma-movie.com/,1832,tt0120655,en,Dogma,"The latest battle in the eternal war between Good and Evil has come to New Jersey in the late, late 20th Century. Angels, demons, apostles and prophets (of a sort) walk among the cynics and innocents of America and duke it out for the fate of humankind.",8.559088,/c4z6u46AyH3dflgVJLXHbo3lx0U.jpg,"[{'name': 'Lions Gate', 'id': 6644}, {'name': 'View Askew Productions', 'id': 16934}]","[{'iso_3166_1': 'US', 'name': 'United States of America'}]",1999-11-12,30652890.0,130.0,"[{'iso_639_1': 'en', 'name': 'English'}]",Released,It can be Hell getting into Heaven,Dogma,False,6.8,842.0
False,,60000000,"[{'id': 12, 'name': 'Adventure'}, {'id': 18, 'name': 'Drama'}, {'id': 28, 'name': 'Action'}, {'id': 36, 'name': 'History'}, {'id': 10752, 'name': 'War'}]",,10047,tt0151137,fr,Joan of Arc,In 1429 a teenage girl from a remote French village stood before her King with a message she claimed came from God; that she would defeat the world's greatest army and liberate her country from its political and religious turmoil. Following her mission to reclaim god's dimished kingdom - through her amazing victories until her violent and untimely death.,9.471838,/3XCzDTqh4X5YHxwys0IOpDyi7ly.jpg,"[{'name': 'Columbia Pictures', 'id': 5}, {'name': 'Gaumont', 'id': 9}]","[{'iso_3166_1': 'FR', 'name': 'France'}]",1999-10-18,66976317.0,148.0,"[{'iso_639_1': 'en', 'name': 'English'}, {'iso_639_1': 'la', 'name': 'Latin'}]",Released,,The Messenger: The Story of Joan of Arc,False,6.2,373.0
False,"{'id': 34055, 'name': 'Pokémon Collection', 'poster_path': '/j5te0YNZAMXDBnsqTUDKIBEt8iu.jpg', 'backdrop_path': '/iGoYKA0TFfgSoZpG2u5viTJMGfK.jpg'}",30000000,"[{'id': 16, 'name': 'Animation'}]",,10228,tt0190641,ja,劇場版ポケットモンスター ミュウツーの逆襲,"The adventure explodes into action with the debut of Mewtwo, a bio-engineered Pokemon created from the DNA of Mew, the rarest of all Pokemon. Determined to prove its superiority, Mewtwo lures Ash, Pikachu and others into a Pokemon match like none before. Mewtwo vs. Mew. Super-clones vs. Pokemon. It's the ultimate showdown ... with the very future of the world at stake!",7.556826,/aalTziefHGUVLg44iyWS8B7ee5u.jpg,"[{'name': 'TV Tokyo', 'id': 3034}, {'name': '4 Kids Entertainment', 'id': 3035}, {'name': 'Shogakukan Production', 'id': 5261}, {'name': 'Media Factory', 'id': 7967}, {'name': 'Nintendo', 'id': 12288}, {'name': 'Creatures', 'id': 12307}, {'name': 'Tomy', 'id': 13070}, {'name': 'Oriental Light and Magic (OLM)', 'id': 66289}, {'name': 'GAME FREAK', 'id': 76467}, {'name': ""Pikachu Project '98"", 'id': 76468}, {'name': 'JR Kikaku', 'id': 76469}]","[{'iso_3166_1': 'JP', 'name': 'Japan'}, {'iso_3166_1': 'US', 'name': 'United States of America'}]",1998-07-18,163644662.0,75.0,"[{'iso_639_1': 'ja', 'name': '日本語'}]",Released,The Pokémon Match of All Time is Here.,Pokémon: The First Movie: Mewtwo Strikes Back,False,6.7,336.0
False,,0,"[{'id': 18, 'name': 'Drama'}]",,47692,tt0165773,en,Felicia's Journey,"A solitary middle-aged bachelor and a naive Irish teenager transform one another's lives to arrive at a place of recognition, redemption and wisdom in Atom Egoyan's adaptation of William Trevor's celebrated 1994 novel. Seventeen and pregnant, Felicia travels to England in search of her lover and is found instead by Joseph Ambrose Hilditch, a helpful catering manager whose kindness masks a serial killer. Hilditch has murdered several young women, but he has no conscious awareness of the crimes; like Felicia, he doesn't see his true self. Felicia's Journey is a story of innocence lost and regained: Felicia awakens to the world's dangers and duplicities; and Hilditch, who grew up lonely and unloved, comes to realize what was taken from him, and what he himself has taken.",1.850056,/itqEwiINuYvaqvFKw5YWitnqAUc.jpg,"[{'name': 'Alliance Atlantis Communications', 'id': 803}, {'name': 'Icon Entertainment International', 'id': 4564}, {'name': 'Marquis Films Ltd', 'id': 24724}]","[{'iso_3166_1': 'CA', 'name': 'Canada'}, {'iso_3166_1': 'GB', 'name': 'United Kingdom'}]",1999-11-24,0.0,116.0,"[{'iso_639_1': 'en', 'name': 'English'}, {'iso_639_1': 'fr', 'name': 'Français'}, {'iso_639_1': 'gd', 'name': ''}]",Released,,Felicia's Journey,False,6.3,24.0
False,,0,"[{'id': 9648, 'name': 'Mystery'}, {'id': 53, 'name': 'Thriller'}, {'id': 80, 'name': 'Crime'}, {'id': 18, 'name': 'Drama'}]",,18561,tt0160620,en,Oxygen,"A masochistic cop, who hides her predilection from her cop husband, gets involved in pursuing a kidnapper nicknamed Harry for Harry Houdini",8.343079,/3yNvZtx4nE0h2SbYnJc3vftiB86.jpg,"[{'name': 'Abandon Pictures', 'id': 2289}, {'name': 'Curb Entertainment', 'id': 5993}, {'name': 'Paddy Wagon Productions', 'id': 52648}]","[{'iso_3166_1': 'US', 'name': 'United States of America'}]",1999-11-12,0.0,92.0,"[{'iso_639_1': 'en', 'name': 'English'}]",Released,,Oxygen,False,5.4,15.0
False,,0,"[{'id': 35, 'name': 'Comedy'}, {'id': 9648, 'name': 'Mystery'}, {'id': 53, 'name': 'Thriller'}]",,144953,tt0118150,es,Where's Marlowe?,"After making a 3-hour fiasco about New York City's water supply, a two-man film crew decides to take it up a notch by documenting life in the private investigator offices of ""Boone and Murphy"". Cheating husbands and missing dogs fail to bring in the big bucks however, and after sleeping with the wife of one of their clients Murphy leaves. To stop Boone from having to close down the business the two film-makers must resort to a hands-on approach in the investigations to ensure the completion of their movie.",1.193384,/l4jVox6cJmcD5AbTAjZljyq8ZlS.jpg,[],"[{'iso_3166_1': 'US', 'name': 'United States of America'}]",1998-01-01,0.0,101.0,"[{'iso_639_1': 'en', 'name': 'English'}]",Released,"A comedy about passion, murder and things that can only happen in the movies.",Where's Marlowe?,False,5.5,2.0
False,,0,"[{'id': 18, 'name': 'Drama'}, {'id': 27, 'name': 'Horror'}, {'id': 878, 'name': 'Science Fiction'}]",,37426,tt0032215,en,The Ape,"A mad scientist searching for a cure for polio. Dr. Bernard Adrian is a kindly mad scientist who seeks to cure a young woman's polio. He needs spinal fluid from a human to complete the formula for his experimental serum. Meanwhile, a vicious circus ape has broken out of its cage, and is terrorizing towns people.",0.691803,/kHk3YFVAnZuCrqK2SA0BWdTObzD.jpg,"[{'name': 'Monogram Pictures', 'id': 4395}]","[{'iso_3166_1': 'US', 'name': 'United States of America'}]",1940-09-30,0.0,62.0,"[{'iso_639_1': 'en', 'name': 'English'}]",Released,Jungle Beast or Man of Science?,The Ape,False,5.3,6.0
False,,0,"[{'id': 28, 'name': 'Action'}, {'id': 12, 'name': 'Adventure'}]",,51787,tt0032283,en,British Intelligence,"During WWI pretty German master spy Helene von Lorbeer is sent undercover to London to live with the family of a high-placed British official where she is to rendezvous with the butler Valdar, also a spy, and help him transmit secret war plans back to Germany.",0.233318,/hGHgBpgaLvtAb2xHIhrrzlBajJv.jpg,"[{'name': 'Warner Bros.', 'id': 6194}]","[{'iso_3166_1': 'US', 'name': 'United States of America'}]",1940-01-29,0.0,61.0,"[{'iso_639_1': 'en', 'name': 'English'}, {'iso_639_1': 'fr', 'name': 'Français'}, {'iso_639_1': 'de', 'name': 'Deutsch'}]",Released,"Although the home of cabinet minister Arthur Bennett is a hotbed of spies, moles, and double agents, no one knows the true identity of notorious German spymaster Strendler.",British Intelligence,False,5.8,5.0
False,"{'id': 207952, 'name': 'Barrytown Trilogy', 'poster_path': '/cccGPuXNUJyrM3P8SEltSlXEwxY.jpg', 'backdrop_path': None}",0,"[{'id': 35, 'name': 'Comedy'}, {'id': 18, 'name': 'Drama'}, {'id': 10402, 'name': 'Music'}]",,11663,tt0101605,en,The Commitments,"Jimmy Rabbitte, just a tick out of school, gets a brilliant idea: to put a soul band together in Barrytown, his slum home in north Dublin. First he needs musicians and singers: things slowly start to click when he finds three fine-voiced females virtually in his back yard, a lead singer (Deco) at a wedding, and, responding to his ad, an aging trumpet player, Joey ""The Lips"" Fagan.",7.442056,/euC9Ivy5hNSEGSfCo9Cfc8I5yd.jpg,"[{'name': 'Beacon Communications', 'id': 919}, {'name': 'Beacon Pictures', 'id': 10157}, {'name': 'First Film Company', 'id': 20778}, {'name': 'Dirty Hands Productions', 'id': 81128}]","[{'iso_3166_1': 'IE', 'name': 'Ireland'}, {'iso_3166_1': 'GB', 'name': 'United Kingdom'}, {'iso_3166_1': 'US', 'name': 'United States of America'}]",1991-08-14,0.0,118.0,"[{'iso_639_1': 'en', 'name': 'English'}, {'iso_639_1': 'gd', 'name': ''}, {'iso_639_1': 'ga', 'name': 'Gaeilge'}]",Released,"They had nothing to lose, they risked it all.",The Commitments,False,7.4,132.0
False,,0,"[{'id': 35, 'name': 'Comedy'}, {'id': 18, 'name': 'Drama'}, {'id': 10402, 'name': 'Music'}, {'id': 10749, 'name': 'Romance'}]",,13485,tt0034862,en,Holiday Inn,"Lovely Linda Mason has crooner Jim Hardy head over heels, but suave stepper Ted Hanover wants her for his new dance partner after femme fatale Lila Dixon gives him the brush. Jim's supper club, Holiday Inn, is the setting for the chase by Hanover and manager Danny Reed. The music's the thing.",8.258968,/9Hxrm3wtxcjQ6QvOpXFH74ekpRs.jpg,"[{'name': 'Paramount Pictures', 'id': 4}]","[{'iso_3166_1': 'US', 'name': 'United States of America'}]",1942-08-04,0.0,100.0,"[{'iso_639_1': 'en', 'name': 'English'}]",Released,,Holiday Inn,False,7.1,55.0
False,,10000000,"[{'id': 28, 'name': 'Action'}, {'id': 18, 'name': 'Drama'}, {'id': 36, 'name': 'History'}, {'id': 10752, 'name': 'War'}]",,9289,tt0056197,en,The Longest Day,"The retelling of June 6, 1944, from the perspectives of the Germans, US, British, Canadians, and the Free French. Marshall Erwin Rommel, touring the defenses being established as part of the Reich's Atlantic Wall, notes to his officers that when the Allied invasion comes they must be stopped on the beach. ""For the Allies as well as the Germans, it will be the longest day""",10.770928,/664VZXg2UTNif3qooghJqJni351.jpg,"[{'name': 'Twentieth Century Fox Film Corporation', 'id': 306}, {'name': 'Darryl F. Zanuck Productions', 'id': 13630}]","[{'iso_3166_1': 'US', 'name': 'United States of America'}]",1962-09-25,50100000.0,178.0,"[{'iso_639_1': 'en', 'name': 'English'}, {'iso_639_1': 'fr', 'name': 'Français'}, {'iso_639_1': 'de', 'name': 'Deutsch'}]",Released,This is the day that changed the world... When history held its breath.,The Longest Day,False,7.3,237.0
False,"{'id': 48188, 'name': 'Poison Ivy Collection', 'poster_path': '/wKFflwLibrLXg7U8hcXnzGyziXz.jpg', 'backdrop_path': '/hFktEH1hJsf4kzTnYjJB8rMiJpl.jpg'}",0,"[{'id': 53, 'name': 'Thriller'}]",,9264,tt0105156,en,Poison Ivy,A seductive teen befriends an introverted high school student and schemes her way into the lives of her wealthy family.,6.901684,/wYLMeaAgOcTPYyEsz1bsCN20EzU.jpg,"[{'name': 'New Line Cinema', 'id': 12}]","[{'iso_3166_1': 'US', 'name': 'United States of America'}]",1992-05-08,0.0,93.0,"[{'iso_639_1': 'en', 'name': 'English'}]",Released,"What Ivy wants, Ivy gets.",Poison Ivy,False,5.2,85.0
False,"{'id': 48188, 'name': 'Poison Ivy Collection', 'poster_path': '/wKFflwLibrLXg7U8hcXnzGyziXz.jpg', 'backdrop_path': '/hFktEH1hJsf4kzTnYjJB8rMiJpl.jpg'}",0,"[{'id': 53, 'name': 'Thriller'}, {'id': 10749, 'name': 'Romance'}]",,18222,tt0119908,en,Poison Ivy: The New Seduction,A sinister seductress vows to destroy a suburban family.,6.146452,/zoJYW6qDORHWctx6vC4HgyRKBOk.jpg,"[{'name': 'New Line Cinema', 'id': 12}, {'name': 'CineTel Pictures', 'id': 17067}, {'name': 'MG Entertainment', 'id': 17068}]","[{'iso_3166_1': 'US', 'name': 'United States of America'}]",1997-01-01,0.0,93.0,"[{'iso_639_1': 'en', 'name': 'English'}]",Released,All the rules are about to be broken.,Poison Ivy: The New Seduction,False,4.1,28.0
False,,0,"[{'id': 18, 'name': 'Drama'}, {'id': 28, 'name': 'Action'}]",,124853,tt0114008,en,Ten Benny,"The story of a young shoe salesman whose overestimation of his own sharpness leads to gambling debts, pissed-off loan sharks, and overall misery.",0.064219,/8clglzeK8gi2qBU1CwL8loLPL6Y.jpg,[],[],1995-04-09,0.0,108.0,[],Released,,Ten Benny,False,10.0,1.0
False,,25485000,"[{'id': 36, 'name': 'History'}, {'id': 28, 'name': 'Action'}, {'id': 18, 'name': 'Drama'}, {'id': 12, 'name': 'Adventure'}, {'id': 10752, 'name': 'War'}]",,11165,tt0066473,en,Tora! Tora! Tora!,"In the summer of 1941, the United States and Japan seem on the brink of war after constant embargos and failed diplomacy come to no end. ""Tora! Tora! Tora!"", named after the code words use by the lead Japanese pilot to indicate they had surprised the Americans, covers the days leading up to the attack on Pearl Harbor, which plunged America into the Second World War.",7.262326,/njNKZEgVVTk7Q0Fir99fuvEMCf7.jpg,"[{'name': 'Twentieth Century Fox Film Corporation', 'id': 306}]","[{'iso_3166_1': 'JP', 'name': 'Japan'}, {'iso_3166_1': 'US', 'name': 'United States of America'}]",1970-01-26,29548291.0,144.0,"[{'iso_639_1': 'en', 'name': 'English'}, {'iso_639_1': 'ja', 'name': '日本語'}]",Released,The incredible attack on Pearl Harbor.,Tora! Tora! Tora!,False,6.9,150.0
False,,700000,"[{'id': 35, 'name': 'Comedy'}, {'id': 18, 'name': 'Drama'}]",,4203,tt0095675,es,Mujeres al borde de un ataque de nervios,"Pepa resolves to kill herself with a batch of sleeping-pill-laced gazpacho after her lover leaves her. Fortunately, she is interrupted by a deliciously chaotic series of events.",5.470331,/lOehCiqghODNrNBpI1JS76zl6Lx.jpg,"[{'name': 'El Deseo', 'id': 49}]","[{'iso_3166_1': 'ES', 'name': 'Spain'}]",1988-03-14,7179298.0,88.0,"[{'iso_639_1': 'es', 'name': 'Español'}]",Released,,Women on the Verge of a Nervous Breakdown,False,7.6,149.0
False,,16000000,"[{'id': 18, 'name': 'Drama'}]",,24226,tt0084855,en,The Verdict,"Frank Galvin is a down-on-his luck lawyer, reduced to drinking and ambulance chasing. Former associate Mickey Morrissey reminds him of his obligations in a medical malpractice suit that he himself served to Galvin on a silver platter: all parties willing to settle out of court. Blundering his way through the preliminaries, he suddenly realizes that perhaps after all the case should go to court; to punish the guilty, to get a decent settlement for his clients, and to restore his standing as a lawyer.",9.596883,/hh9sIE1PT7Pjq3n2fzHNEHh8Ogq.jpg,"[{'name': 'Twentieth Century Fox Film Corporation', 'id': 306}]","[{'iso_3166_1': 'US', 'name': 'United States of America'}]",1982-12-08,53977250.0,129.0,"[{'iso_639_1': 'en', 'name': 'English'}]",Released,"The doctors want to settle, the Church wants to settle, their lawyers want to settle, and even his own clients are desperate to settle. But Galvin is determined to defy them all. He will try the case.",The Verdict,False,7.4,132.0
False,,0,"[{'id': 18, 'name': 'Drama'}]",,88875,tt0068528,en,The Effect of Gamma Rays on Man-in-the-Moon Marigolds,"Middle-aged widow Beatrice Hunsdorfer (Joanne Woodward) and her daughters Ruth (Roberta Wallach) and Matilda (Nell Potts) are struggling to survive in a society they barely understand. Beatrice dreams of opening an elegant tea room but does not have the wherewithal to achieve her lofty goal. Epileptic Ruth is a rebellious adolescent, while shy but highly intelligent and idealistic Matilda seeks solace in her pets and school projects, including one designed to show how small amounts of radium affect marigolds.",0.473593,/5gqLkK7sm2KhdxNSZv0Oz71Qhml.jpg,"[{'name': 'Twentieth Century Fox Film Corporation', 'id': 306}, {'name': 'Newman-Foreman Company', 'id': 12443}]","[{'iso_3166_1': 'US', 'name': 'United States of America'}]",1972-12-20,0.0,100.0,"[{'iso_639_1': 'en', 'name': 'English'}]",Released,,The Effect of Gamma Rays on Man-in-the-Moon Marigolds,False,6.9,12.0
False,,0,"[{'id': 35, 'name': 'Comedy'}, {'id': 878, 'name': 'Science Fiction'}]",http://www.banzai-institute.com/,11379,tt0086856,en,The Adventures of Buckaroo Banzai Across the 8th Dimension,"Adventurer/surgeon/rock musician Buckaroo Banzai and his band of men, the Hong Kong Cavaliers, take on evil alien invaders from the 8th dimension.",7.778445,/zaIvuZWPtmyQvsYMeLtox4vTlD2.jpg,"[{'name': 'Sherwood Productions', 'id': 8791}]","[{'iso_3166_1': 'US', 'name': 'United States of America'}]",1984-08-15,0.0,103.0,"[{'iso_639_1': 'en', 'name': 'English'}]",Released,Beings from Another Dimension have invaded your world.,The Adventures of Buckaroo Banzai Across the 8th Dimension,False,6.3,103.0
False,,0,"[{'id': 18, 'name': 'Drama'}]",,29154,tt0094027,en,Stand and Deliver,"Jaime Escalante is a mathematics teacher in a school in a hispanic neighbourhood. Convinced that his students have potential, he adopts unconventional teaching methods to try and turn gang members and no-hopers into some of the country's top algebra and calculus students.",5.355761,/rGG02Q77dDqm0nOKQfn2c49hZAK.jpg,"[{'name': 'Warner Bros.', 'id': 6194}]","[{'iso_3166_1': 'US', 'name': 'United States of America'}]",1988-03-11,13994920.0,103.0,"[{'iso_639_1': 'hu', 'name': 'Magyar'}, {'iso_639_1': 'en', 'name': 'English'}, {'iso_639_1': 'es', 'name': 'Español'}]",Released,"At a tough school, someone had to take a stand...and someone did. Together, one teacher and one class proved to America they could...",Stand and Deliver,False,7.3,60.0
False,,0,"[{'id': 35, 'name': 'Comedy'}, {'id': 18, 'name': 'Drama'}, {'id': 10749, 'name': 'Romance'}]",,2039,tt0093565,en,Moonstruck,"Cher is devastatingly funny, sinuous and beautiful as Loretta, an unlucky-in-love Italian widow who finds romance through the intervention of the Manhattan moon. With her wedding to a close friend just weeks away, she meets - and falls hopelessly in love with - his younger brother (Cage)!",12.877291,/2OIxyH2zMPYBzaECdIlX81Qc398.jpg,"[{'name': 'Metro-Goldwyn-Mayer (MGM)', 'id': 8411}, {'name': 'Star Partners', 'id': 67823}]","[{'iso_3166_1': 'US', 'name': 'United States of America'}]",1987-12-18,80640528.0,102.0,"[{'iso_639_1': 'en', 'name': 'English'}]",Released,,Moonstruck,False,6.7,173.0
False,,0,"[{'id': 18, 'name': 'Drama'}, {'id': 10749, 'name': 'Romance'}]",,77915,tt0059674,fr,The Sandpiper,"A free-spirited artist (Elizabeth Taylor), who lives near California's Big Sur, meets the administrator (Richard Burton) of the parochial school that her young son attends and lures the cleric away from his wife (Eva Marie Saint).",1.198796,/oPEZmstiMyGUxuH9TsEXf9jxY1w.jpg,"[{'name': 'Filmways Pictures', 'id': 1138}, {'name': 'Metro-Goldwyn-Mayer (MGM)', 'id': 8411}, {'name': 'Venice Productions', 'id': 32951}]","[{'iso_3166_1': 'US', 'name': 'United States of America'}]",1965-06-23,0.0,117.0,"[{'iso_639_1': 'en', 'name': 'English'}]",Released,It was the right thing. It was the wrong thing. It was the only thing their hearts would allow.,The Sandpiper,False,5.7,16.0
False,,0,"[{'id': 12, 'name': 'Adventure'}, {'id': 37, 'name': 'Western'}]",,11943,tt0068762,en,Jeremiah Johnson,A mountain man who wishes to live the life of a hermit becomes the unwilling object of a long vendetta by Indians when he proves to be the match of their warriors in one-to-one combat on the early frontier.,4.711031,/i2wo9M885KcSljpbut24xZCx05r.jpg,"[{'name': 'Warner Bros.', 'id': 6194}, {'name': 'Sanford Productions (III)', 'id': 12273}]","[{'iso_3166_1': 'US', 'name': 'United States of America'}]",1972-09-10,0.0,108.0,"[{'iso_639_1': 'en', 'name': 'English'}]",Released,"His Mountain. His Peace. His Great Hunts. His Young Bride. With All That, It Should Have Been Different.",Jeremiah Johnson,False,7.5,126.0
False,,300000,"[{'id': 18, 'name': 'Drama'}, {'id': 27, 'name': 'Horror'}, {'id': 53, 'name': 'Thriller'}]",,11481,tt0059646,en,Repulsion,"In Roman Polanski's first English-language film, beautiful young manicurist Carole suffers from androphobia (the pathological fear of interaction with men). When her sister and roommate, Helen, leaves their London flat to go on an Italian holiday with her married boyfriend, Carole withdraws into her apartment. She begins to experience frightful hallucinations, her fear gradually mutating into madness.",6.825852,/4payjKRO69Aew6Y53DfJ4KqhWs8.jpg,"[{'name': 'Compton Films', 'id': 1361}, {'name': 'Tekli British Productions', 'id': 1754}, {'name': 'The Criterion Collection', 'id': 10932}]","[{'iso_3166_1': 'GB', 'name': 'United Kingdom'}]",1965-06-01,0.0,105.0,"[{'iso_639_1': 'en', 'name': 'English'}]",Released,The nightmare world of a virgin's dreams becomes the screen's shocking reality!,Repulsion,False,7.5,218.0
False,,0,"[{'id': 35, 'name': 'Comedy'}, {'id': 10749, 'name': 'Romance'}]",,2690,tt0057187,en,Irma la Douce,"Nester Patou, a naive police officer, is transferred to the red light district in Paris and organizes a raid on a dodgy hotel running as a brothel - inadvertently disrupting the corrupt system of the police and the pimps union, and netting his station superior. Fired from his job, Nester goes to the local bar for a drink and befriends a pretty young lady named Irma la Douce. Upon realizing she is a prostitute, Nester invents a crazy scheme to keep her from seeing other men.",5.967967,/3RH81SQAINdo7Pmf6EFK3ToWpMK.jpg,"[{'name': 'The Mirisch Corporation', 'id': 219}, {'name': 'Phalanx Productions', 'id': 1167}]","[{'iso_3166_1': 'US', 'name': 'United States of America'}]",1963-06-04,0.0,135.0,"[{'iso_639_1': 'en', 'name': 'English'}]",Released,"A story of passion, bloodshed, desire and death... everything, in fact, that makes life worth living.",Irma la Douce,False,7.1,74.0
False,"{'id': 95051, 'name': 'The Up Series', 'poster_path': '/nLIBjyGeV2TMiv82MmKq5zX9DhG.jpg', 'backdrop_path': None}",0,"[{'id': 99, 'name': 'Documentary'}, {'id': 10769, 'name': 'Foreign'}]",,20565,tt0164312,en,42 Up,Director Michael Apted revisits the same group of British-born adults after a 7 year wait. The subjects are interviewed as to the changes that have occurred in their lives during the last seven years.,0.697268,/aC1VEsiImpL1SwLnm7cKK6ro8qR.jpg,[],"[{'iso_3166_1': 'GB', 'name': 'United Kingdom'}]",1998-07-28,0.0,139.0,"[{'iso_639_1': 'en', 'name': 'English'}]",Released,,42 Up,False,6.6,9.0
False,,0,"[{'id': 18, 'name': 'Drama'}]",,27141,tt0165859,en,Liberty Heights,"Anti-Semitism, race relations, coming of age, and fathers and sons: in Baltimore from fall, 1954, to fall, 1955.",2.64721,/o9lUIJWeSWGtgw9xVH1GtpvwWcI.jpg,"[{'name': 'Warner Bros.', 'id': 6194}, {'name': 'Baltimore Spring Creek Pictures', 'id': 14719}]","[{'iso_3166_1': 'US', 'name': 'United States of America'}]",1999-11-17,0.0,127.0,"[{'iso_639_1': 'en', 'name': 'English'}, {'iso_639_1': 'de', 'name': 'Deutsch'}, {'iso_639_1': 'yi', 'name': ''}]",Released,"You're only young once, but you remember forever.",Liberty Heights,False,6.7,19.0
False,,0,"[{'id': 18, 'name': 'Drama'}, {'id': 10749, 'name': 'Romance'}]",,10399,tt0178737,en,Mansfield Park,"This fun and sexy comedy tells a timelessly entertaining story where wealthy, secret passions and mischievous women put love to the test.. When a spirited young woman, Fanny Price, is sent away to live on the great country estate of her rich cousins, she's meant to learn the ways of proper society. But while Fanny learns ""their"" ways, she also enlightens them with a wit and sparkle all her own!",6.646005,/reh2SdnPDmFbjWWAEbTv9GgQbke.jpg,"[{'name': 'BBC Films', 'id': 288}, {'name': 'HAL Films', 'id': 931}]","[{'iso_3166_1': 'GB', 'name': 'United Kingdom'}]",1999-11-12,0.0,112.0,"[{'iso_639_1': 'en', 'name': 'English'}]",Released,,Mansfield Park,False,6.7,81.0
False,,0,"[{'id': 12, 'name': 'Adventure'}, {'id': 35, 'name': 'Comedy'}, {'id': 14, 'name': 'Fantasy'}, {'id': 878, 'name': 'Science Fiction'}]",,90762,tt0179196,mk,Zbogum na dvaesetiot vek,"In the year 2019, after global destruction and descent into savagery, the immortal Kuzman tried to discover his destiny in order to learn how to die. As he enters the whirling circles of time, we discover the blasphemy of our century, and how it is to close its circle",0.352075,/8bfNDwNCh694nKfvHhMxrF6mGBx.jpg,"[{'name': 'Mirco & Slavco - First Partizan Production', 'id': 93591}]","[{'iso_3166_1': 'MK', 'name': 'Macedonia'}]",1998-11-17,0.0,83.0,"[{'iso_639_1': 'en', 'name': 'English'}, {'iso_639_1': 'mk', 'name': ''}]",Released,The future is as screwed up as the past.,"Goodbye, 20th Century",False,7.5,2.0
False,,100000000,"[{'id': 18, 'name': 'Drama'}, {'id': 14, 'name': 'Fantasy'}, {'id': 53, 'name': 'Thriller'}, {'id': 9648, 'name': 'Mystery'}]",,2668,tt0162661,en,Sleepy Hollow,New York detective Ichabod Crane is sent to Sleepy Hollow to investigate a series of mysterious deaths in which the victims are found beheaded. But the locals believe the culprit to be none other than the ghost of the legendary Headless Horseman.,11.072361,/mTN4m41lHKaIf0dVcWzVdCJOYik.jpg,"[{'name': 'Paramount Pictures', 'id': 4}, {'name': 'American Zoetrope', 'id': 70}, {'name': 'Mandalay Pictures', 'id': 551}, {'name': 'Tim Burton Productions', 'id': 8601}, {'name': 'Karol Film Productions', 'id': 23310}]","[{'iso_3166_1': 'DE', 'name': 'Germany'}, {'iso_3166_1': 'US', 'name': 'United States of America'}]",1999-11-18,206071502.0,105.0,"[{'iso_639_1': 'en', 'name': 'English'}]",Released,Heads will roll.,Sleepy Hollow,False,6.9,1774.0
False,"{'id': 645, 'name': 'James Bond Collection', 'poster_path': '/HORpg5CSkmeQlAolx3bKMrKgfi.jpg', 'backdrop_path': '/6VcVl48kNKvdXOZfJPdarlUGOsk.jpg'}",135000000,"[{'id': 12, 'name': 'Adventure'}, {'id': 28, 'name': 'Action'}, {'id': 53, 'name': 'Thriller'}]",http://www.mgm.com/view/movie/231/The-World-Is-Not-Enough/,36643,tt0143145,en,The World Is Not Enough,"Greed, revenge, world dominance and high-tech terrorism – it's all in a day's work for Bond, who's on a mission to a protect beautiful oil heiress from a notorious terrorist. In a race against time that culminates in a dramatic submarine showdown, Bond works to defuse the international power struggle that has the world's oil supply hanging in the balance.",12.130127,/aPfALBxfgx2tsbTwRMR1MbNHSvn.jpg,"[{'name': 'Eon Productions', 'id': 7576}, {'name': 'Metro-Goldwyn-Mayer (MGM)', 'id': 8411}]","[{'iso_3166_1': 'GB', 'name': 'United Kingdom'}, {'iso_3166_1': 'US', 'name': 'United States of America'}]",1999-11-08,361832400.0,128.0,"[{'iso_639_1': 'en', 'name': 'English'}, {'iso_639_1': 'ru', 'name': 'Pусский'}]",Released,As the countdown begins for the new millennium there is still one number you can always count on.,The World Is Not Enough,False,6.0,878.0
False,,8272296,"[{'id': 35, 'name': 'Comedy'}, {'id': 18, 'name': 'Drama'}]",,99,tt0185125,es,Todo sobre mi madre,"A single mother in Madrid sees her only son die on his birthday as he runs to seek an actress' autograph. Beside herself with grief, she returns to Barcelona to tell the boy's father about the death of the son he never knew he had.",10.000915,/sQdalmBSUiaU0QCgZKBfy0l2vUR.jpg,"[{'name': 'Renn Productions', 'id': 82}, {'name': 'France 2 Cinéma', 'id': 83}]","[{'iso_3166_1': 'ES', 'name': 'Spain'}, {'iso_3166_1': 'FR', 'name': 'France'}]",1999-04-19,67872296.0,101.0,"[{'iso_639_1': 'es', 'name': 'Español'}]",Released,Part of every woman is a mother/actress/saint/sinner. And part of every man is a woman.,All About My Mother,False,7.4,337.0
False,,0,"[{'id': 99, 'name': 'Documentary'}]",,159569,tt0144969,en,Home Page,"A look at the early days of online culture as personified by college student Justin Hall, now acknowleged as the web’s first blogger.  Called “Groundbreaking” by Roger Ebert, the film screened at the Sundance, Rotterdam, SXSW, Thessaloniki and Full Frame festivals, among others, and was broadcast on HBO, IFC and throughout Europe after a limited theatrical release.",0.001183,/A1S3lgrgV8m6AMvEPiX6zGmdCen.jpg,"[{'name': 'Arte', 'id': 201}, {'name': 'Zweites Deutsches Fernsehen (ZDF)', 'id': 4606}, {'name': 'Copacetic Pictures', 'id': 8139}]","[{'iso_3166_1': 'US', 'name': 'United States of America'}, {'iso_3166_1': 'DE', 'name': 'Germany'}]",1998-10-14,0.0,102.0,[],Released,,Home Page,False,0.0,0.0
False,,0,"[{'id': 27, 'name': 'Horror'}]",,77010,tt0084357,fr,La morte vivante,"A toxic spill revives a beautiful, dead heiress who, with the help of her childhood friend, must quench her insatiable thirst for blood",1.605782,/3fOXjfhLwRBbaqdrRTDwrKHGXqd.jpg,"[{'name': 'Films A.B.C.', 'id': 7996}, {'name': 'Les Films du Yaka', 'id': 51320}, {'name': 'Les Films Aleriaz', 'id': 51321}]","[{'iso_3166_1': 'FR', 'name': 'France'}]",1982-10-23,0.0,86.0,"[{'iso_639_1': 'en', 'name': 'English'}, {'iso_639_1': 'fr', 'name': 'Français'}]",Released,,The Living Dead Girl,False,6.0,18.0
False,,0,"[{'id': 35, 'name': 'Comedy'}]",,25898,tt0024852,en,Babes in Toyland,"Ollie Dee and Stanley Dum try to borrow money from their employer, the toymaker, to pay off the mortgage on Mother Peep's shoe and keep it and Little Bo Peep from the clutches of the evil Barnaby. When that fails, they trick Barnaby into marrying Stanley Dum instead of Bo Peep. Enraged, Barnaby unleashes the bogeymen from their caverns to destroy Toyland.",7.768271,/8EoKfCGMTcywFSA6Wxt1a8HDQlx.jpg,"[{'name': 'Metro-Goldwyn-Mayer (MGM)', 'id': 8411}]","[{'iso_3166_1': 'US', 'name': 'United States of America'}]",1934-12-14,0.0,73.0,"[{'iso_639_1': 'en', 'name': 'English'}]",Released,,Babes in Toyland,False,6.6,28.0
False,,0,"[{'id': 14, 'name': 'Fantasy'}, {'id': 35, 'name': 'Comedy'}, {'id': 18, 'name': 'Drama'}]",,9647,tt0096061,en,Scrooged,"In this modern take on Charles Dickens' ""A Christmas Carol,"" Frank Cross (Bill Murray) is a wildly successful television executive whose cold ambition and curmudgeonly nature has driven away the love of his life, Claire Phillips (Karen Allen). But after firing a staff member, Eliot Loudermilk (Bobcat Goldthwait), on Christmas Eve, Frank is visited by a series of ghosts who give him a chance to re-evaluate his actions and right the wrongs of his past.",11.465634,/9gUQPVt0QZYKUBrGGtknfrsRQ1c.jpg,"[{'name': 'Paramount Pictures', 'id': 4}]","[{'iso_3166_1': 'US', 'name': 'United States of America'}]",1988-11-22,60328000.0,101.0,"[{'iso_639_1': 'en', 'name': 'English'}]",Released,The spirits will move you in odd and hysterical ways.,Scrooged,False,6.7,395.0
False,,0,"[{'id': 35, 'name': 'Comedy'}, {'id': 18, 'name': 'Drama'}]",,11787,tt0042546,en,Harvey,"The classic stage hit gets the Hollywood treatment in the story of Elwood P. Dowd who makes friends with a spirit taking the form of a human-sized rabbit named Harvey that only he sees (and a few privileged others on occasion also.) After his sister tries to commit him to a mental institution, a comedy of errors ensues. Elwood and Harvey become the catalysts for a family mending its wounds and for romance blossoming in unexpected places.",5.306185,/1w1rphQjNFIkGw0mxsBxe2N924C.jpg,"[{'name': 'Universal International Pictures (UI)', 'id': 10330}]","[{'iso_3166_1': 'US', 'name': 'United States of America'}]",1950-10-13,0.0,104.0,"[{'iso_639_1': 'en', 'name': 'English'}]",Released,The Wonderful Pulitzer Prize Play... becomes one of the Great Motion Pictures of our Time!,Harvey,False,7.7,159.0
False,,133000,"[{'id': 18, 'name': 'Drama'}]",,5156,tt0040522,it,Ladri di biciclette,"Antonio, an unemployed man in the depressed post-WWII economy of Italy, at last finds a good job hanging up posters, the only requirement for which is that he must have his own bicycle. When Antonio's bicycle is stolen, he and his son are forced to walk the streets of Rome in search of it, or else face ruin.",13.233136,/8ipMMbjgAA9M4wpoPc9yxFEiIeA.jpg,"[{'name': 'Produzioni De Sica', 'id': 1875}]","[{'iso_3166_1': 'IT', 'name': 'Italy'}]",1948-11-24,361712.0,93.0,"[{'iso_639_1': 'it', 'name': 'Italiano'}]",Released,A man and his son search for a stolen bicycle vital for his job.,Bicycle Thieves,False,8.0,404.0
False,,4000000,"[{'id': 18, 'name': 'Drama'}]",,24276,tt0093509,en,Matewan,"Filmed in the coal country of West Virginia, ""Matewan"" celebrates labor organizing in the context of a 1920s work stoppage. Union organizer, Joe Kenehan, a scab named ""Few Clothes"" Johnson and a sympathetic mayor and police chief heroically fight the power represented by a coal company and Matewan's vested interests so that justice and workers' rights need not take a back seat to squalid working conditions, exploitation and the bottom line.",3.350126,/kFFYseXqiKrAqs4JJyqlayO6hHS.jpg,[],"[{'iso_3166_1': 'US', 'name': 'United States of America'}]",1987-08-28,1680358.0,132.0,"[{'iso_639_1': 'en', 'name': 'English'}, {'iso_639_1': 'it', 'name': 'Italiano'}]",Released,It takes more than guns to kill a man.,Matewan,False,7.2,33.0
False,,0,"[{'id': 28, 'name': 'Action'}, {'id': 18, 'name': 'Drama'}, {'id': 36, 'name': 'History'}, {'id': 10752, 'name': 'War'}]",,11953,tt0080979,ja,影武者,"When a warlord dies, a peasant thief is called upon to impersonate him, in order to protect his clan from appearing weak and vulnerable. But he finds himself haunted by the warlord’s spirit as well as his own ambitions.",6.206807,/5ZfxTO5IWuefPrUALF0GFKql4O0.jpg,"[{'name': 'Toho Company', 'id': 882}]","[{'iso_3166_1': 'JP', 'name': 'Japan'}]",1980-04-26,0.0,180.0,"[{'iso_639_1': 'ja', 'name': '日本語'}]",Released,,Kagemusha,False,7.7,135.0
False,,0,"[{'id': 36, 'name': 'History'}, {'id': 18, 'name': 'Drama'}, {'id': 28, 'name': 'Action'}]",,44662,tt0055850,ja,忠臣蔵 花の巻・雪の巻,"The story tells of a group of samurai who were left leaderless (becoming ronin) after their daimyo (feudal lord) was forced to commit seppuku (ritual suicide) for assaulting a court official named Kira Yoshinaka, whose title was Kōzuke no suke. The ronin avenged their master's honor after patiently waiting and planning for over a year to kill Kira. In turn, the ronin were themselves forced to commit seppuku for committing the crime of murder.",5.127806,/xbpdmOswgTMeHSnHLohjO7D78aY.jpg,"[{'name': 'Toho Company', 'id': 882}]","[{'iso_3166_1': 'JP', 'name': 'Japan'}]",1962-11-03,0.0,207.0,"[{'iso_639_1': 'ja', 'name': '日本語'}]",Released,,47 Samurai,False,7.1,20.0
False,,0,"[{'id': 37, 'name': 'Western'}]",,29005,tt0067411,en,McCabe & Mrs. Miller,"A gambler and a prostitute become business partners in a remote Old West mining town, and their enterprise thrives until a large corporation arrives on the scene.",5.442081,/buuKUShkNWfF5clxVE2pGCBFu81.jpg,"[{'name': 'Warner Bros.', 'id': 6194}]","[{'iso_3166_1': 'US', 'name': 'United States of America'}]",1971-06-24,0.0,120.0,"[{'iso_639_1': 'en', 'name': 'English'}]",Released,Name your poison,McCabe & Mrs. Miller,False,7.3,82.0
False,,0,"[{'id': 18, 'name': 'Drama'}, {'id': 10749, 'name': 'Romance'}]",,26371,tt0093512,en,Maurice,"After his lover rejects him, a young man trapped by the oppressiveness of Edwardian society tries to come to terms with and accept his sexuality.",5.778465,/4MI2y8XViPrDiKs1p0QC4bTeZzf.jpg,"[{'name': 'Merchant Ivory Productions', 'id': 2370}, {'name': 'Film Four International', 'id': 9210}]","[{'iso_3166_1': 'GB', 'name': 'United Kingdom'}]",1987-09-18,0.0,134.0,"[{'iso_639_1': 'en', 'name': 'English'}]",Released,,Maurice,False,7.1,62.0
False,,750000,"[{'id': 18, 'name': 'Drama'}]",,596,tt0032551,en,The Grapes of Wrath,"Tom Joad returns to his home after a jail sentence to find his family kicked out of their farm due to foreclosure. He catches up with them on his Uncles farm, and joins them the next day as they head for California and a new life... Hopefully.",9.668636,/mIk2ferK0lPgTaiAfoI5KvHmUCz.jpg,"[{'name': 'Twentieth Century Fox Film Corporation', 'id': 306}]","[{'iso_3166_1': 'US', 'name': 'United States of America'}]",1940-03-15,0.0,129.0,"[{'iso_639_1': 'en', 'name': 'English'}]",Released,The most discussed book in years - now comes to the screen to become the most discussed picture in ages,The Grapes of Wrath,False,7.8,211.0
False,,0,"[{'id': 35, 'name': 'Comedy'}]",,52470,tt0050738,en,My Man Godfrey,"The eccentric Bullock household again need a new butler. Daughter Irene encounters bedraggled Godfrey Godfrey at the docks and, fancying him and noticing his obviously good manners, gets him the job. He proves a great success, but keeps his past to himself. When an old flame turns up Irene's sister Cordelia starts making waves.",0.193758,/auMQpGFm3ZFmUW6NB7MfiKmQ7vf.jpg,"[{'name': 'Universal Pictures', 'id': 33}]","[{'iso_3166_1': 'US', 'name': 'United States of America'}]",1957-10-11,0.0,92.0,"[{'iso_639_1': 'en', 'name': 'English'}]",Released,She wanted her breakfast in bed - but not alone.,My Man Godfrey,False,6.4,4.0
False,,0,"[{'id': 35, 'name': 'Comedy'}, {'id': 10749, 'name': 'Romance'}]",,20334,tt0033045,en,The Shop Around the Corner,"Two employees at a gift shop can barely stand one another, without realising that they are falling in love through the post as each other's anonymous pen pal.",7.144236,/avHj8x3T21dYIGrnx55I57PxdEo.jpg,"[{'name': ""Loew's"", 'id': 1460}, {'name': 'Metro-Goldwyn-Mayer (MGM)', 'id': 8411}]","[{'iso_3166_1': 'US', 'name': 'United States of America'}]",1940-01-11,0.0,99.0,"[{'iso_639_1': 'en', 'name': 'English'}]",Released,"Quiet, Unassuming, Perfect",The Shop Around the Corner,False,7.9,107.0
False,,28000000,"[{'id': 18, 'name': 'Drama'}]",,11393,tt0087781,en,The Natural,"An unknown middle-aged batter named Roy Hobbs with a mysterious past appears out of nowhere to take a losing 1930s baseball team to the top of the league in this magical sports fantasy. With the aid of a bat cut from a lightning struck tree, Hobbs lives the fame he should have had earlier when, as a rising pitcher, he is inexplicably shot by a young woman.",12.319855,/f1iPiQoYbQ40XsJHPyMIiBmSrDB.jpg,"[{'name': 'TriStar Pictures', 'id': 559}]","[{'iso_3166_1': 'US', 'name': 'United States of America'}]",1984-05-11,47951979.0,137.0,"[{'iso_639_1': 'en', 'name': 'English'}]",Released,He lived for a dream that wouldn't die.,The Natural,False,7.0,162.0
False,,0,"[{'id': 35, 'name': 'Comedy'}, {'id': 18, 'name': 'Drama'}, {'id': 10749, 'name': 'Romance'}]",,31121,tt0073692,en,Shampoo,"George Roundy is a Beverly Hills hairstylist whose uncontrolled libido stands between him and his ambitions. He wants the security of a relationship. He wants to be a hairdressing ""star"" and open his own salon. But the fact that he beds down with the wife, daughter and mistress of a potential backer doesn't help. It also does little for his relationship with his current girlfriend.",3.796195,/6jmFvXPV6OhtX3AkAVnH7rwdeUJ.jpg,"[{'name': 'Columbia Pictures', 'id': 5}]","[{'iso_3166_1': 'US', 'name': 'United States of America'}]",1975-03-13,0.0,109.0,"[{'iso_639_1': 'en', 'name': 'English'}]",Released,,Shampoo,False,6.3,41.0
False,,0,"[{'id': 18, 'name': 'Drama'}]",,293,tt0105265,en,A River Runs Through It,"A River Runs Through is a cinematographically stunning true story of Norman Maclean. The story follows Norman and his brother Paul through the experiences of life and growing up, and how their love of fly fishing keeps them together despite varying life circumstances in the untamed west of Montana in the 1920's.",12.583826,/xX4H1hZG9IgSRkC0LANbPQ0StJi.jpg,"[{'name': 'Columbia Pictures', 'id': 5}]","[{'iso_3166_1': 'US', 'name': 'United States of America'}]",1992-10-09,43440294.0,123.0,"[{'iso_639_1': 'en', 'name': 'English'}]",Released,The Story of an American Family.,A River Runs Through It,False,7.0,241.0
False,,14000000,"[{'id': 10749, 'name': 'Romance'}, {'id': 18, 'name': 'Drama'}, {'id': 53, 'name': 'Thriller'}, {'id': 27, 'name': 'Horror'}, {'id': 9648, 'name': 'Mystery'}]",,10998,tt0093010,en,Fatal Attraction,A married man's one night stand comes back to haunt him when that lover begins to stalk him and his family.,14.260779,/qHditPFIFCbXJKGLTPzvIagg6XD.jpg,"[{'name': 'Paramount Pictures', 'id': 4}]","[{'iso_3166_1': 'US', 'name': 'United States of America'}]",1987-09-11,320145693.0,119.0,"[{'iso_639_1': 'en', 'name': 'English'}]",Released,A look that led to an evening. A mistake he'll regret...FOR THE REST OF HIS LIFE.,Fatal Attraction,False,6.6,305.0
False,,15000000,"[{'id': 9648, 'name': 'Mystery'}, {'id': 53, 'name': 'Thriller'}]",,12235,tt0089360,en,Jagged Edge,"San Francisco heiress Page Forrester is brutally murdered in her remote beach house. Her husband Jack is devastated by the crime but soon finds himself accused of her murder. He hires lawyer Teddy Barnes to defend him, despite the fact she hasn't handled a criminal case for many years. There's a certain chemistry between them and Teddy soon finds herself defending the man she loves.",3.892311,/imgKjDQfYbIxuuvNtqoENiCURDU.jpg,"[{'name': 'Columbia Pictures', 'id': 5}, {'name': 'Delphi IV Productions', 'id': 7401}]","[{'iso_3166_1': 'US', 'name': 'United States of America'}]",1985-10-04,0.0,108.0,"[{'iso_639_1': 'en', 'name': 'English'}]",Released,"When a murder case is this shocking, which do you trust... your emotions or the evidence?",Jagged Edge,False,6.5,63.0
False,,23000000,"[{'id': 18, 'name': 'Drama'}, {'id': 10749, 'name': 'Romance'}]",,36094,tt0100680,en,Stanley & Iris,"An illiterate cook at a company cafeteria tries for the attention of a newly widowed woman. As they get to know one another, she discovers his inability to read. When he is fired, she takes on trying to teach him to read in her kitchen each night.",1.914881,/AugbguhFPQ2aHDKMyBecaJiQLWy.jpg,"[{'name': 'Star Partners II Ltd.', 'id': 206}, {'name': 'Metro-Goldwyn-Mayer (MGM)', 'id': 8411}]","[{'iso_3166_1': 'US', 'name': 'United States of America'}]",1990-02-09,5820015.0,104.0,"[{'iso_639_1': 'en', 'name': 'English'}]",Released,Some people need love spelled out for them.,Stanley & Iris,False,5.7,26.0
False,,30000000,"[{'id': 12, 'name': 'Adventure'}, {'id': 35, 'name': 'Comedy'}, {'id': 80, 'name': 'Crime'}]",,9013,tt0095631,en,Midnight Run,"An accountant embezzles $15 million of mob money, jumps bail and is chased by bounty hunters, the FBI, and the Mafia.",5.564321,/pVUfLM9z2H2rxB4Til8YvjUjnp.jpg,"[{'name': 'Universal Pictures', 'id': 33}, {'name': 'City Light Films', 'id': 136}]","[{'iso_3166_1': 'US', 'name': 'United States of America'}]",1988-07-20,38413606.0,126.0,"[{'iso_639_1': 'cs', 'name': 'Český'}, {'iso_639_1': 'en', 'name': 'English'}]",Released,This could be the beginning of a beautiful friendship.,Midnight Run,False,7.2,241.0
False,,0,"[{'id': 18, 'name': 'Drama'}]",,11005,tt0099077,en,Awakenings,"Dr. Malcolm Sayer, a shy research physician, uses an experimental drug to ""awaken"" the catatonic victims of a rare disease. Leonard is the first patient to receive the controversial treatment. His awakening, filled with awe and enthusiasm, proves a rebirth for Sayer too, as the exuberant patient reveals life's simple but unutterably sweet pleasures to the introverted doctor.",13.201595,/6vkJhhd9h9QxMGHYQjVY1fY5XSI.jpg,"[{'name': 'Parkes/Lasker productions', 'id': 67713}]","[{'iso_3166_1': 'US', 'name': 'United States of America'}]",1990-12-19,52096475.0,120.0,"[{'iso_639_1': 'en', 'name': 'English'}]",Released,There is no such thing as a simple miracle.,Awakenings,False,7.6,568.0
False,,0,"[{'id': 18, 'name': 'Drama'}, {'id': 10749, 'name': 'Romance'}, {'id': 36, 'name': 'History'}]",,59820,tt0099291,en,Come See the Paradise,"Come See The Paradise is a deeply touching love story set against the backdrop of a dramatic and controversial period in American history, It follows the romance and eventual marriage of Jack McGurn (Dennis Quad), a hot blooded Irish American, and a beautiful Japanese American Lily Dawanura (Tamlyn Tomita), at the outset of World War II. The clash of cultures, at once painful for the two lovers, becomes insurmountable after the Japanese bomb Pearl Harbor. Lily and the Kawamuras are relocated To a bleak, outdoor internment camp in California, Jack is drafted into the Army, powerless to help the woman he loves abandoning all hope of ever winning her family's approval.",6.408322,/xuZQbo67enGmL3CbyrUAorTjAVu.jpg,"[{'name': 'Twentieth Century Fox Film Corporation', 'id': 306}]","[{'iso_3166_1': 'US', 'name': 'United States of America'}]",1990-08-17,0.0,133.0,"[{'iso_639_1': 'en', 'name': 'English'}, {'iso_639_1': 'fr', 'name': 'Français'}]",Released,,Come See the Paradise,False,6.1,14.0
False,,75000000,"[{'id': 28, 'name': 'Action'}, {'id': 80, 'name': 'Crime'}, {'id': 18, 'name': 'Drama'}, {'id': 9648, 'name': 'Mystery'}, {'id': 53, 'name': 'Thriller'}]",,2924,tt0101393,en,Backdraft,They say a blast of flames can take a life ... and hide a secret. But now firemen brothers Brian and Stephen McCaffrey are battling each other over past slights while trying to stop an arsonist with a diabolical agenda from torching Chicago.,9.883727,/3E2puQrspfkGC6XuxGdB9ghXPtY.jpg,"[{'name': 'Universal Pictures', 'id': 33}, {'name': 'Trilogy Entertainment Group', 'id': 2231}, {'name': 'Imagine Films Entertainment', 'id': 11262}]","[{'iso_3166_1': 'US', 'name': 'United States of America'}]",1991-05-24,152368585.0,137.0,"[{'iso_639_1': 'en', 'name': 'English'}]",Released,"Silently behind a door, it waits.",Backdraft,False,6.4,360.0
False,,24000000,"[{'id': 35, 'name': 'Comedy'}, {'id': 18, 'name': 'Drama'}]",,177,tt0101889,en,The Fisher King,Two troubled men face their terrible destinies and events of their past as they join together on a mission to find the Holy Grail and thus to save themselves.,11.184385,/x93W5WrOOr3PCia1cANnWmAtUwQ.jpg,"[{'name': 'TriStar Pictures', 'id': 559}]","[{'iso_3166_1': 'US', 'name': 'United States of America'}]",1991-09-09,41895491.0,137.0,"[{'iso_639_1': 'en', 'name': 'English'}]",Released,"A Modern Day Tale About The Search For Love, Sanity, Ethel Merman And The Holy Grail.",The Fisher King,False,7.2,346.0
False,,18000000,"[{'id': 18, 'name': 'Drama'}]",,38557,tt0088007,en,The River,"Farming family battles severe storms, a bank threatening to reposses their farm, and other hard times in a battle to save and hold on to their farm.",6.303384,/gbj6gZi7lAtXpJiUsPSAL4rfgmC.jpg,"[{'name': 'Universal Pictures', 'id': 33}]","[{'iso_3166_1': 'US', 'name': 'United States of America'}]",1984-12-01,11500000.0,122.0,"[{'iso_639_1': 'en', 'name': 'English'}]",Released,He might be able to hold back the river. But could he hold back the greed of man?,The River,False,6.5,21.0
False,,0,"[{'id': 18, 'name': 'Drama'}]",,42087,tt0087091,en,Country,"Gilbert Ivy and his wife Jewell are farmers. They seem to be working against the odds, producing no financial surplus. Gilbert has lost hope of ever becoming prosperous, but his wife decides to fight for her family.",0.84372,/1x0ZMJOadDz18Y9RcJZPe39deT3.jpg,"[{'name': 'Touchstone Pictures', 'id': 9195}]","[{'iso_3166_1': 'US', 'name': 'United States of America'}]",1984-09-29,0.0,105.0,"[{'iso_639_1': 'en', 'name': 'English'}]",Released,,Country,False,6.3,6.0
False,,0,"[{'id': 18, 'name': 'Drama'}, {'id': 10751, 'name': 'Family'}]",,13681,tt0087921,en,Places in the Heart,"In 1930s Southern US, a widow and her family try to run their cotton farm with the help of a disparate group of friends.",3.712567,/nlTs2BfNGf6EEqpqC76M0fgTsDQ.jpg,"[{'name': 'TriStar Pictures', 'id': 559}, {'name': 'Delphi II Productions', 'id': 7585}]","[{'iso_3166_1': 'US', 'name': 'United States of America'}]",1984-09-11,0.0,111.0,"[{'iso_639_1': 'en', 'name': 'English'}]",Released,"The story of a woman fighting for her children, for her land, for the greatest dream there is...the future.",Places in the Heart,False,7.1,31.0
False,,0,"[{'id': 18, 'name': 'Drama'}]",,34760,tt0090556,en,"'night, Mother","It happened in 1983. It was a rare and remarkable theatrical experience. Controversial. Provocative. And shocking. Now, two Academy Award-winning actresses make the Pulitzer Prize-winning play the motion picture event of the year. What would you do if someone you loved sat down with you one night and calmly told you that they were going to end their life before morning?",0.798428,/8bpgDDGx9RK6dDBBEcBETlVPtMM.jpg,[],"[{'iso_3166_1': 'US', 'name': 'United States of America'}]",1986-09-12,442000.0,96.0,"[{'iso_639_1': 'en', 'name': 'English'}]",Released,,"'night, Mother",False,5.8,6.0
False,,100000000,"[{'id': 28, 'name': 'Action'}, {'id': 14, 'name': 'Fantasy'}, {'id': 27, 'name': 'Horror'}, {'id': 9648, 'name': 'Mystery'}]",http://www.end-of-days.com/,9946,tt0146675,en,End of Days,"On December 28th, 1999, the citizens of New York City are getting ready for the turn of the millennium. However, the Devil decides to crash the party by coming to the city, inhabiting a man's body, and searching for his chosen bride, a 20-year-old woman named Christine York. The world will end, and the only hope lies within an atheist called Jericho Cane.",9.62371,/bEIjH6GroeWaBkn6o7MVpMNbuyw.jpg,"[{'name': 'Beacon Communications', 'id': 919}]","[{'iso_3166_1': 'US', 'name': 'United States of America'}]",1999-11-24,211989043.0,121.0,"[{'iso_639_1': 'en', 'name': 'English'}, {'iso_639_1': 'it', 'name': 'Italiano'}, {'iso_639_1': 'la', 'name': 'Latin'}]",Released,Prepare for the end.,End of Days,False,5.5,488.0
False,"{'id': 10194, 'name': 'Toy Story Collection', 'poster_path': '/7G9915LfUQ2lVfwMEEhDsn3kT4B.jpg', 'backdrop_path': '/9FBwqcd9IRruEDUrTdcaafOMKUq.jpg'}",90000000,"[{'id': 16, 'name': 'Animation'}, {'id': 35, 'name': 'Comedy'}, {'id': 10751, 'name': 'Family'}]",http://toystory.disney.com/toy-story-2,863,tt0120363,en,Toy Story 2,"Andy heads off to Cowboy Camp, leaving his toys to their own devices. Things shift into high gear when an obsessive toy collector named Al McWhiggen, owner of Al's Toy Barn kidnaps Woody. Andy's toys mount a daring rescue mission, Buzz Lightyear meets his match and Woody has to decide where he and his heart truly belong.",17.547693,/3CmK3XurcLeUyMifCR28ibzupbB.jpg,"[{'name': 'Pixar Animation Studios', 'id': 3}]","[{'iso_3166_1': 'US', 'name': 'United States of America'}]",1999-10-30,497366869.0,92.0,"[{'iso_639_1': 'en', 'name': 'English'}]",Released,The toys are back!,Toy Story 2,False,7.3,3914.0
False,,0,"[{'id': 35, 'name': 'Comedy'}, {'id': 18, 'name': 'Drama'}]",,31582,tt0155711,en,Flawless,An ultraconservative police officer suffers a debilitating stroke and is assigned to a rehabilitative program that includes singing lessons - with the drag queen next door.,8.608461,/eXPBduJ3PivR60dJ5BYd2gcyAud.jpg,"[{'name': 'Metro-Goldwyn-Mayer (MGM)', 'id': 8411}]","[{'iso_3166_1': 'US', 'name': 'United States of America'}]",1999-11-26,4488529.0,112.0,"[{'iso_639_1': 'en', 'name': 'English'}]",Released,,Flawless,False,5.9,56.0
False,,0,"[{'id': 18, 'name': 'Drama'}]",,125520,tt0189744,en,Miss Julie,A footman seduces a count's daughter. Adaptation of August Strindberg's famous play.,0.994953,/fG5KHpVXCBgnTPRGFGAgcWy4nWC.jpg,"[{'name': 'Moonstone Entertainment', 'id': 22289}, {'name': 'Red Mullet Productions', 'id': 24827}]","[{'iso_3166_1': 'GB', 'name': 'United Kingdom'}, {'iso_3166_1': 'US', 'name': 'United States of America'}]",1999-09-12,0.0,103.0,"[{'iso_639_1': 'en', 'name': 'English'}]",Released,Worlds apart... bound by desire.,Miss Julie,False,6.3,3.0
